ISO-10303-21;
HEADER;
FILE_DESCRIPTION(('FreeCAD Model'),'2;1');
FILE_NAME('Open CASCADE Shape Model','2026-03-19T10:18:50',(''),(''),
  'Open CASCADE STEP processor 7.7','FreeCAD','Unknown');
FILE_SCHEMA(('AUTOMOTIVE_DESIGN { 1 0 10303 214 1 1 1 1 }'));
ENDSEC;
DATA;
#1 = APPLICATION_PROTOCOL_DEFINITION('international standard',
  'automotive_design',2000,#2);
#2 = APPLICATION_CONTEXT(
  'core data for automotive mechanical design processes');
#3 = SHAPE_DEFINITION_REPRESENTATION(#4,#10);
#4 = PRODUCT_DEFINITION_SHAPE('','',#5);
#5 = PRODUCT_DEFINITION('design','',#6,#9);
#6 = PRODUCT_DEFINITION_FORMATION('','',#7);
#7 = PRODUCT('Enclosure','Enclosure','',(#8));
#8 = PRODUCT_CONTEXT('',#2,'mechanical');
#9 = PRODUCT_DEFINITION_CONTEXT('part definition',#2,'design');
#10 = SHAPE_REPRESENTATION('',(#11,#15,#19,#23,#27,#31,#35,#39,#43,#47),
  #51);
#11 = AXIS2_PLACEMENT_3D('',#12,#13,#14);
#12 = CARTESIAN_POINT('',(0.,0.,0.));
#13 = DIRECTION('',(0.,0.,1.));
#14 = DIRECTION('',(1.,0.,-0.));
#15 = AXIS2_PLACEMENT_3D('',#16,#17,#18);
#16 = CARTESIAN_POINT('',(2.3918376892E-06,1.E-05,139.00002999999));
#17 = DIRECTION('',(-1.745329248789E-07,0.,-1.));
#18 = DIRECTION('',(-1.,0.,1.745329248789E-07));
#19 = AXIS2_PLACEMENT_3D('',#20,#21,#22);
#20 = CARTESIAN_POINT('',(0.,-1.E-05,54.8001));
#21 = DIRECTION('',(0.,0.,1.));
#22 = DIRECTION('',(1.,0.,0.));
#23 = AXIS2_PLACEMENT_3D('',#24,#25,#26);
#24 = CARTESIAN_POINT('',(0.,-1.E-05,130.00009));
#25 = DIRECTION('',(0.,0.,1.));
#26 = DIRECTION('',(1.,0.,0.));
#27 = AXIS2_PLACEMENT_3D('',#28,#29,#30);
#28 = CARTESIAN_POINT('',(0.,-5.7220458984E-06,36.00006));
#29 = DIRECTION('',(0.,0.,1.));
#30 = DIRECTION('',(1.,0.,0.));
#31 = AXIS2_PLACEMENT_3D('',#32,#33,#34);
#32 = CARTESIAN_POINT('',(0.,0.,76.99998));
#33 = DIRECTION('',(0.,0.,1.));
#34 = DIRECTION('',(1.,0.,0.));
#35 = AXIS2_PLACEMENT_3D('',#36,#37,#38);
#36 = CARTESIAN_POINT('',(0.,1.E-05,68.2));
#37 = DIRECTION('',(0.,0.,1.));
#38 = DIRECTION('',(1.,0.,0.));
#39 = AXIS2_PLACEMENT_3D('',#40,#41,#42);
#40 = CARTESIAN_POINT('',(0.,1.E-05,110.79999));
#41 = DIRECTION('',(0.,0.,1.));
#42 = DIRECTION('',(1.,0.,0.));
#43 = AXIS2_PLACEMENT_3D('',#44,#45,#46);
#44 = CARTESIAN_POINT('',(0.,1.E-05,76.39999));
#45 = DIRECTION('',(0.,0.,1.));
#46 = DIRECTION('',(1.,0.,0.));
#47 = AXIS2_PLACEMENT_3D('',#48,#49,#50);
#48 = CARTESIAN_POINT('',(0.,0.,-1.4));
#49 = DIRECTION('',(0.,0.,1.));
#50 = DIRECTION('',(1.,0.,0.));
#51 = ( GEOMETRIC_REPRESENTATION_CONTEXT(3) 
GLOBAL_UNCERTAINTY_ASSIGNED_CONTEXT((#55)) GLOBAL_UNIT_ASSIGNED_CONTEXT(
(#52,#53,#54)) REPRESENTATION_CONTEXT('Context #1',
  '3D Context with UNIT and UNCERTAINTY') );
#52 = ( LENGTH_UNIT() NAMED_UNIT(*) SI_UNIT(.MILLI.,.METRE.) );
#53 = ( NAMED_UNIT(*) PLANE_ANGLE_UNIT() SI_UNIT($,.RADIAN.) );
#54 = ( NAMED_UNIT(*) SI_UNIT($,.STERADIAN.) SOLID_ANGLE_UNIT() );
#55 = UNCERTAINTY_MEASURE_WITH_UNIT(LENGTH_MEASURE(1.E-06),#52,
  'distance_accuracy_value','confusion accuracy');
#56 = PRODUCT_RELATED_PRODUCT_CATEGORY('part',$,(#7));
#57 = SHAPE_DEFINITION_REPRESENTATION(#58,#64);
#58 = PRODUCT_DEFINITION_SHAPE('','',#59);
#59 = PRODUCT_DEFINITION('design','',#60,#63);
#60 = PRODUCT_DEFINITION_FORMATION('','',#61);
#61 = PRODUCT('EndCap_Top','EndCap_Top','',(#62));
#62 = PRODUCT_CONTEXT('',#2,'mechanical');
#63 = PRODUCT_DEFINITION_CONTEXT('part definition',#2,'design');
#64 = ADVANCED_BREP_SHAPE_REPRESENTATION('',(#11,#65),#1002);
#65 = MANIFOLD_SOLID_BREP('',#66);
#66 = CLOSED_SHELL('',(#67,#100,#126,#146,#313,#338,#370,#395,#420,#438,
    #463,#495,#520,#545,#563,#588,#613,#638,#670,#695,#720,#738,#758,
    #837,#857,#877,#897,#917,#934,#951,#968,#985));
#67 = ADVANCED_FACE('',(#68),#95,.T.);
#68 = FACE_BOUND('',#69,.F.);
#69 = EDGE_LOOP('',(#70,#80,#87,#88));
#70 = ORIENTED_EDGE('',*,*,#71,.T.);
#71 = EDGE_CURVE('',#72,#74,#76,.T.);
#72 = VERTEX_POINT('',#73);
#73 = CARTESIAN_POINT('',(11.,0.,1.2));
#74 = VERTEX_POINT('',#75);
#75 = CARTESIAN_POINT('',(11.,0.,8.5));
#76 = LINE('',#77,#78);
#77 = CARTESIAN_POINT('',(11.,0.,0.));
#78 = VECTOR('',#79,1.);
#79 = DIRECTION('',(0.,0.,1.));
#80 = ORIENTED_EDGE('',*,*,#81,.T.);
#81 = EDGE_CURVE('',#74,#74,#82,.T.);
#82 = CIRCLE('',#83,11.);
#83 = AXIS2_PLACEMENT_3D('',#84,#85,#86);
#84 = CARTESIAN_POINT('',(0.,0.,8.5));
#85 = DIRECTION('',(0.,0.,1.));
#86 = DIRECTION('',(1.,0.,0.));
#87 = ORIENTED_EDGE('',*,*,#71,.F.);
#88 = ORIENTED_EDGE('',*,*,#89,.F.);
#89 = EDGE_CURVE('',#72,#72,#90,.T.);
#90 = CIRCLE('',#91,11.);
#91 = AXIS2_PLACEMENT_3D('',#92,#93,#94);
#92 = CARTESIAN_POINT('',(0.,0.,1.2));
#93 = DIRECTION('',(0.,0.,1.));
#94 = DIRECTION('',(1.,0.,0.));
#95 = CYLINDRICAL_SURFACE('',#96,11.);
#96 = AXIS2_PLACEMENT_3D('',#97,#98,#99);
#97 = CARTESIAN_POINT('',(0.,0.,0.));
#98 = DIRECTION('',(-0.,-0.,-1.));
#99 = DIRECTION('',(1.,0.,0.));
#100 = ADVANCED_FACE('',(#101),#121,.T.);
#101 = FACE_BOUND('',#102,.F.);
#102 = EDGE_LOOP('',(#103,#112,#113,#114));
#103 = ORIENTED_EDGE('',*,*,#104,.F.);
#104 = EDGE_CURVE('',#72,#105,#107,.T.);
#105 = VERTEX_POINT('',#106);
#106 = CARTESIAN_POINT('',(9.8,0.,0.));
#107 = CIRCLE('',#108,1.2);
#108 = AXIS2_PLACEMENT_3D('',#109,#110,#111);
#109 = CARTESIAN_POINT('',(9.8,0.,1.2));
#110 = DIRECTION('',(-0.,1.,0.));
#111 = DIRECTION('',(1.,0.,0.));
#112 = ORIENTED_EDGE('',*,*,#89,.F.);
#113 = ORIENTED_EDGE('',*,*,#104,.T.);
#114 = ORIENTED_EDGE('',*,*,#115,.T.);
#115 = EDGE_CURVE('',#105,#105,#116,.T.);
#116 = CIRCLE('',#117,9.8);
#117 = AXIS2_PLACEMENT_3D('',#118,#119,#120);
#118 = CARTESIAN_POINT('',(0.,0.,0.));
#119 = DIRECTION('',(0.,0.,1.));
#120 = DIRECTION('',(1.,0.,0.));
#121 = TOROIDAL_SURFACE('',#122,9.8,1.2);
#122 = AXIS2_PLACEMENT_3D('',#123,#124,#125);
#123 = CARTESIAN_POINT('',(0.,0.,1.2));
#124 = DIRECTION('',(-0.,-0.,-1.));
#125 = DIRECTION('',(1.,0.,0.));
#126 = ADVANCED_FACE('',(#127,#130),#141,.T.);
#127 = FACE_BOUND('',#128,.T.);
#128 = EDGE_LOOP('',(#129));
#129 = ORIENTED_EDGE('',*,*,#81,.T.);
#130 = FACE_BOUND('',#131,.T.);
#131 = EDGE_LOOP('',(#132));
#132 = ORIENTED_EDGE('',*,*,#133,.F.);
#133 = EDGE_CURVE('',#134,#134,#136,.T.);
#134 = VERTEX_POINT('',#135);
#135 = CARTESIAN_POINT('',(9.85,0.,8.5));
#136 = CIRCLE('',#137,9.85);
#137 = AXIS2_PLACEMENT_3D('',#138,#139,#140);
#138 = CARTESIAN_POINT('',(0.,0.,8.5));
#139 = DIRECTION('',(0.,0.,1.));
#140 = DIRECTION('',(1.,0.,0.));
#141 = PLANE('',#142);
#142 = AXIS2_PLACEMENT_3D('',#143,#144,#145);
#143 = CARTESIAN_POINT('',(-7.5E-16,-4.5E-16,8.5));
#144 = DIRECTION('',(0.,0.,1.));
#145 = DIRECTION('',(1.,0.,0.));
#146 = ADVANCED_FACE('',(#147,#150,#188,#199,#237,#248,#259,#270),#308,
  .F.);
#147 = FACE_BOUND('',#148,.F.);
#148 = EDGE_LOOP('',(#149));
#149 = ORIENTED_EDGE('',*,*,#115,.T.);
#150 = FACE_BOUND('',#151,.F.);
#151 = EDGE_LOOP('',(#152,#163,#172,#181));
#152 = ORIENTED_EDGE('',*,*,#153,.F.);
#153 = EDGE_CURVE('',#154,#156,#158,.T.);
#154 = VERTEX_POINT('',#155);
#155 = CARTESIAN_POINT('',(-3.535331853276,-4.213244437154,0.));
#156 = VERTEX_POINT('',#157);
#157 = CARTESIAN_POINT('',(-5.416442641567,-0.955064977168,0.));
#158 = CIRCLE('',#159,5.5);
#159 = AXIS2_PLACEMENT_3D('',#160,#161,#162);
#160 = CARTESIAN_POINT('',(-3.E-16,2.E-16,0.));
#161 = DIRECTION('',(0.,0.,-1.));
#162 = DIRECTION('',(1.,0.,0.));
#163 = ORIENTED_EDGE('',*,*,#164,.T.);
#164 = EDGE_CURVE('',#154,#165,#167,.T.);
#165 = VERTEX_POINT('',#166);
#166 = CARTESIAN_POINT('',(-5.078022116524,-6.05175110064,0.));
#167 = CIRCLE('',#168,1.2);
#168 = AXIS2_PLACEMENT_3D('',#169,#170,#171);
#169 = CARTESIAN_POINT('',(-4.3066769849,-5.132497768897,0.));
#170 = DIRECTION('',(0.,0.,-1.));
#171 = DIRECTION('',(1.,0.,0.));
#172 = ORIENTED_EDGE('',*,*,#173,.T.);
#173 = EDGE_CURVE('',#165,#174,#176,.T.);
#174 = VERTEX_POINT('',#175);
#175 = CARTESIAN_POINT('',(-7.779981248796,-1.371820603569,0.));
#176 = CIRCLE('',#177,7.9);
#177 = AXIS2_PLACEMENT_3D('',#178,#179,#180);
#178 = CARTESIAN_POINT('',(4.E-16,2.E-16,0.));
#179 = DIRECTION('',(0.,0.,-1.));
#180 = DIRECTION('',(1.,0.,0.));
#181 = ORIENTED_EDGE('',*,*,#182,.T.);
#182 = EDGE_CURVE('',#174,#156,#183,.T.);
#183 = CIRCLE('',#184,1.2);
#184 = AXIS2_PLACEMENT_3D('',#185,#186,#187);
#185 = CARTESIAN_POINT('',(-6.598211945182,-1.163442790368,0.));
#186 = DIRECTION('',(0.,0.,-1.));
#187 = DIRECTION('',(1.,0.,0.));
#188 = FACE_BOUND('',#189,.F.);
#189 = EDGE_LOOP('',(#190));
#190 = ORIENTED_EDGE('',*,*,#191,.T.);
#191 = EDGE_CURVE('',#192,#192,#194,.T.);
#192 = VERTEX_POINT('',#193);
#193 = CARTESIAN_POINT('',(1.95,-6.8,0.));
#194 = CIRCLE('',#195,1.95);
#195 = AXIS2_PLACEMENT_3D('',#196,#197,#198);
#196 = CARTESIAN_POINT('',(0.,-6.8,0.));
#197 = DIRECTION('',(0.,0.,-1.));
#198 = DIRECTION('',(1.,0.,0.));
#199 = FACE_BOUND('',#200,.F.);
#200 = EDGE_LOOP('',(#201,#212,#221,#230));
#201 = ORIENTED_EDGE('',*,*,#202,.F.);
#202 = EDGE_CURVE('',#203,#205,#207,.T.);
#203 = VERTEX_POINT('',#204);
#204 = CARTESIAN_POINT('',(5.416442641567,-0.955064977168,0.));
#205 = VERTEX_POINT('',#206);
#206 = CARTESIAN_POINT('',(3.535331853276,-4.213244437154,0.));
#207 = CIRCLE('',#208,5.5);
#208 = AXIS2_PLACEMENT_3D('',#209,#210,#211);
#209 = CARTESIAN_POINT('',(2.E-16,-3.E-16,0.));
#210 = DIRECTION('',(0.,0.,-1.));
#211 = DIRECTION('',(1.,0.,0.));
#212 = ORIENTED_EDGE('',*,*,#213,.T.);
#213 = EDGE_CURVE('',#203,#214,#216,.T.);
#214 = VERTEX_POINT('',#215);
#215 = CARTESIAN_POINT('',(7.779981248796,-1.371820603569,0.));
#216 = CIRCLE('',#217,1.2);
#217 = AXIS2_PLACEMENT_3D('',#218,#219,#220);
#218 = CARTESIAN_POINT('',(6.598211945182,-1.163442790368,0.));
#219 = DIRECTION('',(0.,0.,-1.));
#220 = DIRECTION('',(1.,0.,0.));
#221 = ORIENTED_EDGE('',*,*,#222,.T.);
#222 = EDGE_CURVE('',#214,#223,#225,.T.);
#223 = VERTEX_POINT('',#224);
#224 = CARTESIAN_POINT('',(5.078022116524,-6.05175110064,0.));
#225 = CIRCLE('',#226,7.9);
#226 = AXIS2_PLACEMENT_3D('',#227,#228,#229);
#227 = CARTESIAN_POINT('',(0.,0.,0.));
#228 = DIRECTION('',(0.,0.,-1.));
#229 = DIRECTION('',(1.,0.,0.));
#230 = ORIENTED_EDGE('',*,*,#231,.T.);
#231 = EDGE_CURVE('',#223,#205,#232,.T.);
#232 = CIRCLE('',#233,1.2);
#233 = AXIS2_PLACEMENT_3D('',#234,#235,#236);
#234 = CARTESIAN_POINT('',(4.3066769849,-5.132497768897,0.));
#235 = DIRECTION('',(0.,0.,-1.));
#236 = DIRECTION('',(1.,0.,0.));
#237 = FACE_BOUND('',#238,.F.);
#238 = EDGE_LOOP('',(#239));
#239 = ORIENTED_EDGE('',*,*,#240,.T.);
#240 = EDGE_CURVE('',#241,#241,#243,.T.);
#241 = VERTEX_POINT('',#242);
#242 = CARTESIAN_POINT('',(-3.938972745747,3.400000000006,0.));
#243 = CIRCLE('',#244,1.95);
#244 = AXIS2_PLACEMENT_3D('',#245,#246,#247);
#245 = CARTESIAN_POINT('',(-5.888972745747,3.400000000006,0.));
#246 = DIRECTION('',(0.,0.,-1.));
#247 = DIRECTION('',(1.,0.,0.));
#248 = FACE_BOUND('',#249,.F.);
#249 = EDGE_LOOP('',(#250));
#250 = ORIENTED_EDGE('',*,*,#251,.T.);
#251 = EDGE_CURVE('',#252,#252,#254,.T.);
#252 = VERTEX_POINT('',#253);
#253 = CARTESIAN_POINT('',(3.3,0.,0.));
#254 = CIRCLE('',#255,3.3);
#255 = AXIS2_PLACEMENT_3D('',#256,#257,#258);
#256 = CARTESIAN_POINT('',(0.,0.,0.));
#257 = DIRECTION('',(0.,0.,-1.));
#258 = DIRECTION('',(1.,0.,0.));
#259 = FACE_BOUND('',#260,.F.);
#260 = EDGE_LOOP('',(#261));
#261 = ORIENTED_EDGE('',*,*,#262,.T.);
#262 = EDGE_CURVE('',#263,#263,#265,.T.);
#263 = VERTEX_POINT('',#264);
#264 = CARTESIAN_POINT('',(7.838972745734,3.4,0.));
#265 = CIRCLE('',#266,1.95);
#266 = AXIS2_PLACEMENT_3D('',#267,#268,#269);
#267 = CARTESIAN_POINT('',(5.888972745734,3.4,0.));
#268 = DIRECTION('',(0.,0.,-1.));
#269 = DIRECTION('',(1.,0.,0.));
#270 = FACE_BOUND('',#271,.F.);
#271 = EDGE_LOOP('',(#272,#283,#292,#301));
#272 = ORIENTED_EDGE('',*,*,#273,.F.);
#273 = EDGE_CURVE('',#274,#276,#278,.T.);
#274 = VERTEX_POINT('',#275);
#275 = CARTESIAN_POINT('',(-1.881110788291,5.168309414322,0.));
#276 = VERTEX_POINT('',#277);
#277 = CARTESIAN_POINT('',(1.881110788291,5.168309414322,0.));
#278 = CIRCLE('',#279,5.5);
#279 = AXIS2_PLACEMENT_3D('',#280,#281,#282);
#280 = CARTESIAN_POINT('',(-2.6E-15,-1.E-16,0.));
#281 = DIRECTION('',(0.,0.,-1.));
#282 = DIRECTION('',(1.,0.,0.));
#283 = ORIENTED_EDGE('',*,*,#284,.T.);
#284 = EDGE_CURVE('',#274,#285,#287,.T.);
#285 = VERTEX_POINT('',#286);
#286 = CARTESIAN_POINT('',(-2.701959132273,7.423571704209,0.));
#287 = CIRCLE('',#288,1.2);
#288 = AXIS2_PLACEMENT_3D('',#289,#290,#291);
#289 = CARTESIAN_POINT('',(-2.291534960282,6.295940559266,0.));
#290 = DIRECTION('',(0.,0.,-1.));
#291 = DIRECTION('',(1.,0.,0.));
#292 = ORIENTED_EDGE('',*,*,#293,.T.);
#293 = EDGE_CURVE('',#285,#294,#296,.T.);
#294 = VERTEX_POINT('',#295);
#295 = CARTESIAN_POINT('',(2.701959132273,7.423571704209,0.));
#296 = CIRCLE('',#297,7.9);
#297 = AXIS2_PLACEMENT_3D('',#298,#299,#300);
#298 = CARTESIAN_POINT('',(-8.E-16,-1.1E-15,0.));
#299 = DIRECTION('',(0.,0.,-1.));
#300 = DIRECTION('',(1.,0.,0.));
#301 = ORIENTED_EDGE('',*,*,#302,.T.);
#302 = EDGE_CURVE('',#294,#276,#303,.T.);
#303 = CIRCLE('',#304,1.2);
#304 = AXIS2_PLACEMENT_3D('',#305,#306,#307);
#305 = CARTESIAN_POINT('',(2.291534960282,6.295940559266,0.));
#306 = DIRECTION('',(0.,0.,-1.));
#307 = DIRECTION('',(1.,0.,0.));
#308 = PLANE('',#309);
#309 = AXIS2_PLACEMENT_3D('',#310,#311,#312);
#310 = CARTESIAN_POINT('',(-7.5E-16,-4.5E-16,0.));
#311 = DIRECTION('',(0.,0.,1.));
#312 = DIRECTION('',(1.,0.,0.));
#313 = ADVANCED_FACE('',(#314),#333,.T.);
#314 = FACE_BOUND('',#315,.F.);
#315 = EDGE_LOOP('',(#316,#324,#331,#332));
#316 = ORIENTED_EDGE('',*,*,#317,.T.);
#317 = EDGE_CURVE('',#134,#318,#320,.T.);
#318 = VERTEX_POINT('',#319);
#319 = CARTESIAN_POINT('',(9.85,0.,11.));
#320 = LINE('',#321,#322);
#321 = CARTESIAN_POINT('',(9.85,0.,8.5));
#322 = VECTOR('',#323,1.);
#323 = DIRECTION('',(0.,0.,1.));
#324 = ORIENTED_EDGE('',*,*,#325,.T.);
#325 = EDGE_CURVE('',#318,#318,#326,.T.);
#326 = CIRCLE('',#327,9.85);
#327 = AXIS2_PLACEMENT_3D('',#328,#329,#330);
#328 = CARTESIAN_POINT('',(0.,0.,11.));
#329 = DIRECTION('',(0.,0.,1.));
#330 = DIRECTION('',(1.,0.,0.));
#331 = ORIENTED_EDGE('',*,*,#317,.F.);
#332 = ORIENTED_EDGE('',*,*,#133,.F.);
#333 = CYLINDRICAL_SURFACE('',#334,9.85);
#334 = AXIS2_PLACEMENT_3D('',#335,#336,#337);
#335 = CARTESIAN_POINT('',(0.,0.,8.5));
#336 = DIRECTION('',(-0.,-0.,-1.));
#337 = DIRECTION('',(1.,0.,0.));
#338 = ADVANCED_FACE('',(#339),#365,.T.);
#339 = FACE_BOUND('',#340,.T.);
#340 = EDGE_LOOP('',(#341,#349,#358,#364));
#341 = ORIENTED_EDGE('',*,*,#342,.T.);
#342 = EDGE_CURVE('',#154,#343,#345,.T.);
#343 = VERTEX_POINT('',#344);
#344 = CARTESIAN_POINT('',(-3.535331853276,-4.213244437154,3.5));
#345 = LINE('',#346,#347);
#346 = CARTESIAN_POINT('',(-3.535331853276,-4.213244437154,0.));
#347 = VECTOR('',#348,1.);
#348 = DIRECTION('',(0.,0.,1.));
#349 = ORIENTED_EDGE('',*,*,#350,.T.);
#350 = EDGE_CURVE('',#343,#351,#353,.T.);
#351 = VERTEX_POINT('',#352);
#352 = CARTESIAN_POINT('',(-5.416442641567,-0.955064977168,3.5));
#353 = CIRCLE('',#354,5.5);
#354 = AXIS2_PLACEMENT_3D('',#355,#356,#357);
#355 = CARTESIAN_POINT('',(-3.E-16,2.E-16,3.5));
#356 = DIRECTION('',(0.,0.,-1.));
#357 = DIRECTION('',(1.,0.,0.));
#358 = ORIENTED_EDGE('',*,*,#359,.F.);
#359 = EDGE_CURVE('',#156,#351,#360,.T.);
#360 = LINE('',#361,#362);
#361 = CARTESIAN_POINT('',(-5.416442641567,-0.955064977168,0.));
#362 = VECTOR('',#363,1.);
#363 = DIRECTION('',(0.,0.,1.));
#364 = ORIENTED_EDGE('',*,*,#153,.F.);
#365 = CYLINDRICAL_SURFACE('',#366,5.5);
#366 = AXIS2_PLACEMENT_3D('',#367,#368,#369);
#367 = CARTESIAN_POINT('',(-3.E-16,2.E-16,0.));
#368 = DIRECTION('',(0.,0.,-1.));
#369 = DIRECTION('',(1.,0.,0.));
#370 = ADVANCED_FACE('',(#371),#390,.F.);
#371 = FACE_BOUND('',#372,.F.);
#372 = EDGE_LOOP('',(#373,#381,#388,#389));
#373 = ORIENTED_EDGE('',*,*,#374,.T.);
#374 = EDGE_CURVE('',#174,#375,#377,.T.);
#375 = VERTEX_POINT('',#376);
#376 = CARTESIAN_POINT('',(-7.779981248796,-1.371820603569,3.5));
#377 = LINE('',#378,#379);
#378 = CARTESIAN_POINT('',(-7.779981248796,-1.371820603569,0.));
#379 = VECTOR('',#380,1.);
#380 = DIRECTION('',(0.,0.,1.));
#381 = ORIENTED_EDGE('',*,*,#382,.T.);
#382 = EDGE_CURVE('',#375,#351,#383,.T.);
#383 = CIRCLE('',#384,1.2);
#384 = AXIS2_PLACEMENT_3D('',#385,#386,#387);
#385 = CARTESIAN_POINT('',(-6.598211945182,-1.163442790368,3.5));
#386 = DIRECTION('',(0.,0.,-1.));
#387 = DIRECTION('',(1.,0.,0.));
#388 = ORIENTED_EDGE('',*,*,#359,.F.);
#389 = ORIENTED_EDGE('',*,*,#182,.F.);
#390 = CYLINDRICAL_SURFACE('',#391,1.2);
#391 = AXIS2_PLACEMENT_3D('',#392,#393,#394);
#392 = CARTESIAN_POINT('',(-6.598211945182,-1.163442790368,0.));
#393 = DIRECTION('',(0.,0.,-1.));
#394 = DIRECTION('',(1.,0.,0.));
#395 = ADVANCED_FACE('',(#396),#415,.F.);
#396 = FACE_BOUND('',#397,.F.);
#397 = EDGE_LOOP('',(#398,#406,#413,#414));
#398 = ORIENTED_EDGE('',*,*,#399,.T.);
#399 = EDGE_CURVE('',#165,#400,#402,.T.);
#400 = VERTEX_POINT('',#401);
#401 = CARTESIAN_POINT('',(-5.078022116524,-6.05175110064,3.5));
#402 = LINE('',#403,#404);
#403 = CARTESIAN_POINT('',(-5.078022116524,-6.05175110064,0.));
#404 = VECTOR('',#405,1.);
#405 = DIRECTION('',(0.,0.,1.));
#406 = ORIENTED_EDGE('',*,*,#407,.T.);
#407 = EDGE_CURVE('',#400,#375,#408,.T.);
#408 = CIRCLE('',#409,7.9);
#409 = AXIS2_PLACEMENT_3D('',#410,#411,#412);
#410 = CARTESIAN_POINT('',(4.E-16,2.E-16,3.5));
#411 = DIRECTION('',(0.,0.,-1.));
#412 = DIRECTION('',(1.,0.,0.));
#413 = ORIENTED_EDGE('',*,*,#374,.F.);
#414 = ORIENTED_EDGE('',*,*,#173,.F.);
#415 = CYLINDRICAL_SURFACE('',#416,7.9);
#416 = AXIS2_PLACEMENT_3D('',#417,#418,#419);
#417 = CARTESIAN_POINT('',(4.E-16,2.E-16,0.));
#418 = DIRECTION('',(0.,0.,-1.));
#419 = DIRECTION('',(1.,0.,0.));
#420 = ADVANCED_FACE('',(#421),#433,.F.);
#421 = FACE_BOUND('',#422,.F.);
#422 = EDGE_LOOP('',(#423,#424,#431,#432));
#423 = ORIENTED_EDGE('',*,*,#342,.T.);
#424 = ORIENTED_EDGE('',*,*,#425,.T.);
#425 = EDGE_CURVE('',#343,#400,#426,.T.);
#426 = CIRCLE('',#427,1.2);
#427 = AXIS2_PLACEMENT_3D('',#428,#429,#430);
#428 = CARTESIAN_POINT('',(-4.3066769849,-5.132497768897,3.5));
#429 = DIRECTION('',(0.,0.,-1.));
#430 = DIRECTION('',(1.,0.,0.));
#431 = ORIENTED_EDGE('',*,*,#399,.F.);
#432 = ORIENTED_EDGE('',*,*,#164,.F.);
#433 = CYLINDRICAL_SURFACE('',#434,1.2);
#434 = AXIS2_PLACEMENT_3D('',#435,#436,#437);
#435 = CARTESIAN_POINT('',(-4.3066769849,-5.132497768897,0.));
#436 = DIRECTION('',(0.,0.,-1.));
#437 = DIRECTION('',(1.,0.,0.));
#438 = ADVANCED_FACE('',(#439),#458,.F.);
#439 = FACE_BOUND('',#440,.F.);
#440 = EDGE_LOOP('',(#441,#449,#456,#457));
#441 = ORIENTED_EDGE('',*,*,#442,.T.);
#442 = EDGE_CURVE('',#192,#443,#445,.T.);
#443 = VERTEX_POINT('',#444);
#444 = CARTESIAN_POINT('',(1.95,-6.8,1.5));
#445 = LINE('',#446,#447);
#446 = CARTESIAN_POINT('',(1.95,-6.8,0.));
#447 = VECTOR('',#448,1.);
#448 = DIRECTION('',(0.,0.,1.));
#449 = ORIENTED_EDGE('',*,*,#450,.T.);
#450 = EDGE_CURVE('',#443,#443,#451,.T.);
#451 = CIRCLE('',#452,1.95);
#452 = AXIS2_PLACEMENT_3D('',#453,#454,#455);
#453 = CARTESIAN_POINT('',(0.,-6.8,1.5));
#454 = DIRECTION('',(0.,0.,-1.));
#455 = DIRECTION('',(1.,0.,0.));
#456 = ORIENTED_EDGE('',*,*,#442,.F.);
#457 = ORIENTED_EDGE('',*,*,#191,.F.);
#458 = CYLINDRICAL_SURFACE('',#459,1.95);
#459 = AXIS2_PLACEMENT_3D('',#460,#461,#462);
#460 = CARTESIAN_POINT('',(0.,-6.8,0.));
#461 = DIRECTION('',(0.,0.,-1.));
#462 = DIRECTION('',(1.,0.,0.));
#463 = ADVANCED_FACE('',(#464),#490,.T.);
#464 = FACE_BOUND('',#465,.T.);
#465 = EDGE_LOOP('',(#466,#474,#483,#489));
#466 = ORIENTED_EDGE('',*,*,#467,.T.);
#467 = EDGE_CURVE('',#203,#468,#470,.T.);
#468 = VERTEX_POINT('',#469);
#469 = CARTESIAN_POINT('',(5.416442641567,-0.955064977168,3.5));
#470 = LINE('',#471,#472);
#471 = CARTESIAN_POINT('',(5.416442641567,-0.955064977168,0.));
#472 = VECTOR('',#473,1.);
#473 = DIRECTION('',(0.,0.,1.));
#474 = ORIENTED_EDGE('',*,*,#475,.T.);
#475 = EDGE_CURVE('',#468,#476,#478,.T.);
#476 = VERTEX_POINT('',#477);
#477 = CARTESIAN_POINT('',(3.535331853276,-4.213244437154,3.5));
#478 = CIRCLE('',#479,5.5);
#479 = AXIS2_PLACEMENT_3D('',#480,#481,#482);
#480 = CARTESIAN_POINT('',(2.E-16,-3.E-16,3.5));
#481 = DIRECTION('',(0.,0.,-1.));
#482 = DIRECTION('',(1.,0.,0.));
#483 = ORIENTED_EDGE('',*,*,#484,.F.);
#484 = EDGE_CURVE('',#205,#476,#485,.T.);
#485 = LINE('',#486,#487);
#486 = CARTESIAN_POINT('',(3.535331853276,-4.213244437154,0.));
#487 = VECTOR('',#488,1.);
#488 = DIRECTION('',(0.,0.,1.));
#489 = ORIENTED_EDGE('',*,*,#202,.F.);
#490 = CYLINDRICAL_SURFACE('',#491,5.5);
#491 = AXIS2_PLACEMENT_3D('',#492,#493,#494);
#492 = CARTESIAN_POINT('',(2.E-16,-3.E-16,0.));
#493 = DIRECTION('',(0.,0.,-1.));
#494 = DIRECTION('',(1.,0.,0.));
#495 = ADVANCED_FACE('',(#496),#515,.F.);
#496 = FACE_BOUND('',#497,.F.);
#497 = EDGE_LOOP('',(#498,#506,#513,#514));
#498 = ORIENTED_EDGE('',*,*,#499,.T.);
#499 = EDGE_CURVE('',#223,#500,#502,.T.);
#500 = VERTEX_POINT('',#501);
#501 = CARTESIAN_POINT('',(5.078022116524,-6.05175110064,3.5));
#502 = LINE('',#503,#504);
#503 = CARTESIAN_POINT('',(5.078022116524,-6.05175110064,0.));
#504 = VECTOR('',#505,1.);
#505 = DIRECTION('',(0.,0.,1.));
#506 = ORIENTED_EDGE('',*,*,#507,.T.);
#507 = EDGE_CURVE('',#500,#476,#508,.T.);
#508 = CIRCLE('',#509,1.2);
#509 = AXIS2_PLACEMENT_3D('',#510,#511,#512);
#510 = CARTESIAN_POINT('',(4.3066769849,-5.132497768897,3.5));
#511 = DIRECTION('',(0.,0.,-1.));
#512 = DIRECTION('',(1.,0.,0.));
#513 = ORIENTED_EDGE('',*,*,#484,.F.);
#514 = ORIENTED_EDGE('',*,*,#231,.F.);
#515 = CYLINDRICAL_SURFACE('',#516,1.2);
#516 = AXIS2_PLACEMENT_3D('',#517,#518,#519);
#517 = CARTESIAN_POINT('',(4.3066769849,-5.132497768897,0.));
#518 = DIRECTION('',(0.,0.,-1.));
#519 = DIRECTION('',(1.,0.,0.));
#520 = ADVANCED_FACE('',(#521),#540,.F.);
#521 = FACE_BOUND('',#522,.F.);
#522 = EDGE_LOOP('',(#523,#531,#538,#539));
#523 = ORIENTED_EDGE('',*,*,#524,.T.);
#524 = EDGE_CURVE('',#214,#525,#527,.T.);
#525 = VERTEX_POINT('',#526);
#526 = CARTESIAN_POINT('',(7.779981248796,-1.371820603569,3.5));
#527 = LINE('',#528,#529);
#528 = CARTESIAN_POINT('',(7.779981248796,-1.371820603569,0.));
#529 = VECTOR('',#530,1.);
#530 = DIRECTION('',(0.,0.,1.));
#531 = ORIENTED_EDGE('',*,*,#532,.T.);
#532 = EDGE_CURVE('',#525,#500,#533,.T.);
#533 = CIRCLE('',#534,7.9);
#534 = AXIS2_PLACEMENT_3D('',#535,#536,#537);
#535 = CARTESIAN_POINT('',(0.,0.,3.5));
#536 = DIRECTION('',(0.,0.,-1.));
#537 = DIRECTION('',(1.,0.,0.));
#538 = ORIENTED_EDGE('',*,*,#499,.F.);
#539 = ORIENTED_EDGE('',*,*,#222,.F.);
#540 = CYLINDRICAL_SURFACE('',#541,7.9);
#541 = AXIS2_PLACEMENT_3D('',#542,#543,#544);
#542 = CARTESIAN_POINT('',(0.,0.,0.));
#543 = DIRECTION('',(0.,0.,-1.));
#544 = DIRECTION('',(1.,0.,0.));
#545 = ADVANCED_FACE('',(#546),#558,.F.);
#546 = FACE_BOUND('',#547,.F.);
#547 = EDGE_LOOP('',(#548,#549,#556,#557));
#548 = ORIENTED_EDGE('',*,*,#467,.T.);
#549 = ORIENTED_EDGE('',*,*,#550,.T.);
#550 = EDGE_CURVE('',#468,#525,#551,.T.);
#551 = CIRCLE('',#552,1.2);
#552 = AXIS2_PLACEMENT_3D('',#553,#554,#555);
#553 = CARTESIAN_POINT('',(6.598211945182,-1.163442790368,3.5));
#554 = DIRECTION('',(0.,0.,-1.));
#555 = DIRECTION('',(1.,0.,0.));
#556 = ORIENTED_EDGE('',*,*,#524,.F.);
#557 = ORIENTED_EDGE('',*,*,#213,.F.);
#558 = CYLINDRICAL_SURFACE('',#559,1.2);
#559 = AXIS2_PLACEMENT_3D('',#560,#561,#562);
#560 = CARTESIAN_POINT('',(6.598211945182,-1.163442790368,0.));
#561 = DIRECTION('',(0.,0.,-1.));
#562 = DIRECTION('',(1.,0.,0.));
#563 = ADVANCED_FACE('',(#564),#583,.F.);
#564 = FACE_BOUND('',#565,.F.);
#565 = EDGE_LOOP('',(#566,#574,#581,#582));
#566 = ORIENTED_EDGE('',*,*,#567,.T.);
#567 = EDGE_CURVE('',#241,#568,#570,.T.);
#568 = VERTEX_POINT('',#569);
#569 = CARTESIAN_POINT('',(-3.938972745747,3.400000000006,1.5));
#570 = LINE('',#571,#572);
#571 = CARTESIAN_POINT('',(-3.938972745747,3.400000000006,0.));
#572 = VECTOR('',#573,1.);
#573 = DIRECTION('',(0.,0.,1.));
#574 = ORIENTED_EDGE('',*,*,#575,.T.);
#575 = EDGE_CURVE('',#568,#568,#576,.T.);
#576 = CIRCLE('',#577,1.95);
#577 = AXIS2_PLACEMENT_3D('',#578,#579,#580);
#578 = CARTESIAN_POINT('',(-5.888972745747,3.400000000006,1.5));
#579 = DIRECTION('',(0.,0.,-1.));
#580 = DIRECTION('',(1.,0.,0.));
#581 = ORIENTED_EDGE('',*,*,#567,.F.);
#582 = ORIENTED_EDGE('',*,*,#240,.F.);
#583 = CYLINDRICAL_SURFACE('',#584,1.95);
#584 = AXIS2_PLACEMENT_3D('',#585,#586,#587);
#585 = CARTESIAN_POINT('',(-5.888972745747,3.400000000006,0.));
#586 = DIRECTION('',(0.,0.,-1.));
#587 = DIRECTION('',(1.,0.,0.));
#588 = ADVANCED_FACE('',(#589),#608,.F.);
#589 = FACE_BOUND('',#590,.F.);
#590 = EDGE_LOOP('',(#591,#592,#600,#607));
#591 = ORIENTED_EDGE('',*,*,#251,.F.);
#592 = ORIENTED_EDGE('',*,*,#593,.T.);
#593 = EDGE_CURVE('',#252,#594,#596,.T.);
#594 = VERTEX_POINT('',#595);
#595 = CARTESIAN_POINT('',(3.3,0.,2.1));
#596 = LINE('',#597,#598);
#597 = CARTESIAN_POINT('',(3.3,0.,0.));
#598 = VECTOR('',#599,1.);
#599 = DIRECTION('',(0.,0.,1.));
#600 = ORIENTED_EDGE('',*,*,#601,.T.);
#601 = EDGE_CURVE('',#594,#594,#602,.T.);
#602 = CIRCLE('',#603,3.3);
#603 = AXIS2_PLACEMENT_3D('',#604,#605,#606);
#604 = CARTESIAN_POINT('',(0.,0.,2.1));
#605 = DIRECTION('',(0.,0.,-1.));
#606 = DIRECTION('',(1.,0.,0.));
#607 = ORIENTED_EDGE('',*,*,#593,.F.);
#608 = CYLINDRICAL_SURFACE('',#609,3.3);
#609 = AXIS2_PLACEMENT_3D('',#610,#611,#612);
#610 = CARTESIAN_POINT('',(0.,0.,0.));
#611 = DIRECTION('',(0.,0.,-1.));
#612 = DIRECTION('',(1.,0.,0.));
#613 = ADVANCED_FACE('',(#614),#633,.F.);
#614 = FACE_BOUND('',#615,.F.);
#615 = EDGE_LOOP('',(#616,#624,#631,#632));
#616 = ORIENTED_EDGE('',*,*,#617,.T.);
#617 = EDGE_CURVE('',#263,#618,#620,.T.);
#618 = VERTEX_POINT('',#619);
#619 = CARTESIAN_POINT('',(7.838972745734,3.4,1.5));
#620 = LINE('',#621,#622);
#621 = CARTESIAN_POINT('',(7.838972745734,3.4,0.));
#622 = VECTOR('',#623,1.);
#623 = DIRECTION('',(0.,0.,1.));
#624 = ORIENTED_EDGE('',*,*,#625,.T.);
#625 = EDGE_CURVE('',#618,#618,#626,.T.);
#626 = CIRCLE('',#627,1.95);
#627 = AXIS2_PLACEMENT_3D('',#628,#629,#630);
#628 = CARTESIAN_POINT('',(5.888972745734,3.4,1.5));
#629 = DIRECTION('',(0.,0.,-1.));
#630 = DIRECTION('',(1.,0.,0.));
#631 = ORIENTED_EDGE('',*,*,#617,.F.);
#632 = ORIENTED_EDGE('',*,*,#262,.F.);
#633 = CYLINDRICAL_SURFACE('',#634,1.95);
#634 = AXIS2_PLACEMENT_3D('',#635,#636,#637);
#635 = CARTESIAN_POINT('',(5.888972745734,3.4,0.));
#636 = DIRECTION('',(0.,0.,-1.));
#637 = DIRECTION('',(1.,0.,0.));
#638 = ADVANCED_FACE('',(#639),#665,.T.);
#639 = FACE_BOUND('',#640,.T.);
#640 = EDGE_LOOP('',(#641,#649,#658,#664));
#641 = ORIENTED_EDGE('',*,*,#642,.T.);
#642 = EDGE_CURVE('',#274,#643,#645,.T.);
#643 = VERTEX_POINT('',#644);
#644 = CARTESIAN_POINT('',(-1.881110788291,5.168309414322,3.5));
#645 = LINE('',#646,#647);
#646 = CARTESIAN_POINT('',(-1.881110788291,5.168309414322,0.));
#647 = VECTOR('',#648,1.);
#648 = DIRECTION('',(0.,0.,1.));
#649 = ORIENTED_EDGE('',*,*,#650,.T.);
#650 = EDGE_CURVE('',#643,#651,#653,.T.);
#651 = VERTEX_POINT('',#652);
#652 = CARTESIAN_POINT('',(1.881110788291,5.168309414322,3.5));
#653 = CIRCLE('',#654,5.5);
#654 = AXIS2_PLACEMENT_3D('',#655,#656,#657);
#655 = CARTESIAN_POINT('',(-2.6E-15,-1.E-16,3.5));
#656 = DIRECTION('',(0.,0.,-1.));
#657 = DIRECTION('',(1.,0.,0.));
#658 = ORIENTED_EDGE('',*,*,#659,.F.);
#659 = EDGE_CURVE('',#276,#651,#660,.T.);
#660 = LINE('',#661,#662);
#661 = CARTESIAN_POINT('',(1.881110788291,5.168309414322,0.));
#662 = VECTOR('',#663,1.);
#663 = DIRECTION('',(0.,0.,1.));
#664 = ORIENTED_EDGE('',*,*,#273,.F.);
#665 = CYLINDRICAL_SURFACE('',#666,5.5);
#666 = AXIS2_PLACEMENT_3D('',#667,#668,#669);
#667 = CARTESIAN_POINT('',(-2.6E-15,-1.E-16,0.));
#668 = DIRECTION('',(0.,0.,-1.));
#669 = DIRECTION('',(1.,0.,0.));
#670 = ADVANCED_FACE('',(#671),#690,.F.);
#671 = FACE_BOUND('',#672,.F.);
#672 = EDGE_LOOP('',(#673,#681,#688,#689));
#673 = ORIENTED_EDGE('',*,*,#674,.T.);
#674 = EDGE_CURVE('',#294,#675,#677,.T.);
#675 = VERTEX_POINT('',#676);
#676 = CARTESIAN_POINT('',(2.701959132273,7.423571704209,3.5));
#677 = LINE('',#678,#679);
#678 = CARTESIAN_POINT('',(2.701959132273,7.423571704209,0.));
#679 = VECTOR('',#680,1.);
#680 = DIRECTION('',(0.,0.,1.));
#681 = ORIENTED_EDGE('',*,*,#682,.T.);
#682 = EDGE_CURVE('',#675,#651,#683,.T.);
#683 = CIRCLE('',#684,1.2);
#684 = AXIS2_PLACEMENT_3D('',#685,#686,#687);
#685 = CARTESIAN_POINT('',(2.291534960282,6.295940559266,3.5));
#686 = DIRECTION('',(0.,0.,-1.));
#687 = DIRECTION('',(1.,0.,0.));
#688 = ORIENTED_EDGE('',*,*,#659,.F.);
#689 = ORIENTED_EDGE('',*,*,#302,.F.);
#690 = CYLINDRICAL_SURFACE('',#691,1.2);
#691 = AXIS2_PLACEMENT_3D('',#692,#693,#694);
#692 = CARTESIAN_POINT('',(2.291534960282,6.295940559266,0.));
#693 = DIRECTION('',(0.,0.,-1.));
#694 = DIRECTION('',(1.,0.,0.));
#695 = ADVANCED_FACE('',(#696),#715,.F.);
#696 = FACE_BOUND('',#697,.F.);
#697 = EDGE_LOOP('',(#698,#706,#713,#714));
#698 = ORIENTED_EDGE('',*,*,#699,.T.);
#699 = EDGE_CURVE('',#285,#700,#702,.T.);
#700 = VERTEX_POINT('',#701);
#701 = CARTESIAN_POINT('',(-2.701959132273,7.423571704209,3.5));
#702 = LINE('',#703,#704);
#703 = CARTESIAN_POINT('',(-2.701959132273,7.423571704209,0.));
#704 = VECTOR('',#705,1.);
#705 = DIRECTION('',(0.,0.,1.));
#706 = ORIENTED_EDGE('',*,*,#707,.T.);
#707 = EDGE_CURVE('',#700,#675,#708,.T.);
#708 = CIRCLE('',#709,7.9);
#709 = AXIS2_PLACEMENT_3D('',#710,#711,#712);
#710 = CARTESIAN_POINT('',(-8.E-16,-1.1E-15,3.5));
#711 = DIRECTION('',(0.,0.,-1.));
#712 = DIRECTION('',(1.,0.,0.));
#713 = ORIENTED_EDGE('',*,*,#674,.F.);
#714 = ORIENTED_EDGE('',*,*,#293,.F.);
#715 = CYLINDRICAL_SURFACE('',#716,7.9);
#716 = AXIS2_PLACEMENT_3D('',#717,#718,#719);
#717 = CARTESIAN_POINT('',(-8.E-16,-1.1E-15,0.));
#718 = DIRECTION('',(0.,0.,-1.));
#719 = DIRECTION('',(1.,0.,0.));
#720 = ADVANCED_FACE('',(#721),#733,.F.);
#721 = FACE_BOUND('',#722,.F.);
#722 = EDGE_LOOP('',(#723,#724,#731,#732));
#723 = ORIENTED_EDGE('',*,*,#642,.T.);
#724 = ORIENTED_EDGE('',*,*,#725,.T.);
#725 = EDGE_CURVE('',#643,#700,#726,.T.);
#726 = CIRCLE('',#727,1.2);
#727 = AXIS2_PLACEMENT_3D('',#728,#729,#730);
#728 = CARTESIAN_POINT('',(-2.291534960282,6.295940559266,3.5));
#729 = DIRECTION('',(0.,0.,-1.));
#730 = DIRECTION('',(1.,0.,0.));
#731 = ORIENTED_EDGE('',*,*,#699,.F.);
#732 = ORIENTED_EDGE('',*,*,#284,.F.);
#733 = CYLINDRICAL_SURFACE('',#734,1.2);
#734 = AXIS2_PLACEMENT_3D('',#735,#736,#737);
#735 = CARTESIAN_POINT('',(-2.291534960282,6.295940559266,0.));
#736 = DIRECTION('',(0.,0.,-1.));
#737 = DIRECTION('',(1.,0.,0.));
#738 = ADVANCED_FACE('',(#739,#742),#753,.T.);
#739 = FACE_BOUND('',#740,.T.);
#740 = EDGE_LOOP('',(#741));
#741 = ORIENTED_EDGE('',*,*,#325,.T.);
#742 = FACE_BOUND('',#743,.T.);
#743 = EDGE_LOOP('',(#744));
#744 = ORIENTED_EDGE('',*,*,#745,.F.);
#745 = EDGE_CURVE('',#746,#746,#748,.T.);
#746 = VERTEX_POINT('',#747);
#747 = CARTESIAN_POINT('',(9.,0.,11.));
#748 = CIRCLE('',#749,9.);
#749 = AXIS2_PLACEMENT_3D('',#750,#751,#752);
#750 = CARTESIAN_POINT('',(0.,0.,11.));
#751 = DIRECTION('',(0.,0.,1.));
#752 = DIRECTION('',(1.,0.,0.));
#753 = PLANE('',#754);
#754 = AXIS2_PLACEMENT_3D('',#755,#756,#757);
#755 = CARTESIAN_POINT('',(-8.3E-16,7.1E-16,11.));
#756 = DIRECTION('',(0.,0.,1.));
#757 = DIRECTION('',(1.,0.,0.));
#758 = ADVANCED_FACE('',(#759,#770,#776,#787,#793,#804,#815,#826),#832,
  .T.);
#759 = FACE_BOUND('',#760,.T.);
#760 = EDGE_LOOP('',(#761));
#761 = ORIENTED_EDGE('',*,*,#762,.T.);
#762 = EDGE_CURVE('',#763,#763,#765,.T.);
#763 = VERTEX_POINT('',#764);
#764 = CARTESIAN_POINT('',(9.,0.,3.5));
#765 = CIRCLE('',#766,9.);
#766 = AXIS2_PLACEMENT_3D('',#767,#768,#769);
#767 = CARTESIAN_POINT('',(0.,0.,3.5));
#768 = DIRECTION('',(0.,0.,1.));
#769 = DIRECTION('',(1.,0.,0.));
#770 = FACE_BOUND('',#771,.T.);
#771 = EDGE_LOOP('',(#772,#773,#774,#775));
#772 = ORIENTED_EDGE('',*,*,#350,.F.);
#773 = ORIENTED_EDGE('',*,*,#425,.T.);
#774 = ORIENTED_EDGE('',*,*,#407,.T.);
#775 = ORIENTED_EDGE('',*,*,#382,.T.);
#776 = FACE_BOUND('',#777,.T.);
#777 = EDGE_LOOP('',(#778));
#778 = ORIENTED_EDGE('',*,*,#779,.T.);
#779 = EDGE_CURVE('',#780,#780,#782,.T.);
#780 = VERTEX_POINT('',#781);
#781 = CARTESIAN_POINT('',(1.1,-6.8,3.5));
#782 = CIRCLE('',#783,1.1);
#783 = AXIS2_PLACEMENT_3D('',#784,#785,#786);
#784 = CARTESIAN_POINT('',(0.,-6.8,3.5));
#785 = DIRECTION('',(0.,0.,-1.));
#786 = DIRECTION('',(1.,0.,0.));
#787 = FACE_BOUND('',#788,.T.);
#788 = EDGE_LOOP('',(#789,#790,#791,#792));
#789 = ORIENTED_EDGE('',*,*,#475,.F.);
#790 = ORIENTED_EDGE('',*,*,#550,.T.);
#791 = ORIENTED_EDGE('',*,*,#532,.T.);
#792 = ORIENTED_EDGE('',*,*,#507,.T.);
#793 = FACE_BOUND('',#794,.T.);
#794 = EDGE_LOOP('',(#795));
#795 = ORIENTED_EDGE('',*,*,#796,.T.);
#796 = EDGE_CURVE('',#797,#797,#799,.T.);
#797 = VERTEX_POINT('',#798);
#798 = CARTESIAN_POINT('',(-4.788972745747,3.4,3.5));
#799 = CIRCLE('',#800,1.1);
#800 = AXIS2_PLACEMENT_3D('',#801,#802,#803);
#801 = CARTESIAN_POINT('',(-5.888972745747,3.4,3.5));
#802 = DIRECTION('',(0.,0.,-1.));
#803 = DIRECTION('',(1.,0.,0.));
#804 = FACE_BOUND('',#805,.T.);
#805 = EDGE_LOOP('',(#806));
#806 = ORIENTED_EDGE('',*,*,#807,.F.);
#807 = EDGE_CURVE('',#808,#808,#810,.T.);
#808 = VERTEX_POINT('',#809);
#809 = CARTESIAN_POINT('',(4.1,0.,3.5));
#810 = CIRCLE('',#811,4.1);
#811 = AXIS2_PLACEMENT_3D('',#812,#813,#814);
#812 = CARTESIAN_POINT('',(0.,0.,3.5));
#813 = DIRECTION('',(0.,0.,1.));
#814 = DIRECTION('',(1.,0.,0.));
#815 = FACE_BOUND('',#816,.T.);
#816 = EDGE_LOOP('',(#817));
#817 = ORIENTED_EDGE('',*,*,#818,.T.);
#818 = EDGE_CURVE('',#819,#819,#821,.T.);
#819 = VERTEX_POINT('',#820);
#820 = CARTESIAN_POINT('',(6.988972745734,3.4,3.5));
#821 = CIRCLE('',#822,1.1);
#822 = AXIS2_PLACEMENT_3D('',#823,#824,#825);
#823 = CARTESIAN_POINT('',(5.888972745734,3.4,3.5));
#824 = DIRECTION('',(0.,0.,-1.));
#825 = DIRECTION('',(1.,0.,0.));
#826 = FACE_BOUND('',#827,.T.);
#827 = EDGE_LOOP('',(#828,#829,#830,#831));
#828 = ORIENTED_EDGE('',*,*,#650,.F.);
#829 = ORIENTED_EDGE('',*,*,#725,.T.);
#830 = ORIENTED_EDGE('',*,*,#707,.T.);
#831 = ORIENTED_EDGE('',*,*,#682,.T.);
#832 = PLANE('',#833);
#833 = AXIS2_PLACEMENT_3D('',#834,#835,#836);
#834 = CARTESIAN_POINT('',(-3.E-16,2.4E-16,3.5));
#835 = DIRECTION('',(0.,0.,1.));
#836 = DIRECTION('',(1.,0.,0.));
#837 = ADVANCED_FACE('',(#838,#841),#852,.F.);
#838 = FACE_BOUND('',#839,.F.);
#839 = EDGE_LOOP('',(#840));
#840 = ORIENTED_EDGE('',*,*,#450,.F.);
#841 = FACE_BOUND('',#842,.F.);
#842 = EDGE_LOOP('',(#843));
#843 = ORIENTED_EDGE('',*,*,#844,.T.);
#844 = EDGE_CURVE('',#845,#845,#847,.T.);
#845 = VERTEX_POINT('',#846);
#846 = CARTESIAN_POINT('',(1.1,-6.8,1.5));
#847 = CIRCLE('',#848,1.1);
#848 = AXIS2_PLACEMENT_3D('',#849,#850,#851);
#849 = CARTESIAN_POINT('',(0.,-6.8,1.5));
#850 = DIRECTION('',(0.,0.,-1.));
#851 = DIRECTION('',(1.,0.,0.));
#852 = PLANE('',#853);
#853 = AXIS2_PLACEMENT_3D('',#854,#855,#856);
#854 = CARTESIAN_POINT('',(-4.13586E-12,2.0663E-12,1.5));
#855 = DIRECTION('',(0.,0.,1.));
#856 = DIRECTION('',(1.,0.,0.));
#857 = ADVANCED_FACE('',(#858,#861),#872,.F.);
#858 = FACE_BOUND('',#859,.F.);
#859 = EDGE_LOOP('',(#860));
#860 = ORIENTED_EDGE('',*,*,#575,.F.);
#861 = FACE_BOUND('',#862,.F.);
#862 = EDGE_LOOP('',(#863));
#863 = ORIENTED_EDGE('',*,*,#864,.T.);
#864 = EDGE_CURVE('',#865,#865,#867,.T.);
#865 = VERTEX_POINT('',#866);
#866 = CARTESIAN_POINT('',(-4.788972745747,3.4,1.5));
#867 = CIRCLE('',#868,1.1);
#868 = AXIS2_PLACEMENT_3D('',#869,#870,#871);
#869 = CARTESIAN_POINT('',(-5.888972745747,3.4,1.5));
#870 = DIRECTION('',(0.,0.,-1.));
#871 = DIRECTION('',(1.,0.,0.));
#872 = PLANE('',#873);
#873 = AXIS2_PLACEMENT_3D('',#874,#875,#876);
#874 = CARTESIAN_POINT('',(-4.13586E-12,2.0663E-12,1.5));
#875 = DIRECTION('',(0.,0.,1.));
#876 = DIRECTION('',(1.,0.,0.));
#877 = ADVANCED_FACE('',(#878,#889),#892,.T.);
#878 = FACE_BOUND('',#879,.T.);
#879 = EDGE_LOOP('',(#880));
#880 = ORIENTED_EDGE('',*,*,#881,.T.);
#881 = EDGE_CURVE('',#882,#882,#884,.T.);
#882 = VERTEX_POINT('',#883);
#883 = CARTESIAN_POINT('',(4.1,0.,2.1));
#884 = CIRCLE('',#885,4.1);
#885 = AXIS2_PLACEMENT_3D('',#886,#887,#888);
#886 = CARTESIAN_POINT('',(0.,0.,2.1));
#887 = DIRECTION('',(0.,0.,1.));
#888 = DIRECTION('',(1.,0.,0.));
#889 = FACE_BOUND('',#890,.T.);
#890 = EDGE_LOOP('',(#891));
#891 = ORIENTED_EDGE('',*,*,#601,.T.);
#892 = PLANE('',#893);
#893 = AXIS2_PLACEMENT_3D('',#894,#895,#896);
#894 = CARTESIAN_POINT('',(-2.5E-16,3.3E-16,2.1));
#895 = DIRECTION('',(0.,0.,1.));
#896 = DIRECTION('',(1.,0.,0.));
#897 = ADVANCED_FACE('',(#898,#901),#912,.F.);
#898 = FACE_BOUND('',#899,.F.);
#899 = EDGE_LOOP('',(#900));
#900 = ORIENTED_EDGE('',*,*,#625,.F.);
#901 = FACE_BOUND('',#902,.F.);
#902 = EDGE_LOOP('',(#903));
#903 = ORIENTED_EDGE('',*,*,#904,.T.);
#904 = EDGE_CURVE('',#905,#905,#907,.T.);
#905 = VERTEX_POINT('',#906);
#906 = CARTESIAN_POINT('',(6.988972745734,3.4,1.5));
#907 = CIRCLE('',#908,1.1);
#908 = AXIS2_PLACEMENT_3D('',#909,#910,#911);
#909 = CARTESIAN_POINT('',(5.888972745734,3.4,1.5));
#910 = DIRECTION('',(0.,0.,-1.));
#911 = DIRECTION('',(1.,0.,0.));
#912 = PLANE('',#913);
#913 = AXIS2_PLACEMENT_3D('',#914,#915,#916);
#914 = CARTESIAN_POINT('',(-4.13586E-12,2.0663E-12,1.5));
#915 = DIRECTION('',(0.,0.,1.));
#916 = DIRECTION('',(1.,0.,0.));
#917 = ADVANCED_FACE('',(#918),#929,.F.);
#918 = FACE_BOUND('',#919,.F.);
#919 = EDGE_LOOP('',(#920,#926,#927,#928));
#920 = ORIENTED_EDGE('',*,*,#921,.T.);
#921 = EDGE_CURVE('',#746,#763,#922,.T.);
#922 = LINE('',#923,#924);
#923 = CARTESIAN_POINT('',(9.,0.,11.));
#924 = VECTOR('',#925,1.);
#925 = DIRECTION('',(-0.,-0.,-1.));
#926 = ORIENTED_EDGE('',*,*,#762,.T.);
#927 = ORIENTED_EDGE('',*,*,#921,.F.);
#928 = ORIENTED_EDGE('',*,*,#745,.F.);
#929 = CYLINDRICAL_SURFACE('',#930,9.);
#930 = AXIS2_PLACEMENT_3D('',#931,#932,#933);
#931 = CARTESIAN_POINT('',(0.,0.,11.));
#932 = DIRECTION('',(0.,0.,1.));
#933 = DIRECTION('',(1.,0.,0.));
#934 = ADVANCED_FACE('',(#935),#946,.F.);
#935 = FACE_BOUND('',#936,.F.);
#936 = EDGE_LOOP('',(#937,#943,#944,#945));
#937 = ORIENTED_EDGE('',*,*,#938,.T.);
#938 = EDGE_CURVE('',#845,#780,#939,.T.);
#939 = LINE('',#940,#941);
#940 = CARTESIAN_POINT('',(1.1,-6.8,1.5));
#941 = VECTOR('',#942,1.);
#942 = DIRECTION('',(0.,0.,1.));
#943 = ORIENTED_EDGE('',*,*,#779,.T.);
#944 = ORIENTED_EDGE('',*,*,#938,.F.);
#945 = ORIENTED_EDGE('',*,*,#844,.F.);
#946 = CYLINDRICAL_SURFACE('',#947,1.1);
#947 = AXIS2_PLACEMENT_3D('',#948,#949,#950);
#948 = CARTESIAN_POINT('',(0.,-6.8,1.5));
#949 = DIRECTION('',(0.,0.,-1.));
#950 = DIRECTION('',(1.,0.,0.));
#951 = ADVANCED_FACE('',(#952),#963,.F.);
#952 = FACE_BOUND('',#953,.F.);
#953 = EDGE_LOOP('',(#954,#960,#961,#962));
#954 = ORIENTED_EDGE('',*,*,#955,.T.);
#955 = EDGE_CURVE('',#865,#797,#956,.T.);
#956 = LINE('',#957,#958);
#957 = CARTESIAN_POINT('',(-4.788972745747,3.4,1.5));
#958 = VECTOR('',#959,1.);
#959 = DIRECTION('',(0.,0.,1.));
#960 = ORIENTED_EDGE('',*,*,#796,.T.);
#961 = ORIENTED_EDGE('',*,*,#955,.F.);
#962 = ORIENTED_EDGE('',*,*,#864,.F.);
#963 = CYLINDRICAL_SURFACE('',#964,1.1);
#964 = AXIS2_PLACEMENT_3D('',#965,#966,#967);
#965 = CARTESIAN_POINT('',(-5.888972745747,3.4,1.5));
#966 = DIRECTION('',(0.,0.,-1.));
#967 = DIRECTION('',(1.,0.,0.));
#968 = ADVANCED_FACE('',(#969),#980,.F.);
#969 = FACE_BOUND('',#970,.F.);
#970 = EDGE_LOOP('',(#971,#977,#978,#979));
#971 = ORIENTED_EDGE('',*,*,#972,.T.);
#972 = EDGE_CURVE('',#808,#882,#973,.T.);
#973 = LINE('',#974,#975);
#974 = CARTESIAN_POINT('',(4.1,0.,3.5));
#975 = VECTOR('',#976,1.);
#976 = DIRECTION('',(-0.,-0.,-1.));
#977 = ORIENTED_EDGE('',*,*,#881,.T.);
#978 = ORIENTED_EDGE('',*,*,#972,.F.);
#979 = ORIENTED_EDGE('',*,*,#807,.F.);
#980 = CYLINDRICAL_SURFACE('',#981,4.1);
#981 = AXIS2_PLACEMENT_3D('',#982,#983,#984);
#982 = CARTESIAN_POINT('',(0.,0.,3.5));
#983 = DIRECTION('',(0.,0.,1.));
#984 = DIRECTION('',(1.,0.,-0.));
#985 = ADVANCED_FACE('',(#986),#997,.F.);
#986 = FACE_BOUND('',#987,.F.);
#987 = EDGE_LOOP('',(#988,#994,#995,#996));
#988 = ORIENTED_EDGE('',*,*,#989,.T.);
#989 = EDGE_CURVE('',#905,#819,#990,.T.);
#990 = LINE('',#991,#992);
#991 = CARTESIAN_POINT('',(6.988972745734,3.4,1.5));
#992 = VECTOR('',#993,1.);
#993 = DIRECTION('',(0.,0.,1.));
#994 = ORIENTED_EDGE('',*,*,#818,.T.);
#995 = ORIENTED_EDGE('',*,*,#989,.F.);
#996 = ORIENTED_EDGE('',*,*,#904,.F.);
#997 = CYLINDRICAL_SURFACE('',#998,1.1);
#998 = AXIS2_PLACEMENT_3D('',#999,#1000,#1001);
#999 = CARTESIAN_POINT('',(5.888972745734,3.4,1.5));
#1000 = DIRECTION('',(0.,0.,-1.));
#1001 = DIRECTION('',(1.,0.,0.));
#1002 = ( GEOMETRIC_REPRESENTATION_CONTEXT(3) 
GLOBAL_UNCERTAINTY_ASSIGNED_CONTEXT((#1006)) 
GLOBAL_UNIT_ASSIGNED_CONTEXT((#1003,#1004,#1005)) REPRESENTATION_CONTEXT
('Context #1','3D Context with UNIT and UNCERTAINTY') );
#1003 = ( LENGTH_UNIT() NAMED_UNIT(*) SI_UNIT(.MILLI.,.METRE.) );
#1004 = ( NAMED_UNIT(*) PLANE_ANGLE_UNIT() SI_UNIT($,.RADIAN.) );
#1005 = ( NAMED_UNIT(*) SI_UNIT($,.STERADIAN.) SOLID_ANGLE_UNIT() );
#1006 = UNCERTAINTY_MEASURE_WITH_UNIT(LENGTH_MEASURE(1.E-07),#1003,
  'distance_accuracy_value','confusion accuracy');
#1007 = CONTEXT_DEPENDENT_SHAPE_REPRESENTATION(#1008,#1010);
#1008 = ( REPRESENTATION_RELATIONSHIP('','',#64,#10) 
REPRESENTATION_RELATIONSHIP_WITH_TRANSFORMATION(#1009) 
SHAPE_REPRESENTATION_RELATIONSHIP() );
#1009 = ITEM_DEFINED_TRANSFORMATION('','',#11,#15);
#1010 = PRODUCT_DEFINITION_SHAPE('Placement','Placement of an item',
  #1011);
#1011 = NEXT_ASSEMBLY_USAGE_OCCURRENCE('1','EndCap_Top','',#5,#59,$);
#1012 = PRODUCT_RELATED_PRODUCT_CATEGORY('part',$,(#61));
#1013 = SHAPE_DEFINITION_REPRESENTATION(#1014,#1020);
#1014 = PRODUCT_DEFINITION_SHAPE('','',#1015);
#1015 = PRODUCT_DEFINITION('design','',#1016,#1019);
#1016 = PRODUCT_DEFINITION_FORMATION('','',#1017);
#1017 = PRODUCT('Mesh_Top','Mesh_Top','',(#1018));
#1018 = PRODUCT_CONTEXT('',#2,'mechanical');
#1019 = PRODUCT_DEFINITION_CONTEXT('part definition',#2,'design');
#1020 = ADVANCED_BREP_SHAPE_REPRESENTATION('',(#11,#1021),#1230);
#1021 = MANIFOLD_SOLID_BREP('',#1022);
#1022 = CLOSED_SHELL('',(#1023,#1056,#1089,#1122,#1155,#1188,#1209));
#1023 = ADVANCED_FACE('',(#1024),#1051,.T.);
#1024 = FACE_BOUND('',#1025,.T.);
#1025 = EDGE_LOOP('',(#1026,#1036,#1043,#1044));
#1026 = ORIENTED_EDGE('',*,*,#1027,.T.);
#1027 = EDGE_CURVE('',#1028,#1030,#1032,.T.);
#1028 = VERTEX_POINT('',#1029);
#1029 = CARTESIAN_POINT('',(-8.999998219027,2.E-05,80.699931570795));
#1030 = VERTEX_POINT('',#1031);
#1031 = CARTESIAN_POINT('',(-8.999998201574,2.E-05,80.799931570795));
#1032 = LINE('',#1033,#1034);
#1033 = CARTESIAN_POINT('',(-8.999998219027,2.E-05,80.699931570795));
#1034 = VECTOR('',#1035,1.);
#1035 = DIRECTION('',(1.7453292497E-07,0.,1.));
#1036 = ORIENTED_EDGE('',*,*,#1037,.T.);
#1037 = EDGE_CURVE('',#1030,#1030,#1038,.T.);
#1038 = CIRCLE('',#1039,9.);
#1039 = AXIS2_PLACEMENT_3D('',#1040,#1041,#1042);
#1040 = CARTESIAN_POINT('',(1.7984257435E-06,2.E-05,80.799929999999));
#1041 = DIRECTION('',(-1.74532925E-07,0.,-1.));
#1042 = DIRECTION('',(-1.,0.,1.74532925E-07));
#1043 = ORIENTED_EDGE('',*,*,#1027,.F.);
#1044 = ORIENTED_EDGE('',*,*,#1045,.F.);
#1045 = EDGE_CURVE('',#1028,#1028,#1046,.T.);
#1046 = CIRCLE('',#1047,9.);
#1047 = AXIS2_PLACEMENT_3D('',#1048,#1049,#1050);
#1048 = CARTESIAN_POINT('',(1.7809724515E-06,2.E-05,80.699929999999));
#1049 = DIRECTION('',(-1.74532925E-07,0.,-1.));
#1050 = DIRECTION('',(-1.,0.,1.74532925E-07));
#1051 = CYLINDRICAL_SURFACE('',#1052,9.);
#1052 = AXIS2_PLACEMENT_3D('',#1053,#1054,#1055);
#1053 = CARTESIAN_POINT('',(1.78097245212E-06,2.E-05,80.699929999999));
#1054 = DIRECTION('',(-1.7453292488E-07,0.,-1.));
#1055 = DIRECTION('',(-1.,0.,1.7453292488E-07));
#1056 = ADVANCED_FACE('',(#1057),#1084,.F.);
#1057 = FACE_BOUND('',#1058,.F.);
#1058 = EDGE_LOOP('',(#1059,#1069,#1076,#1077));
#1059 = ORIENTED_EDGE('',*,*,#1060,.T.);
#1060 = EDGE_CURVE('',#1061,#1063,#1065,.T.);
#1061 = VERTEX_POINT('',#1062);
#1062 = CARTESIAN_POINT('',(-4.099998219027,2.E-05,80.699930715584));
#1063 = VERTEX_POINT('',#1064);
#1064 = CARTESIAN_POINT('',(-4.099998201574,2.E-05,80.799930715584));
#1065 = LINE('',#1066,#1067);
#1066 = CARTESIAN_POINT('',(-4.099998219027,2.E-05,80.699930715584));
#1067 = VECTOR('',#1068,1.);
#1068 = DIRECTION('',(1.7453292497E-07,0.,1.));
#1069 = ORIENTED_EDGE('',*,*,#1070,.T.);
#1070 = EDGE_CURVE('',#1063,#1063,#1071,.T.);
#1071 = CIRCLE('',#1072,4.1);
#1072 = AXIS2_PLACEMENT_3D('',#1073,#1074,#1075);
#1073 = CARTESIAN_POINT('',(1.7984257435E-06,2.E-05,80.799929999999));
#1074 = DIRECTION('',(-1.74532925E-07,0.,-1.));
#1075 = DIRECTION('',(-1.,0.,1.74532925E-07));
#1076 = ORIENTED_EDGE('',*,*,#1060,.F.);
#1077 = ORIENTED_EDGE('',*,*,#1078,.F.);
#1078 = EDGE_CURVE('',#1061,#1061,#1079,.T.);
#1079 = CIRCLE('',#1080,4.1);
#1080 = AXIS2_PLACEMENT_3D('',#1081,#1082,#1083);
#1081 = CARTESIAN_POINT('',(1.7809724515E-06,2.E-05,80.699929999999));
#1082 = DIRECTION('',(-1.74532925E-07,0.,-1.));
#1083 = DIRECTION('',(-1.,0.,1.74532925E-07));
#1084 = CYLINDRICAL_SURFACE('',#1085,4.1);
#1085 = AXIS2_PLACEMENT_3D('',#1086,#1087,#1088);
#1086 = CARTESIAN_POINT('',(1.78097245212E-06,2.E-05,80.699929999999));
#1087 = DIRECTION('',(-1.7453292488E-07,0.,-1.));
#1088 = DIRECTION('',(-1.,0.,1.7453292488E-07));
#1089 = ADVANCED_FACE('',(#1090),#1117,.F.);
#1090 = FACE_BOUND('',#1091,.T.);
#1091 = EDGE_LOOP('',(#1092,#1102,#1109,#1110));
#1092 = ORIENTED_EDGE('',*,*,#1093,.T.);
#1093 = EDGE_CURVE('',#1094,#1096,#1098,.T.);
#1094 = VERTEX_POINT('',#1095);
#1095 = CARTESIAN_POINT('',(-6.988970964762,3.40002,80.699931219805));
#1096 = VERTEX_POINT('',#1097);
#1097 = CARTESIAN_POINT('',(-6.988970947308,3.40002,80.799931219805));
#1098 = LINE('',#1099,#1100);
#1099 = CARTESIAN_POINT('',(-6.988970964762,3.40002,80.699931219805));
#1100 = VECTOR('',#1101,1.);
#1101 = DIRECTION('',(1.7453292497E-07,0.,1.));
#1102 = ORIENTED_EDGE('',*,*,#1103,.T.);
#1103 = EDGE_CURVE('',#1096,#1096,#1104,.T.);
#1104 = CIRCLE('',#1105,1.1);
#1105 = AXIS2_PLACEMENT_3D('',#1106,#1107,#1108);
#1106 = CARTESIAN_POINT('',(-5.888970947308,3.40002,80.799931027819));
#1107 = DIRECTION('',(1.74532925E-07,0.,1.));
#1108 = DIRECTION('',(-1.,0.,1.74532925E-07));
#1109 = ORIENTED_EDGE('',*,*,#1093,.F.);
#1110 = ORIENTED_EDGE('',*,*,#1111,.F.);
#1111 = EDGE_CURVE('',#1094,#1094,#1112,.T.);
#1112 = CIRCLE('',#1113,1.1);
#1113 = AXIS2_PLACEMENT_3D('',#1114,#1115,#1116);
#1114 = CARTESIAN_POINT('',(-5.888970964762,3.40002,80.699931027819));
#1115 = DIRECTION('',(1.74532925E-07,0.,1.));
#1116 = DIRECTION('',(-1.,0.,1.74532925E-07));
#1117 = CYLINDRICAL_SURFACE('',#1118,1.1);
#1118 = AXIS2_PLACEMENT_3D('',#1119,#1120,#1121);
#1119 = CARTESIAN_POINT('',(-5.888970964762,3.40002,80.699931027819));
#1120 = DIRECTION('',(-1.7453292488E-07,-0.,-1.));
#1121 = DIRECTION('',(-1.,0.,1.7453292488E-07));
#1122 = ADVANCED_FACE('',(#1123),#1150,.F.);
#1123 = FACE_BOUND('',#1124,.T.);
#1124 = EDGE_LOOP('',(#1125,#1135,#1142,#1143));
#1125 = ORIENTED_EDGE('',*,*,#1126,.T.);
#1126 = EDGE_CURVE('',#1127,#1129,#1131,.T.);
#1127 = VERTEX_POINT('',#1128);
#1128 = CARTESIAN_POINT('',(4.788974526719,3.40002,80.699929164166));
#1129 = VERTEX_POINT('',#1130);
#1130 = CARTESIAN_POINT('',(4.788974544172,3.40002,80.799929164166));
#1131 = LINE('',#1132,#1133);
#1132 = CARTESIAN_POINT('',(4.788974526719,3.40002,80.699929164166));
#1133 = VECTOR('',#1134,1.);
#1134 = DIRECTION('',(1.7453292497E-07,0.,1.));
#1135 = ORIENTED_EDGE('',*,*,#1136,.T.);
#1136 = EDGE_CURVE('',#1129,#1129,#1137,.T.);
#1137 = CIRCLE('',#1138,1.1);
#1138 = AXIS2_PLACEMENT_3D('',#1139,#1140,#1141);
#1139 = CARTESIAN_POINT('',(5.888974544172,3.40002,80.799928972179));
#1140 = DIRECTION('',(1.74532925E-07,0.,1.));
#1141 = DIRECTION('',(-1.,0.,1.74532925E-07));
#1142 = ORIENTED_EDGE('',*,*,#1126,.F.);
#1143 = ORIENTED_EDGE('',*,*,#1144,.F.);
#1144 = EDGE_CURVE('',#1127,#1127,#1145,.T.);
#1145 = CIRCLE('',#1146,1.1);
#1146 = AXIS2_PLACEMENT_3D('',#1147,#1148,#1149);
#1147 = CARTESIAN_POINT('',(5.888974526719,3.40002,80.699928972179));
#1148 = DIRECTION('',(1.74532925E-07,0.,1.));
#1149 = DIRECTION('',(-1.,0.,1.74532925E-07));
#1150 = CYLINDRICAL_SURFACE('',#1151,1.1);
#1151 = AXIS2_PLACEMENT_3D('',#1152,#1153,#1154);
#1152 = CARTESIAN_POINT('',(5.888974526719,3.40002,80.699928972179));
#1153 = DIRECTION('',(-1.7453292488E-07,-0.,-1.));
#1154 = DIRECTION('',(-1.,0.,1.7453292488E-07));
#1155 = ADVANCED_FACE('',(#1156),#1183,.F.);
#1156 = FACE_BOUND('',#1157,.T.);
#1157 = EDGE_LOOP('',(#1158,#1168,#1175,#1176));
#1158 = ORIENTED_EDGE('',*,*,#1159,.T.);
#1159 = EDGE_CURVE('',#1160,#1162,#1164,.T.);
#1160 = VERTEX_POINT('',#1161);
#1161 = CARTESIAN_POINT('',(-1.099998219028,-6.79998,80.699930191985));
#1162 = VERTEX_POINT('',#1163);
#1163 = CARTESIAN_POINT('',(-1.099998201574,-6.79998,80.799930191985));
#1164 = LINE('',#1165,#1166);
#1165 = CARTESIAN_POINT('',(-1.099998219028,-6.79998,80.699930191985));
#1166 = VECTOR('',#1167,1.);
#1167 = DIRECTION('',(1.7453292497E-07,0.,1.));
#1168 = ORIENTED_EDGE('',*,*,#1169,.T.);
#1169 = EDGE_CURVE('',#1162,#1162,#1170,.T.);
#1170 = CIRCLE('',#1171,1.1);
#1171 = AXIS2_PLACEMENT_3D('',#1172,#1173,#1174);
#1172 = CARTESIAN_POINT('',(1.7984257435E-06,-6.79998,80.799929999999));
#1173 = DIRECTION('',(1.74532925E-07,0.,1.));
#1174 = DIRECTION('',(-1.,0.,1.74532925E-07));
#1175 = ORIENTED_EDGE('',*,*,#1159,.F.);
#1176 = ORIENTED_EDGE('',*,*,#1177,.F.);
#1177 = EDGE_CURVE('',#1160,#1160,#1178,.T.);
#1178 = CIRCLE('',#1179,1.1);
#1179 = AXIS2_PLACEMENT_3D('',#1180,#1181,#1182);
#1180 = CARTESIAN_POINT('',(1.7809724515E-06,-6.79998,80.699929999999));
#1181 = DIRECTION('',(1.74532925E-07,0.,1.));
#1182 = DIRECTION('',(-1.,0.,1.74532925E-07));
#1183 = CYLINDRICAL_SURFACE('',#1184,1.1);
#1184 = AXIS2_PLACEMENT_3D('',#1185,#1186,#1187);
#1185 = CARTESIAN_POINT('',(1.78097245212E-06,-6.79998,80.699929999999)
  );
#1186 = DIRECTION('',(-1.7453292488E-07,-0.,-1.));
#1187 = DIRECTION('',(-1.,0.,1.7453292488E-07));
#1188 = ADVANCED_FACE('',(#1189,#1192,#1195,#1198,#1201),#1204,.F.);
#1189 = FACE_BOUND('',#1190,.T.);
#1190 = EDGE_LOOP('',(#1191));
#1191 = ORIENTED_EDGE('',*,*,#1045,.T.);
#1192 = FACE_BOUND('',#1193,.T.);
#1193 = EDGE_LOOP('',(#1194));
#1194 = ORIENTED_EDGE('',*,*,#1078,.F.);
#1195 = FACE_BOUND('',#1196,.T.);
#1196 = EDGE_LOOP('',(#1197));
#1197 = ORIENTED_EDGE('',*,*,#1111,.T.);
#1198 = FACE_BOUND('',#1199,.T.);
#1199 = EDGE_LOOP('',(#1200));
#1200 = ORIENTED_EDGE('',*,*,#1144,.T.);
#1201 = FACE_BOUND('',#1202,.T.);
#1202 = EDGE_LOOP('',(#1203));
#1203 = ORIENTED_EDGE('',*,*,#1177,.T.);
#1204 = PLANE('',#1205);
#1205 = AXIS2_PLACEMENT_3D('',#1206,#1207,#1208);
#1206 = CARTESIAN_POINT('',(1.78097328449E-06,2.000000000013E-05,
    80.699929999999));
#1207 = DIRECTION('',(1.7453292497E-07,0.,1.));
#1208 = DIRECTION('',(1.,0.,-1.7453292497E-07));
#1209 = ADVANCED_FACE('',(#1210,#1213,#1216,#1219,#1222),#1225,.T.);
#1210 = FACE_BOUND('',#1211,.F.);
#1211 = EDGE_LOOP('',(#1212));
#1212 = ORIENTED_EDGE('',*,*,#1037,.T.);
#1213 = FACE_BOUND('',#1214,.F.);
#1214 = EDGE_LOOP('',(#1215));
#1215 = ORIENTED_EDGE('',*,*,#1070,.F.);
#1216 = FACE_BOUND('',#1217,.F.);
#1217 = EDGE_LOOP('',(#1218));
#1218 = ORIENTED_EDGE('',*,*,#1103,.T.);
#1219 = FACE_BOUND('',#1220,.F.);
#1220 = EDGE_LOOP('',(#1221));
#1221 = ORIENTED_EDGE('',*,*,#1136,.T.);
#1222 = FACE_BOUND('',#1223,.F.);
#1223 = EDGE_LOOP('',(#1224));
#1224 = ORIENTED_EDGE('',*,*,#1169,.T.);
#1225 = PLANE('',#1226);
#1226 = AXIS2_PLACEMENT_3D('',#1227,#1228,#1229);
#1227 = CARTESIAN_POINT('',(1.79842657649E-06,2.000000000013E-05,
    80.799929999999));
#1228 = DIRECTION('',(1.7453292497E-07,0.,1.));
#1229 = DIRECTION('',(1.,0.,-1.7453292497E-07));
#1230 = ( GEOMETRIC_REPRESENTATION_CONTEXT(3) 
GLOBAL_UNCERTAINTY_ASSIGNED_CONTEXT((#1234)) 
GLOBAL_UNIT_ASSIGNED_CONTEXT((#1231,#1232,#1233)) REPRESENTATION_CONTEXT
('Context #1','3D Context with UNIT and UNCERTAINTY') );
#1231 = ( LENGTH_UNIT() NAMED_UNIT(*) SI_UNIT(.MILLI.,.METRE.) );
#1232 = ( NAMED_UNIT(*) PLANE_ANGLE_UNIT() SI_UNIT($,.RADIAN.) );
#1233 = ( NAMED_UNIT(*) SI_UNIT($,.STERADIAN.) SOLID_ANGLE_UNIT() );
#1234 = UNCERTAINTY_MEASURE_WITH_UNIT(LENGTH_MEASURE(1.E-07),#1231,
  'distance_accuracy_value','confusion accuracy');
#1235 = CONTEXT_DEPENDENT_SHAPE_REPRESENTATION(#1236,#1238);
#1236 = ( REPRESENTATION_RELATIONSHIP('','',#1020,#10) 
REPRESENTATION_RELATIONSHIP_WITH_TRANSFORMATION(#1237) 
SHAPE_REPRESENTATION_RELATIONSHIP() );
#1237 = ITEM_DEFINED_TRANSFORMATION('','',#11,#19);
#1238 = PRODUCT_DEFINITION_SHAPE('Placement','Placement of an item',
  #1239);
#1239 = NEXT_ASSEMBLY_USAGE_OCCURRENCE('2','Mesh_Top','',#5,#1015,$);
#1240 = PRODUCT_RELATED_PRODUCT_CATEGORY('part',$,(#1017));
#1241 = SHAPE_DEFINITION_REPRESENTATION(#1242,#1248);
#1242 = PRODUCT_DEFINITION_SHAPE('','',#1243);
#1243 = PRODUCT_DEFINITION('design','',#1244,#1247);
#1244 = PRODUCT_DEFINITION_FORMATION('','',#1245);
#1245 = PRODUCT('RubberRing_Top','RubberRing_Top','',(#1246));
#1246 = PRODUCT_CONTEXT('',#2,'mechanical');
#1247 = PRODUCT_DEFINITION_CONTEXT('part definition',#2,'design');
#1248 = ADVANCED_BREP_SHAPE_REPRESENTATION('',(#11,#1249),#1445);
#1249 = MANIFOLD_SOLID_BREP('',#1250);
#1250 = CLOSED_SHELL('',(#1251,#1284,#1310,#1336,#1356,#1376,#1402,#1428
    ));
#1251 = ADVANCED_FACE('',(#1252),#1279,.F.);
#1252 = FACE_BOUND('',#1253,.T.);
#1253 = EDGE_LOOP('',(#1254,#1264,#1271,#1272));
#1254 = ORIENTED_EDGE('',*,*,#1255,.T.);
#1255 = EDGE_CURVE('',#1256,#1258,#1260,.T.);
#1256 = VERTEX_POINT('',#1257);
#1257 = CARTESIAN_POINT('',(10.,0.,0.35));
#1258 = VERTEX_POINT('',#1259);
#1259 = CARTESIAN_POINT('',(10.,0.,0.4));
#1260 = LINE('',#1261,#1262);
#1261 = CARTESIAN_POINT('',(10.,0.,0.));
#1262 = VECTOR('',#1263,1.);
#1263 = DIRECTION('',(0.,0.,1.));
#1264 = ORIENTED_EDGE('',*,*,#1265,.T.);
#1265 = EDGE_CURVE('',#1258,#1258,#1266,.T.);
#1266 = CIRCLE('',#1267,10.);
#1267 = AXIS2_PLACEMENT_3D('',#1268,#1269,#1270);
#1268 = CARTESIAN_POINT('',(0.,0.,0.4));
#1269 = DIRECTION('',(0.,0.,1.));
#1270 = DIRECTION('',(1.,0.,0.));
#1271 = ORIENTED_EDGE('',*,*,#1255,.F.);
#1272 = ORIENTED_EDGE('',*,*,#1273,.F.);
#1273 = EDGE_CURVE('',#1256,#1256,#1274,.T.);
#1274 = CIRCLE('',#1275,10.);
#1275 = AXIS2_PLACEMENT_3D('',#1276,#1277,#1278);
#1276 = CARTESIAN_POINT('',(0.,0.,0.35));
#1277 = DIRECTION('',(0.,0.,1.));
#1278 = DIRECTION('',(1.,0.,-0.));
#1279 = CYLINDRICAL_SURFACE('',#1280,10.);
#1280 = AXIS2_PLACEMENT_3D('',#1281,#1282,#1283);
#1281 = CARTESIAN_POINT('',(0.,0.,0.));
#1282 = DIRECTION('',(-0.,-0.,-1.));
#1283 = DIRECTION('',(1.,0.,0.));
#1284 = ADVANCED_FACE('',(#1285),#1305,.T.);
#1285 = FACE_BOUND('',#1286,.T.);
#1286 = EDGE_LOOP('',(#1287,#1296,#1297,#1298));
#1287 = ORIENTED_EDGE('',*,*,#1288,.F.);
#1288 = EDGE_CURVE('',#1256,#1289,#1291,.T.);
#1289 = VERTEX_POINT('',#1290);
#1290 = CARTESIAN_POINT('',(10.35,0.,0.));
#1291 = CIRCLE('',#1292,0.35);
#1292 = AXIS2_PLACEMENT_3D('',#1293,#1294,#1295);
#1293 = CARTESIAN_POINT('',(10.35,0.,0.35));
#1294 = DIRECTION('',(0.,-1.,0.));
#1295 = DIRECTION('',(1.,0.,0.));
#1296 = ORIENTED_EDGE('',*,*,#1273,.T.);
#1297 = ORIENTED_EDGE('',*,*,#1288,.T.);
#1298 = ORIENTED_EDGE('',*,*,#1299,.F.);
#1299 = EDGE_CURVE('',#1289,#1289,#1300,.T.);
#1300 = CIRCLE('',#1301,10.35);
#1301 = AXIS2_PLACEMENT_3D('',#1302,#1303,#1304);
#1302 = CARTESIAN_POINT('',(0.,0.,0.));
#1303 = DIRECTION('',(0.,0.,1.));
#1304 = DIRECTION('',(1.,0.,-0.));
#1305 = TOROIDAL_SURFACE('',#1306,10.35,0.35);
#1306 = AXIS2_PLACEMENT_3D('',#1307,#1308,#1309);
#1307 = CARTESIAN_POINT('',(0.,0.,0.35));
#1308 = DIRECTION('',(0.,0.,1.));
#1309 = DIRECTION('',(1.,0.,-0.));
#1310 = ADVANCED_FACE('',(#1311),#1331,.T.);
#1311 = FACE_BOUND('',#1312,.T.);
#1312 = EDGE_LOOP('',(#1313,#1322,#1329,#1330));
#1313 = ORIENTED_EDGE('',*,*,#1314,.F.);
#1314 = EDGE_CURVE('',#1315,#1258,#1317,.T.);
#1315 = VERTEX_POINT('',#1316);
#1316 = CARTESIAN_POINT('',(10.35,0.,0.75));
#1317 = CIRCLE('',#1318,0.35);
#1318 = AXIS2_PLACEMENT_3D('',#1319,#1320,#1321);
#1319 = CARTESIAN_POINT('',(10.35,0.,0.4));
#1320 = DIRECTION('',(0.,-1.,0.));
#1321 = DIRECTION('',(1.,0.,0.));
#1322 = ORIENTED_EDGE('',*,*,#1323,.T.);
#1323 = EDGE_CURVE('',#1315,#1315,#1324,.T.);
#1324 = CIRCLE('',#1325,10.35);
#1325 = AXIS2_PLACEMENT_3D('',#1326,#1327,#1328);
#1326 = CARTESIAN_POINT('',(0.,0.,0.75));
#1327 = DIRECTION('',(0.,0.,1.));
#1328 = DIRECTION('',(1.,0.,0.));
#1329 = ORIENTED_EDGE('',*,*,#1314,.T.);
#1330 = ORIENTED_EDGE('',*,*,#1265,.F.);
#1331 = TOROIDAL_SURFACE('',#1332,10.35,0.35);
#1332 = AXIS2_PLACEMENT_3D('',#1333,#1334,#1335);
#1333 = CARTESIAN_POINT('',(0.,0.,0.4));
#1334 = DIRECTION('',(0.,0.,1.));
#1335 = DIRECTION('',(1.,0.,0.));
#1336 = ADVANCED_FACE('',(#1337,#1340),#1351,.F.);
#1337 = FACE_BOUND('',#1338,.F.);
#1338 = EDGE_LOOP('',(#1339));
#1339 = ORIENTED_EDGE('',*,*,#1299,.F.);
#1340 = FACE_BOUND('',#1341,.F.);
#1341 = EDGE_LOOP('',(#1342));
#1342 = ORIENTED_EDGE('',*,*,#1343,.T.);
#1343 = EDGE_CURVE('',#1344,#1344,#1346,.T.);
#1344 = VERTEX_POINT('',#1345);
#1345 = CARTESIAN_POINT('',(10.65,0.,0.));
#1346 = CIRCLE('',#1347,10.65);
#1347 = AXIS2_PLACEMENT_3D('',#1348,#1349,#1350);
#1348 = CARTESIAN_POINT('',(0.,0.,0.));
#1349 = DIRECTION('',(0.,0.,1.));
#1350 = DIRECTION('',(1.,0.,0.));
#1351 = PLANE('',#1352);
#1352 = AXIS2_PLACEMENT_3D('',#1353,#1354,#1355);
#1353 = CARTESIAN_POINT('',(-6.5E-16,7.E-17,0.));
#1354 = DIRECTION('',(0.,0.,1.));
#1355 = DIRECTION('',(1.,0.,0.));
#1356 = ADVANCED_FACE('',(#1357,#1360),#1371,.T.);
#1357 = FACE_BOUND('',#1358,.T.);
#1358 = EDGE_LOOP('',(#1359));
#1359 = ORIENTED_EDGE('',*,*,#1323,.F.);
#1360 = FACE_BOUND('',#1361,.T.);
#1361 = EDGE_LOOP('',(#1362));
#1362 = ORIENTED_EDGE('',*,*,#1363,.T.);
#1363 = EDGE_CURVE('',#1364,#1364,#1366,.T.);
#1364 = VERTEX_POINT('',#1365);
#1365 = CARTESIAN_POINT('',(10.65,0.,0.75));
#1366 = CIRCLE('',#1367,10.65);
#1367 = AXIS2_PLACEMENT_3D('',#1368,#1369,#1370);
#1368 = CARTESIAN_POINT('',(0.,0.,0.75));
#1369 = DIRECTION('',(0.,0.,1.));
#1370 = DIRECTION('',(1.,0.,0.));
#1371 = PLANE('',#1372);
#1372 = AXIS2_PLACEMENT_3D('',#1373,#1374,#1375);
#1373 = CARTESIAN_POINT('',(-6.5E-16,7.E-17,0.75));
#1374 = DIRECTION('',(0.,0.,1.));
#1375 = DIRECTION('',(1.,0.,0.));
#1376 = ADVANCED_FACE('',(#1377),#1397,.T.);
#1377 = FACE_BOUND('',#1378,.F.);
#1378 = EDGE_LOOP('',(#1379,#1388,#1395,#1396));
#1379 = ORIENTED_EDGE('',*,*,#1380,.F.);
#1380 = EDGE_CURVE('',#1381,#1344,#1383,.T.);
#1381 = VERTEX_POINT('',#1382);
#1382 = CARTESIAN_POINT('',(11.,0.,0.35));
#1383 = CIRCLE('',#1384,0.35);
#1384 = AXIS2_PLACEMENT_3D('',#1385,#1386,#1387);
#1385 = CARTESIAN_POINT('',(10.65,0.,0.35));
#1386 = DIRECTION('',(-0.,1.,0.));
#1387 = DIRECTION('',(1.,0.,0.));
#1388 = ORIENTED_EDGE('',*,*,#1389,.F.);
#1389 = EDGE_CURVE('',#1381,#1381,#1390,.T.);
#1390 = CIRCLE('',#1391,11.);
#1391 = AXIS2_PLACEMENT_3D('',#1392,#1393,#1394);
#1392 = CARTESIAN_POINT('',(0.,0.,0.35));
#1393 = DIRECTION('',(0.,0.,1.));
#1394 = DIRECTION('',(1.,0.,0.));
#1395 = ORIENTED_EDGE('',*,*,#1380,.T.);
#1396 = ORIENTED_EDGE('',*,*,#1343,.T.);
#1397 = TOROIDAL_SURFACE('',#1398,10.65,0.35);
#1398 = AXIS2_PLACEMENT_3D('',#1399,#1400,#1401);
#1399 = CARTESIAN_POINT('',(0.,0.,0.35));
#1400 = DIRECTION('',(-0.,-0.,-1.));
#1401 = DIRECTION('',(1.,0.,0.));
#1402 = ADVANCED_FACE('',(#1403),#1423,.T.);
#1403 = FACE_BOUND('',#1404,.T.);
#1404 = EDGE_LOOP('',(#1405,#1414,#1421,#1422));
#1405 = ORIENTED_EDGE('',*,*,#1406,.F.);
#1406 = EDGE_CURVE('',#1407,#1364,#1409,.T.);
#1407 = VERTEX_POINT('',#1408);
#1408 = CARTESIAN_POINT('',(11.,0.,0.4));
#1409 = CIRCLE('',#1410,0.35);
#1410 = AXIS2_PLACEMENT_3D('',#1411,#1412,#1413);
#1411 = CARTESIAN_POINT('',(10.65,0.,0.4));
#1412 = DIRECTION('',(0.,-1.,0.));
#1413 = DIRECTION('',(1.,0.,0.));
#1414 = ORIENTED_EDGE('',*,*,#1415,.T.);
#1415 = EDGE_CURVE('',#1407,#1407,#1416,.T.);
#1416 = CIRCLE('',#1417,11.);
#1417 = AXIS2_PLACEMENT_3D('',#1418,#1419,#1420);
#1418 = CARTESIAN_POINT('',(0.,0.,0.4));
#1419 = DIRECTION('',(0.,0.,1.));
#1420 = DIRECTION('',(1.,0.,0.));
#1421 = ORIENTED_EDGE('',*,*,#1406,.T.);
#1422 = ORIENTED_EDGE('',*,*,#1363,.F.);
#1423 = TOROIDAL_SURFACE('',#1424,10.65,0.35);
#1424 = AXIS2_PLACEMENT_3D('',#1425,#1426,#1427);
#1425 = CARTESIAN_POINT('',(0.,0.,0.4));
#1426 = DIRECTION('',(0.,0.,1.));
#1427 = DIRECTION('',(1.,0.,0.));
#1428 = ADVANCED_FACE('',(#1429),#1440,.T.);
#1429 = FACE_BOUND('',#1430,.F.);
#1430 = EDGE_LOOP('',(#1431,#1437,#1438,#1439));
#1431 = ORIENTED_EDGE('',*,*,#1432,.T.);
#1432 = EDGE_CURVE('',#1381,#1407,#1433,.T.);
#1433 = LINE('',#1434,#1435);
#1434 = CARTESIAN_POINT('',(11.,0.,0.));
#1435 = VECTOR('',#1436,1.);
#1436 = DIRECTION('',(0.,0.,1.));
#1437 = ORIENTED_EDGE('',*,*,#1415,.T.);
#1438 = ORIENTED_EDGE('',*,*,#1432,.F.);
#1439 = ORIENTED_EDGE('',*,*,#1389,.F.);
#1440 = CYLINDRICAL_SURFACE('',#1441,11.);
#1441 = AXIS2_PLACEMENT_3D('',#1442,#1443,#1444);
#1442 = CARTESIAN_POINT('',(0.,0.,0.));
#1443 = DIRECTION('',(-0.,-0.,-1.));
#1444 = DIRECTION('',(1.,0.,0.));
#1445 = ( GEOMETRIC_REPRESENTATION_CONTEXT(3) 
GLOBAL_UNCERTAINTY_ASSIGNED_CONTEXT((#1449)) 
GLOBAL_UNIT_ASSIGNED_CONTEXT((#1446,#1447,#1448)) REPRESENTATION_CONTEXT
('Context #1','3D Context with UNIT and UNCERTAINTY') );
#1446 = ( LENGTH_UNIT() NAMED_UNIT(*) SI_UNIT(.MILLI.,.METRE.) );
#1447 = ( NAMED_UNIT(*) PLANE_ANGLE_UNIT() SI_UNIT($,.RADIAN.) );
#1448 = ( NAMED_UNIT(*) SI_UNIT($,.STERADIAN.) SOLID_ANGLE_UNIT() );
#1449 = UNCERTAINTY_MEASURE_WITH_UNIT(LENGTH_MEASURE(1.E-07),#1446,
  'distance_accuracy_value','confusion accuracy');
#1450 = CONTEXT_DEPENDENT_SHAPE_REPRESENTATION(#1451,#1453);
#1451 = ( REPRESENTATION_RELATIONSHIP('','',#1248,#10) 
REPRESENTATION_RELATIONSHIP_WITH_TRANSFORMATION(#1452) 
SHAPE_REPRESENTATION_RELATIONSHIP() );
#1452 = ITEM_DEFINED_TRANSFORMATION('','',#11,#23);
#1453 = PRODUCT_DEFINITION_SHAPE('Placement','Placement of an item',
  #1454);
#1454 = NEXT_ASSEMBLY_USAGE_OCCURRENCE('3','RubberRing_Top','',#5,#1243,
  $);
#1455 = PRODUCT_RELATED_PRODUCT_CATEGORY('part',$,(#1245));
#1456 = SHAPE_DEFINITION_REPRESENTATION(#1457,#1463);
#1457 = PRODUCT_DEFINITION_SHAPE('','',#1458);
#1458 = PRODUCT_DEFINITION('design','',#1459,#1462);
#1459 = PRODUCT_DEFINITION_FORMATION('','',#1460);
#1460 = PRODUCT('Center','Center','',(#1461));
#1461 = PRODUCT_CONTEXT('',#2,'mechanical');
#1462 = PRODUCT_DEFINITION_CONTEXT('part definition',#2,'design');
#1463 = ADVANCED_BREP_SHAPE_REPRESENTATION('',(#11,#1464),#3612);
#1464 = MANIFOLD_SOLID_BREP('',#1465);
#1465 = CLOSED_SHELL('',(#1466,#1576,#1725,#1927,#2044,#2211,#2378,#2409
    ,#2452,#2476,#2512,#2542,#2559,#2576,#2588,#2612,#2642,#2659,#2676,
    #2688,#2705,#2721,#2779,#2803,#2827,#2852,#2876,#2901,#2925,#2949,
    #2973,#2998,#3022,#3047,#3071,#3088,#3104,#3114,#3124,#3134,#3158,
    #3175,#3192,#3204,#3222,#3246,#3263,#3280,#3292,#3309,#3326,#3343,
    #3375,#3399,#3416,#3435,#3466,#3483,#3509,#3527,#3544,#3561,#3590,
    #3600));
#1466 = ADVANCED_FACE('',(#1467,#1535),#1571,.T.);
#1467 = FACE_BOUND('',#1468,.T.);
#1468 = EDGE_LOOP('',(#1469,#1479,#1486,#1487,#1495,#1503,#1510,#1511,
    #1520,#1528));
#1469 = ORIENTED_EDGE('',*,*,#1470,.F.);
#1470 = EDGE_CURVE('',#1471,#1473,#1475,.T.);
#1471 = VERTEX_POINT('',#1472);
#1472 = CARTESIAN_POINT('',(8.900017366021,0.,99.499968446653));
#1473 = VERTEX_POINT('',#1474);
#1474 = CARTESIAN_POINT('',(8.900016493356,0.,94.499968446653));
#1475 = LINE('',#1476,#1477);
#1476 = CARTESIAN_POINT('',(8.900017366021,0.,99.499968446653));
#1477 = VECTOR('',#1478,1.);
#1478 = DIRECTION('',(-1.7453292495E-07,-0.,-1.));
#1479 = ORIENTED_EDGE('',*,*,#1480,.F.);
#1480 = EDGE_CURVE('',#1471,#1471,#1481,.T.);
#1481 = CIRCLE('',#1482,8.9);
#1482 = AXIS2_PLACEMENT_3D('',#1483,#1484,#1485);
#1483 = CARTESIAN_POINT('',(1.7366020797E-05,0.,99.499969999996));
#1484 = DIRECTION('',(1.74532925E-07,-0.,1.));
#1485 = DIRECTION('',(1.,0.,-1.74532925E-07));
#1486 = ORIENTED_EDGE('',*,*,#1470,.T.);
#1487 = ORIENTED_EDGE('',*,*,#1488,.T.);
#1488 = EDGE_CURVE('',#1473,#1489,#1491,.T.);
#1489 = VERTEX_POINT('',#1490);
#1490 = CARTESIAN_POINT('',(8.900007086031,0.,40.599968446654));
#1491 = LINE('',#1492,#1493);
#1492 = CARTESIAN_POINT('',(8.900017366021,0.,99.499968446653));
#1493 = VECTOR('',#1494,1.);
#1494 = DIRECTION('',(-1.7453292495E-07,-0.,-1.));
#1495 = ORIENTED_EDGE('',*,*,#1496,.T.);
#1496 = EDGE_CURVE('',#1489,#1497,#1499,.T.);
#1497 = VERTEX_POINT('',#1498);
#1498 = CARTESIAN_POINT('',(8.900006213367,0.,35.599968446654));
#1499 = LINE('',#1500,#1501);
#1500 = CARTESIAN_POINT('',(8.900017366021,0.,99.499968446653));
#1501 = VECTOR('',#1502,1.);
#1502 = DIRECTION('',(-1.7453292495E-07,-0.,-1.));
#1503 = ORIENTED_EDGE('',*,*,#1504,.T.);
#1504 = EDGE_CURVE('',#1497,#1497,#1505,.T.);
#1505 = CIRCLE('',#1506,8.9);
#1506 = AXIS2_PLACEMENT_3D('',#1507,#1508,#1509);
#1507 = CARTESIAN_POINT('',(6.213366893E-06,0.,35.599969999997));
#1508 = DIRECTION('',(1.74532925E-07,-0.,1.));
#1509 = DIRECTION('',(1.,0.,-1.74532925E-07));
#1510 = ORIENTED_EDGE('',*,*,#1496,.F.);
#1511 = ORIENTED_EDGE('',*,*,#1512,.F.);
#1512 = EDGE_CURVE('',#1513,#1489,#1515,.T.);
#1513 = VERTEX_POINT('',#1514);
#1514 = CARTESIAN_POINT('',(-8.899992913968,0.,40.59997155334));
#1515 = CIRCLE('',#1516,8.9);
#1516 = AXIS2_PLACEMENT_3D('',#1517,#1518,#1519);
#1517 = CARTESIAN_POINT('',(7.08603151703E-06,0.,40.599969999997));
#1518 = DIRECTION('',(1.7453292495E-07,-0.,1.));
#1519 = DIRECTION('',(1.,0.,-1.7453292495E-07));
#1520 = ORIENTED_EDGE('',*,*,#1521,.F.);
#1521 = EDGE_CURVE('',#1522,#1513,#1524,.T.);
#1522 = VERTEX_POINT('',#1523);
#1523 = CARTESIAN_POINT('',(-8.899983506644,0.,94.499971553339));
#1524 = LINE('',#1525,#1526);
#1525 = CARTESIAN_POINT('',(-8.899983506644,0.,94.499971553339));
#1526 = VECTOR('',#1527,1.);
#1527 = DIRECTION('',(-1.74532924E-07,0.,-1.));
#1528 = ORIENTED_EDGE('',*,*,#1529,.T.);
#1529 = EDGE_CURVE('',#1522,#1473,#1530,.T.);
#1530 = CIRCLE('',#1531,8.9);
#1531 = AXIS2_PLACEMENT_3D('',#1532,#1533,#1534);
#1532 = CARTESIAN_POINT('',(1.649335617184E-05,0.,94.499969999996));
#1533 = DIRECTION('',(1.7453292495E-07,-0.,1.));
#1534 = DIRECTION('',(1.,0.,-1.7453292495E-07));
#1535 = FACE_BOUND('',#1536,.T.);
#1536 = EDGE_LOOP('',(#1537,#1547,#1556,#1564));
#1537 = ORIENTED_EDGE('',*,*,#1538,.F.);
#1538 = EDGE_CURVE('',#1539,#1541,#1543,.T.);
#1539 = VERTEX_POINT('',#1540);
#1540 = CARTESIAN_POINT('',(6.290559753188,6.295956281311,
    94.499968902089));
#1541 = VERTEX_POINT('',#1542);
#1542 = CARTESIAN_POINT('',(6.290550345863,6.295956281311,40.59996890209
    ));
#1543 = LINE('',#1544,#1545);
#1544 = CARTESIAN_POINT('',(6.290559753188,6.295956281311,
    94.499968902089));
#1545 = VECTOR('',#1546,1.);
#1546 = DIRECTION('',(-1.7453292437E-07,-0.,-1.));
#1547 = ORIENTED_EDGE('',*,*,#1548,.T.);
#1548 = EDGE_CURVE('',#1539,#1549,#1551,.T.);
#1549 = VERTEX_POINT('',#1550);
#1550 = CARTESIAN_POINT('',(-6.290526766475,6.295956281311,
    94.499971097903));
#1551 = CIRCLE('',#1552,8.9);
#1552 = AXIS2_PLACEMENT_3D('',#1553,#1554,#1555);
#1553 = CARTESIAN_POINT('',(1.649335617418E-05,0.,94.499969999996));
#1554 = DIRECTION('',(1.74532924E-07,-0.,1.));
#1555 = DIRECTION('',(1.,0.,-1.74532924E-07));
#1556 = ORIENTED_EDGE('',*,*,#1557,.T.);
#1557 = EDGE_CURVE('',#1549,#1558,#1560,.T.);
#1558 = VERTEX_POINT('',#1559);
#1559 = CARTESIAN_POINT('',(-6.2905361738,6.295956281311,40.599971097904
    ));
#1560 = LINE('',#1561,#1562);
#1561 = CARTESIAN_POINT('',(-6.290526766475,6.295956281311,
    94.499971097903));
#1562 = VECTOR('',#1563,1.);
#1563 = DIRECTION('',(-1.7453292437E-07,-0.,-1.));
#1564 = ORIENTED_EDGE('',*,*,#1565,.F.);
#1565 = EDGE_CURVE('',#1541,#1558,#1566,.T.);
#1566 = CIRCLE('',#1567,8.9);
#1567 = AXIS2_PLACEMENT_3D('',#1568,#1569,#1570);
#1568 = CARTESIAN_POINT('',(7.08603155061E-06,0.,40.599969999997));
#1569 = DIRECTION('',(1.7453292437E-07,-0.,1.));
#1570 = DIRECTION('',(1.,0.,-1.7453292437E-07));
#1571 = CYLINDRICAL_SURFACE('',#1572,8.9);
#1572 = AXIS2_PLACEMENT_3D('',#1573,#1574,#1575);
#1573 = CARTESIAN_POINT('',(1.736602079659E-05,0.,99.499969999996));
#1574 = DIRECTION('',(1.7453292495E-07,0.,1.));
#1575 = DIRECTION('',(1.,0.,-1.7453292495E-07));
#1576 = ADVANCED_FACE('',(#1577,#1709),#1720,.T.);
#1577 = FACE_BOUND('',#1578,.T.);
#1578 = EDGE_LOOP('',(#1579,#1587,#1588,#1596,#1605,#1614,#1623,#1632,
    #1641,#1649,#1658,#1666,#1675,#1684,#1693,#1702));
#1579 = ORIENTED_EDGE('',*,*,#1580,.F.);
#1580 = EDGE_CURVE('',#1473,#1581,#1583,.T.);
#1581 = VERTEX_POINT('',#1582);
#1582 = CARTESIAN_POINT('',(6.892244129225,1.E-15,94.499968797076));
#1583 = LINE('',#1584,#1585);
#1584 = CARTESIAN_POINT('',(8.900016493356,0.,94.499968446653));
#1585 = VECTOR('',#1586,1.);
#1586 = DIRECTION('',(-1.,0.,1.74532924E-07));
#1587 = ORIENTED_EDGE('',*,*,#1529,.F.);
#1588 = ORIENTED_EDGE('',*,*,#1589,.F.);
#1589 = EDGE_CURVE('',#1590,#1522,#1592,.T.);
#1590 = VERTEX_POINT('',#1591);
#1591 = CARTESIAN_POINT('',(-6.892213514235,3.E-15,94.499971202917));
#1592 = LINE('',#1593,#1594);
#1593 = CARTESIAN_POINT('',(8.900016493356,0.,94.499968446653));
#1594 = VECTOR('',#1595,1.);
#1595 = DIRECTION('',(-1.,0.,1.74532924E-07));
#1596 = ORIENTED_EDGE('',*,*,#1597,.T.);
#1597 = EDGE_CURVE('',#1590,#1598,#1600,.T.);
#1598 = VERTEX_POINT('',#1599);
#1599 = CARTESIAN_POINT('',(-7.779980340488,-1.371804881523,
    94.499971357862));
#1600 = CIRCLE('',#1601,1.2);
#1601 = AXIS2_PLACEMENT_3D('',#1602,#1603,#1604);
#1602 = CARTESIAN_POINT('',(-6.598211036874,-1.163427068323,
    94.499971151604));
#1603 = DIRECTION('',(1.74532924E-07,-0.,1.));
#1604 = DIRECTION('',(1.,0.,-1.74532924E-07));
#1605 = ORIENTED_EDGE('',*,*,#1606,.T.);
#1606 = EDGE_CURVE('',#1598,#1607,#1609,.T.);
#1607 = VERTEX_POINT('',#1608);
#1608 = CARTESIAN_POINT('',(-5.078021208216,-6.051735378594,
    94.499970886281));
#1609 = CIRCLE('',#1610,7.899999468193);
#1610 = AXIS2_PLACEMENT_3D('',#1611,#1612,#1613);
#1611 = CARTESIAN_POINT('',(4.181929646602E-07,1.543907724312E-05,
    94.499969999999));
#1612 = DIRECTION('',(1.74532924E-07,-0.,1.));
#1613 = DIRECTION('',(1.,0.,-1.74532924E-07));
#1614 = ORIENTED_EDGE('',*,*,#1615,.T.);
#1615 = EDGE_CURVE('',#1607,#1616,#1618,.T.);
#1616 = VERTEX_POINT('',#1617);
#1617 = CARTESIAN_POINT('',(-3.535330944968,-4.213228715108,
    94.499970617031));
#1618 = CIRCLE('',#1619,1.2);
#1619 = AXIS2_PLACEMENT_3D('',#1620,#1621,#1622);
#1620 = CARTESIAN_POINT('',(-4.306676076592,-5.132482046851,
    94.499970751656));
#1621 = DIRECTION('',(1.74532924E-07,-0.,1.));
#1622 = DIRECTION('',(1.,0.,-1.74532924E-07));
#1623 = ORIENTED_EDGE('',*,*,#1624,.F.);
#1624 = EDGE_CURVE('',#1625,#1616,#1627,.T.);
#1625 = VERTEX_POINT('',#1626);
#1626 = CARTESIAN_POINT('',(-5.416441733259,-0.955049255122,
    94.499970945347));
#1627 = CIRCLE('',#1628,5.500000652899);
#1628 = AXIS2_PLACEMENT_3D('',#1629,#1630,#1631);
#1629 = CARTESIAN_POINT('',(1.51002244258E-06,1.60694459943E-05,
    94.499969999999));
#1630 = DIRECTION('',(1.74532924E-07,-0.,1.));
#1631 = DIRECTION('',(1.,0.,-1.74532924E-07));
#1632 = ORIENTED_EDGE('',*,*,#1633,.T.);
#1633 = EDGE_CURVE('',#1625,#1634,#1636,.T.);
#1634 = VERTEX_POINT('',#1635);
#1635 = CARTESIAN_POINT('',(-6.304208559513,3.E-15,94.499971100291));
#1636 = CIRCLE('',#1637,1.2);
#1637 = AXIS2_PLACEMENT_3D('',#1638,#1639,#1640);
#1638 = CARTESIAN_POINT('',(-6.598211036874,-1.163427068323,
    94.499971151604));
#1639 = DIRECTION('',(1.74532924E-07,-0.,1.));
#1640 = DIRECTION('',(1.,0.,-1.74532924E-07));
#1641 = ORIENTED_EDGE('',*,*,#1642,.F.);
#1642 = EDGE_CURVE('',#1643,#1634,#1645,.T.);
#1643 = VERTEX_POINT('',#1644);
#1644 = CARTESIAN_POINT('',(-4.100004506644,-1.34E-13,94.499970715585));
#1645 = LINE('',#1646,#1647);
#1646 = CARTESIAN_POINT('',(8.900016493356,0.,94.499968446653));
#1647 = VECTOR('',#1648,1.);
#1648 = DIRECTION('',(-1.,0.,1.74532924E-07));
#1649 = ORIENTED_EDGE('',*,*,#1650,.T.);
#1650 = EDGE_CURVE('',#1643,#1651,#1653,.T.);
#1651 = VERTEX_POINT('',#1652);
#1652 = CARTESIAN_POINT('',(4.100037493356,0.,94.499969284408));
#1653 = CIRCLE('',#1654,4.100021);
#1654 = AXIS2_PLACEMENT_3D('',#1655,#1656,#1657);
#1655 = CARTESIAN_POINT('',(1.6493356117E-05,0.,94.499969999996));
#1656 = DIRECTION('',(1.74532924E-07,-0.,1.));
#1657 = DIRECTION('',(1.,0.,-1.74532924E-07));
#1658 = ORIENTED_EDGE('',*,*,#1659,.F.);
#1659 = EDGE_CURVE('',#1660,#1651,#1662,.T.);
#1660 = VERTEX_POINT('',#1661);
#1661 = CARTESIAN_POINT('',(6.304184034818,5.E-15,94.499968899712));
#1662 = LINE('',#1663,#1664);
#1663 = CARTESIAN_POINT('',(8.900016493356,0.,94.499968446653));
#1664 = VECTOR('',#1665,1.);
#1665 = DIRECTION('',(-1.,0.,1.74532924E-07));
#1666 = ORIENTED_EDGE('',*,*,#1667,.T.);
#1667 = EDGE_CURVE('',#1660,#1668,#1670,.T.);
#1668 = VERTEX_POINT('',#1669);
#1669 = CARTESIAN_POINT('',(5.416443549885,-0.955049255124,
    94.499969054652));
#1670 = CIRCLE('',#1671,1.2);
#1671 = AXIS2_PLACEMENT_3D('',#1672,#1673,#1674);
#1672 = CARTESIAN_POINT('',(6.598214082022,-1.16342010097,
    94.499968848394));
#1673 = DIRECTION('',(1.74532924E-07,-0.,1.));
#1674 = DIRECTION('',(1.,0.,-1.74532924E-07));
#1675 = ORIENTED_EDGE('',*,*,#1676,.F.);
#1676 = EDGE_CURVE('',#1677,#1668,#1679,.T.);
#1677 = VERTEX_POINT('',#1678);
#1678 = CARTESIAN_POINT('',(3.535332761584,-4.213228715108,
    94.499969382967));
#1679 = CIRCLE('',#1680,5.500000029398);
#1680 = AXIS2_PLACEMENT_3D('',#1681,#1682,#1683);
#1681 = CARTESIAN_POINT('',(8.812143367602E-07,1.573768833405E-05,
    94.499969999999));
#1682 = DIRECTION('',(1.74532924E-07,-0.,1.));
#1683 = DIRECTION('',(1.,0.,-1.74532924E-07));
#1684 = ORIENTED_EDGE('',*,*,#1685,.T.);
#1685 = EDGE_CURVE('',#1677,#1686,#1688,.T.);
#1686 = VERTEX_POINT('',#1687);
#1687 = CARTESIAN_POINT('',(5.078023024831,-6.051735378594,
    94.499969113717));
#1688 = CIRCLE('',#1689,1.2);
#1689 = AXIS2_PLACEMENT_3D('',#1690,#1691,#1692);
#1690 = CARTESIAN_POINT('',(4.306677837015,-5.132482094002,
    94.499969248342));
#1691 = DIRECTION('',(1.74532924E-07,-0.,1.));
#1692 = DIRECTION('',(1.,0.,-1.74532924E-07));
#1693 = ORIENTED_EDGE('',*,*,#1694,.T.);
#1694 = EDGE_CURVE('',#1686,#1695,#1697,.T.);
#1695 = VERTEX_POINT('',#1696);
#1696 = CARTESIAN_POINT('',(7.779982157094,-1.371804881521,
    94.499968642136));
#1697 = CIRCLE('',#1698,7.900000029398);
#1698 = AXIS2_PLACEMENT_3D('',#1699,#1700,#1701);
#1699 = CARTESIAN_POINT('',(8.812142049302E-07,1.573768840899E-05,
    94.499969999999));
#1700 = DIRECTION('',(1.74532924E-07,-0.,1.));
#1701 = DIRECTION('',(1.,0.,-1.74532924E-07));
#1702 = ORIENTED_EDGE('',*,*,#1703,.T.);
#1703 = EDGE_CURVE('',#1695,#1581,#1704,.T.);
#1704 = CIRCLE('',#1705,1.2);
#1705 = AXIS2_PLACEMENT_3D('',#1706,#1707,#1708);
#1706 = CARTESIAN_POINT('',(6.598214082022,-1.16342010097,
    94.499968848394));
#1707 = DIRECTION('',(1.74532924E-07,-0.,1.));
#1708 = DIRECTION('',(1.,0.,-1.74532924E-07));
#1709 = FACE_BOUND('',#1710,.T.);
#1710 = EDGE_LOOP('',(#1711));
#1711 = ORIENTED_EDGE('',*,*,#1712,.T.);
#1712 = EDGE_CURVE('',#1713,#1713,#1715,.T.);
#1713 = VERTEX_POINT('',#1714);
#1714 = CARTESIAN_POINT('',(1.100000908308,-6.799984277954,
    94.499969808013));
#1715 = CIRCLE('',#1716,1.1);
#1716 = AXIS2_PLACEMENT_3D('',#1717,#1718,#1719);
#1717 = CARTESIAN_POINT('',(9.0830782737E-07,-6.799984277954,
    94.499969999999));
#1718 = DIRECTION('',(1.7453292495E-07,-0.,1.));
#1719 = DIRECTION('',(1.,0.,-1.7453292495E-07));
#1720 = PLANE('',#1721);
#1721 = AXIS2_PLACEMENT_3D('',#1722,#1723,#1724);
#1722 = CARTESIAN_POINT('',(8.900016493356,0.,94.499968446653));
#1723 = DIRECTION('',(-1.7453292437E-07,-1.1E-16,-1.));
#1724 = DIRECTION('',(-1.,0.,1.7453292437E-07));
#1725 = ADVANCED_FACE('',(#1726),#1922,.F.);
#1726 = FACE_BOUND('',#1727,.F.);
#1727 = EDGE_LOOP('',(#1728,#1729,#1730,#1736,#1737,#1743,#1744,#1750,
    #1751,#1752,#1760,#1768,#1776,#1784,#1792,#1800,#1809,#1817,#1826,
    #1834,#1842,#1850,#1859,#1867,#1876,#1884,#1892,#1900,#1908,#1916));
#1728 = ORIENTED_EDGE('',*,*,#1521,.F.);
#1729 = ORIENTED_EDGE('',*,*,#1589,.F.);
#1730 = ORIENTED_EDGE('',*,*,#1731,.F.);
#1731 = EDGE_CURVE('',#1634,#1590,#1732,.T.);
#1732 = LINE('',#1733,#1734);
#1733 = CARTESIAN_POINT('',(8.900016493356,0.,94.499968446653));
#1734 = VECTOR('',#1735,1.);
#1735 = DIRECTION('',(-1.,0.,1.74532924E-07));
#1736 = ORIENTED_EDGE('',*,*,#1642,.F.);
#1737 = ORIENTED_EDGE('',*,*,#1738,.F.);
#1738 = EDGE_CURVE('',#1651,#1643,#1739,.T.);
#1739 = LINE('',#1740,#1741);
#1740 = CARTESIAN_POINT('',(8.900016493356,0.,94.499968446653));
#1741 = VECTOR('',#1742,1.);
#1742 = DIRECTION('',(-1.,0.,1.74532924E-07));
#1743 = ORIENTED_EDGE('',*,*,#1659,.F.);
#1744 = ORIENTED_EDGE('',*,*,#1745,.F.);
#1745 = EDGE_CURVE('',#1581,#1660,#1746,.T.);
#1746 = LINE('',#1747,#1748);
#1747 = CARTESIAN_POINT('',(8.900016493356,0.,94.499968446653));
#1748 = VECTOR('',#1749,1.);
#1749 = DIRECTION('',(-1.,0.,1.74532924E-07));
#1750 = ORIENTED_EDGE('',*,*,#1580,.F.);
#1751 = ORIENTED_EDGE('',*,*,#1488,.T.);
#1752 = ORIENTED_EDGE('',*,*,#1753,.F.);
#1753 = EDGE_CURVE('',#1754,#1489,#1756,.T.);
#1754 = VERTEX_POINT('',#1755);
#1755 = CARTESIAN_POINT('',(6.892189886785,3.E-15,40.599968797084));
#1756 = LINE('',#1757,#1758);
#1757 = CARTESIAN_POINT('',(-8.899992913968,0.,40.59997155334));
#1758 = VECTOR('',#1759,1.);
#1759 = DIRECTION('',(1.,0.,-1.74532924E-07));
#1760 = ORIENTED_EDGE('',*,*,#1761,.F.);
#1761 = EDGE_CURVE('',#1762,#1754,#1764,.T.);
#1762 = VERTEX_POINT('',#1763);
#1763 = CARTESIAN_POINT('',(6.304236957861,-3.E-15,40.599968899701));
#1764 = LINE('',#1765,#1766);
#1765 = CARTESIAN_POINT('',(-8.899992913968,0.,40.59997155334));
#1766 = VECTOR('',#1767,1.);
#1767 = DIRECTION('',(1.,0.,-1.74532924E-07));
#1768 = ORIENTED_EDGE('',*,*,#1769,.F.);
#1769 = EDGE_CURVE('',#1770,#1762,#1772,.T.);
#1770 = VERTEX_POINT('',#1771);
#1771 = CARTESIAN_POINT('',(4.09999074639,0.,40.599969284415));
#1772 = LINE('',#1773,#1774);
#1773 = CARTESIAN_POINT('',(-8.899992913968,0.,40.59997155334));
#1774 = VECTOR('',#1775,1.);
#1775 = DIRECTION('',(1.,0.,-1.74532924E-07));
#1776 = ORIENTED_EDGE('',*,*,#1777,.T.);
#1777 = EDGE_CURVE('',#1770,#1778,#1780,.T.);
#1778 = VERTEX_POINT('',#1779);
#1779 = CARTESIAN_POINT('',(4.099990833657,5.E-15,41.099970715579));
#1780 = LINE('',#1781,#1782);
#1781 = CARTESIAN_POINT('',(4.09999074639,1.E-15,40.599969284415));
#1782 = VECTOR('',#1783,1.);
#1783 = DIRECTION('',(1.7453292429E-07,0.,1.));
#1784 = ORIENTED_EDGE('',*,*,#1785,.T.);
#1785 = EDGE_CURVE('',#1778,#1786,#1788,.T.);
#1786 = VERTEX_POINT('',#1787);
#1787 = CARTESIAN_POINT('',(7.7,9.E-15,41.099970715579));
#1788 = LINE('',#1789,#1790);
#1789 = CARTESIAN_POINT('',(-7.7,0.,41.099970715579));
#1790 = VECTOR('',#1791,1.);
#1791 = DIRECTION('',(1.,0.,0.));
#1792 = ORIENTED_EDGE('',*,*,#1793,.F.);
#1793 = EDGE_CURVE('',#1794,#1786,#1796,.T.);
#1794 = VERTEX_POINT('',#1795);
#1795 = CARTESIAN_POINT('',(7.7,1.E-14,44.299970715579));
#1796 = LINE('',#1797,#1798);
#1797 = CARTESIAN_POINT('',(7.7,0.,44.299970715579));
#1798 = VECTOR('',#1799,1.);
#1799 = DIRECTION('',(0.,0.,-1.));
#1800 = ORIENTED_EDGE('',*,*,#1801,.F.);
#1801 = EDGE_CURVE('',#1802,#1794,#1804,.T.);
#1802 = VERTEX_POINT('',#1803);
#1803 = CARTESIAN_POINT('',(7.7,1.1E-14,47.299970715579));
#1804 = CIRCLE('',#1805,1.5);
#1805 = AXIS2_PLACEMENT_3D('',#1806,#1807,#1808);
#1806 = CARTESIAN_POINT('',(7.7,0.,45.799970715579));
#1807 = DIRECTION('',(0.,-1.,0.));
#1808 = DIRECTION('',(1.,0.,0.));
#1809 = ORIENTED_EDGE('',*,*,#1810,.F.);
#1810 = EDGE_CURVE('',#1811,#1802,#1813,.T.);
#1811 = VERTEX_POINT('',#1812);
#1812 = CARTESIAN_POINT('',(7.7,1.9E-14,84.299970715579));
#1813 = LINE('',#1814,#1815);
#1814 = CARTESIAN_POINT('',(7.7,0.,84.299970715579));
#1815 = VECTOR('',#1816,1.);
#1816 = DIRECTION('',(0.,0.,-1.));
#1817 = ORIENTED_EDGE('',*,*,#1818,.F.);
#1818 = EDGE_CURVE('',#1819,#1811,#1821,.T.);
#1819 = VERTEX_POINT('',#1820);
#1820 = CARTESIAN_POINT('',(7.7,1.9E-14,87.299970715579));
#1821 = CIRCLE('',#1822,1.5);
#1822 = AXIS2_PLACEMENT_3D('',#1823,#1824,#1825);
#1823 = CARTESIAN_POINT('',(7.7,0.,85.799970715579));
#1824 = DIRECTION('',(0.,-1.,0.));
#1825 = DIRECTION('',(1.,0.,0.));
#1826 = ORIENTED_EDGE('',*,*,#1827,.T.);
#1827 = EDGE_CURVE('',#1819,#1828,#1830,.T.);
#1828 = VERTEX_POINT('',#1829);
#1829 = CARTESIAN_POINT('',(7.7,2.E-14,91.499970715579));
#1830 = LINE('',#1831,#1832);
#1831 = CARTESIAN_POINT('',(7.7,0.,87.299970715579));
#1832 = VECTOR('',#1833,1.);
#1833 = DIRECTION('',(0.,0.,1.));
#1834 = ORIENTED_EDGE('',*,*,#1835,.T.);
#1835 = EDGE_CURVE('',#1828,#1836,#1838,.T.);
#1836 = VERTEX_POINT('',#1837);
#1837 = CARTESIAN_POINT('',(-7.7,2.E-14,91.499970715579));
#1838 = LINE('',#1839,#1840);
#1839 = CARTESIAN_POINT('',(7.7,0.,91.499970715579));
#1840 = VECTOR('',#1841,1.);
#1841 = DIRECTION('',(-1.,0.,0.));
#1842 = ORIENTED_EDGE('',*,*,#1843,.F.);
#1843 = EDGE_CURVE('',#1844,#1836,#1846,.T.);
#1844 = VERTEX_POINT('',#1845);
#1845 = CARTESIAN_POINT('',(-7.7,1.9E-14,87.299970715579));
#1846 = LINE('',#1847,#1848);
#1847 = CARTESIAN_POINT('',(-7.7,0.,87.299970715579));
#1848 = VECTOR('',#1849,1.);
#1849 = DIRECTION('',(0.,0.,1.));
#1850 = ORIENTED_EDGE('',*,*,#1851,.F.);
#1851 = EDGE_CURVE('',#1852,#1844,#1854,.T.);
#1852 = VERTEX_POINT('',#1853);
#1853 = CARTESIAN_POINT('',(-7.7,1.9E-14,84.299970715579));
#1854 = CIRCLE('',#1855,1.5);
#1855 = AXIS2_PLACEMENT_3D('',#1856,#1857,#1858);
#1856 = CARTESIAN_POINT('',(-7.7,0.,85.799970715579));
#1857 = DIRECTION('',(0.,-1.,0.));
#1858 = DIRECTION('',(1.,0.,0.));
#1859 = ORIENTED_EDGE('',*,*,#1860,.T.);
#1860 = EDGE_CURVE('',#1852,#1861,#1863,.T.);
#1861 = VERTEX_POINT('',#1862);
#1862 = CARTESIAN_POINT('',(-7.7,1.1E-14,47.299970715579));
#1863 = LINE('',#1864,#1865);
#1864 = CARTESIAN_POINT('',(-7.7,0.,84.299970715579));
#1865 = VECTOR('',#1866,1.);
#1866 = DIRECTION('',(0.,0.,-1.));
#1867 = ORIENTED_EDGE('',*,*,#1868,.F.);
#1868 = EDGE_CURVE('',#1869,#1861,#1871,.T.);
#1869 = VERTEX_POINT('',#1870);
#1870 = CARTESIAN_POINT('',(-7.7,1.E-14,44.299970715579));
#1871 = CIRCLE('',#1872,1.5);
#1872 = AXIS2_PLACEMENT_3D('',#1873,#1874,#1875);
#1873 = CARTESIAN_POINT('',(-7.7,0.,45.799970715579));
#1874 = DIRECTION('',(0.,-1.,0.));
#1875 = DIRECTION('',(1.,0.,0.));
#1876 = ORIENTED_EDGE('',*,*,#1877,.F.);
#1877 = EDGE_CURVE('',#1878,#1869,#1880,.T.);
#1878 = VERTEX_POINT('',#1879);
#1879 = CARTESIAN_POINT('',(-7.7,9.E-15,41.099970715579));
#1880 = LINE('',#1881,#1882);
#1881 = CARTESIAN_POINT('',(-7.7,0.,41.099970715579));
#1882 = VECTOR('',#1883,1.);
#1883 = DIRECTION('',(0.,0.,1.));
#1884 = ORIENTED_EDGE('',*,*,#1885,.T.);
#1885 = EDGE_CURVE('',#1878,#1886,#1888,.T.);
#1886 = VERTEX_POINT('',#1887);
#1887 = CARTESIAN_POINT('',(-4.099976487061,4.E-15,41.099970715579));
#1888 = LINE('',#1889,#1890);
#1889 = CARTESIAN_POINT('',(-7.7,0.,41.099970715579));
#1890 = VECTOR('',#1891,1.);
#1891 = DIRECTION('',(1.,0.,0.));
#1892 = ORIENTED_EDGE('',*,*,#1893,.F.);
#1893 = EDGE_CURVE('',#1894,#1886,#1896,.T.);
#1894 = VERTEX_POINT('',#1895);
#1895 = CARTESIAN_POINT('',(-4.099976574327,-1.35E-13,40.599970715579));
#1896 = LINE('',#1897,#1898);
#1897 = CARTESIAN_POINT('',(-4.099976574327,-5.E-16,40.599970715579));
#1898 = VECTOR('',#1899,1.);
#1899 = DIRECTION('',(1.7453292429E-07,0.,1.));
#1900 = ORIENTED_EDGE('',*,*,#1901,.F.);
#1901 = EDGE_CURVE('',#1902,#1894,#1904,.T.);
#1902 = VERTEX_POINT('',#1903);
#1903 = CARTESIAN_POINT('',(-6.304206831637,3.E-15,40.59997110029));
#1904 = LINE('',#1905,#1906);
#1905 = CARTESIAN_POINT('',(-8.899992913968,0.,40.59997155334));
#1906 = VECTOR('',#1907,1.);
#1907 = DIRECTION('',(1.,0.,-1.74532924E-07));
#1908 = ORIENTED_EDGE('',*,*,#1909,.F.);
#1909 = EDGE_CURVE('',#1910,#1902,#1912,.T.);
#1910 = VERTEX_POINT('',#1911);
#1911 = CARTESIAN_POINT('',(-6.892211786359,3.E-15,40.599971202916));
#1912 = LINE('',#1913,#1914);
#1913 = CARTESIAN_POINT('',(-8.899992913968,0.,40.59997155334));
#1914 = VECTOR('',#1915,1.);
#1915 = DIRECTION('',(1.,0.,-1.74532924E-07));
#1916 = ORIENTED_EDGE('',*,*,#1917,.F.);
#1917 = EDGE_CURVE('',#1513,#1910,#1918,.T.);
#1918 = LINE('',#1919,#1920);
#1919 = CARTESIAN_POINT('',(-8.899992913968,0.,40.59997155334));
#1920 = VECTOR('',#1921,1.);
#1921 = DIRECTION('',(1.,0.,-1.74532924E-07));
#1922 = PLANE('',#1923);
#1923 = AXIS2_PLACEMENT_3D('',#1924,#1925,#1926);
#1924 = CARTESIAN_POINT('',(1.178969381725E-05,0.,67.549969999997));
#1925 = DIRECTION('',(0.,1.,0.));
#1926 = DIRECTION('',(0.,0.,1.));
#1927 = ADVANCED_FACE('',(#1928,#2028),#2039,.T.);
#1928 = FACE_BOUND('',#1929,.T.);
#1929 = EDGE_LOOP('',(#1930,#1931,#1932,#1933,#1942,#1951,#1960,#1969,
    #1976,#1977,#1984,#1985,#1994,#2003,#2012,#2021));
#1930 = ORIENTED_EDGE('',*,*,#1917,.F.);
#1931 = ORIENTED_EDGE('',*,*,#1512,.T.);
#1932 = ORIENTED_EDGE('',*,*,#1753,.F.);
#1933 = ORIENTED_EDGE('',*,*,#1934,.T.);
#1934 = EDGE_CURVE('',#1754,#1935,#1937,.T.);
#1935 = VERTEX_POINT('',#1936);
#1936 = CARTESIAN_POINT('',(7.779983884972,-1.371804881521,
    40.599968642135));
#1937 = CIRCLE('',#1938,1.200000000002);
#1938 = AXIS2_PLACEMENT_3D('',#1939,#1940,#1941);
#1939 = CARTESIAN_POINT('',(6.598213422323,-1.163433641575,
    40.599968848393));
#1940 = DIRECTION('',(-1.74532924E-07,-0.,-1.));
#1941 = DIRECTION('',(1.,0.,-1.74532924E-07));
#1942 = ORIENTED_EDGE('',*,*,#1943,.T.);
#1943 = EDGE_CURVE('',#1935,#1944,#1946,.T.);
#1944 = VERTEX_POINT('',#1945);
#1945 = CARTESIAN_POINT('',(5.078024752707,-6.051735378594,
    40.599969113716));
#1946 = CIRCLE('',#1947,7.9);
#1947 = AXIS2_PLACEMENT_3D('',#1948,#1949,#1950);
#1948 = CARTESIAN_POINT('',(2.6361837799E-06,1.5722045901E-05,
    40.599969999998));
#1949 = DIRECTION('',(-1.74532924E-07,-0.,-1.));
#1950 = DIRECTION('',(1.,0.,-1.74532924E-07));
#1951 = ORIENTED_EDGE('',*,*,#1952,.T.);
#1952 = EDGE_CURVE('',#1944,#1953,#1955,.T.);
#1953 = VERTEX_POINT('',#1954);
#1954 = CARTESIAN_POINT('',(3.53533448946,-4.213228715108,
    40.599969382966));
#1955 = CIRCLE('',#1956,1.2);
#1956 = AXIS2_PLACEMENT_3D('',#1957,#1958,#1959);
#1957 = CARTESIAN_POINT('',(4.30667983761,-5.132481865164,
    40.599969248341));
#1958 = DIRECTION('',(-1.74532924E-07,-0.,-1.));
#1959 = DIRECTION('',(1.,0.,-1.74532924E-07));
#1960 = ORIENTED_EDGE('',*,*,#1961,.F.);
#1961 = EDGE_CURVE('',#1962,#1953,#1964,.T.);
#1962 = VERTEX_POINT('',#1963);
#1963 = CARTESIAN_POINT('',(5.416445277759,-0.955049255124,
    40.59996905465));
#1964 = CIRCLE('',#1965,5.5);
#1965 = AXIS2_PLACEMENT_3D('',#1966,#1967,#1968);
#1966 = CARTESIAN_POINT('',(2.6361837839E-06,1.57220458974E-05,
    40.599969999998));
#1967 = DIRECTION('',(-1.74532924E-07,-0.,-1.));
#1968 = DIRECTION('',(1.,0.,-1.74532924E-07));
#1969 = ORIENTED_EDGE('',*,*,#1970,.T.);
#1970 = EDGE_CURVE('',#1962,#1762,#1971,.T.);
#1971 = CIRCLE('',#1972,1.200000000002);
#1972 = AXIS2_PLACEMENT_3D('',#1973,#1974,#1975);
#1973 = CARTESIAN_POINT('',(6.598213422323,-1.163433641575,
    40.599968848393));
#1974 = DIRECTION('',(-1.74532924E-07,-0.,-1.));
#1975 = DIRECTION('',(1.,0.,-1.74532924E-07));
#1976 = ORIENTED_EDGE('',*,*,#1769,.F.);
#1977 = ORIENTED_EDGE('',*,*,#1978,.T.);
#1978 = EDGE_CURVE('',#1770,#1894,#1979,.T.);
#1979 = CIRCLE('',#1980,4.099983660359);
#1980 = AXIS2_PLACEMENT_3D('',#1981,#1982,#1983);
#1981 = CARTESIAN_POINT('',(7.086031494E-06,0.,40.599969999997));
#1982 = DIRECTION('',(-1.74532924E-07,-0.,-1.));
#1983 = DIRECTION('',(1.,0.,-1.74532924E-07));
#1984 = ORIENTED_EDGE('',*,*,#1901,.F.);
#1985 = ORIENTED_EDGE('',*,*,#1986,.T.);
#1986 = EDGE_CURVE('',#1902,#1987,#1989,.T.);
#1987 = VERTEX_POINT('',#1988);
#1988 = CARTESIAN_POINT('',(-5.416440005383,-0.955049255122,
    40.599970945346));
#1989 = CIRCLE('',#1990,1.2);
#1990 = AXIS2_PLACEMENT_3D('',#1991,#1992,#1993);
#1991 = CARTESIAN_POINT('',(-6.598209308998,-1.163427068323,
    40.599971151603));
#1992 = DIRECTION('',(-1.74532924E-07,-0.,-1.));
#1993 = DIRECTION('',(1.,0.,-1.74532924E-07));
#1994 = ORIENTED_EDGE('',*,*,#1995,.F.);
#1995 = EDGE_CURVE('',#1996,#1987,#1998,.T.);
#1996 = VERTEX_POINT('',#1997);
#1997 = CARTESIAN_POINT('',(-3.535329217092,-4.213228715108,
    40.59997061703));
#1998 = CIRCLE('',#1999,5.499999008136);
#1999 = AXIS2_PLACEMENT_3D('',#2000,#2001,#2002);
#2000 = CARTESIAN_POINT('',(1.7220765541E-06,1.5194285844E-05,
    40.599969999998));
#2001 = DIRECTION('',(-1.74532924E-07,-0.,-1.));
#2002 = DIRECTION('',(1.,0.,-1.74532924E-07));
#2003 = ORIENTED_EDGE('',*,*,#2004,.T.);
#2004 = EDGE_CURVE('',#1996,#2005,#2007,.T.);
#2005 = VERTEX_POINT('',#2006);
#2006 = CARTESIAN_POINT('',(-5.07801948034,-6.051735378594,
    40.59997088628));
#2007 = CIRCLE('',#2008,1.2);
#2008 = AXIS2_PLACEMENT_3D('',#2009,#2010,#2011);
#2009 = CARTESIAN_POINT('',(-4.306674348716,-5.132482046851,
    40.599970751655));
#2010 = DIRECTION('',(-1.74532924E-07,-0.,-1.));
#2011 = DIRECTION('',(1.,0.,-1.74532924E-07));
#2012 = ORIENTED_EDGE('',*,*,#2013,.T.);
#2013 = EDGE_CURVE('',#2005,#2014,#2016,.T.);
#2014 = VERTEX_POINT('',#2015);
#2015 = CARTESIAN_POINT('',(-7.779978612612,-1.371804881523,
    40.599971357861));
#2016 = CIRCLE('',#2017,7.900000248562);
#2017 = AXIS2_PLACEMENT_3D('',#2018,#2019,#2020);
#2018 = CARTESIAN_POINT('',(2.8652600339E-06,1.58543026104E-05,
    40.599969999998));
#2019 = DIRECTION('',(-1.74532924E-07,-0.,-1.));
#2020 = DIRECTION('',(1.,0.,-1.74532924E-07));
#2021 = ORIENTED_EDGE('',*,*,#2022,.T.);
#2022 = EDGE_CURVE('',#2014,#1910,#2023,.T.);
#2023 = CIRCLE('',#2024,1.2);
#2024 = AXIS2_PLACEMENT_3D('',#2025,#2026,#2027);
#2025 = CARTESIAN_POINT('',(-6.598209308998,-1.163427068323,
    40.599971151603));
#2026 = DIRECTION('',(-1.74532924E-07,-0.,-1.));
#2027 = DIRECTION('',(1.,0.,-1.74532924E-07));
#2028 = FACE_BOUND('',#2029,.T.);
#2029 = EDGE_LOOP('',(#2030));
#2030 = ORIENTED_EDGE('',*,*,#2031,.F.);
#2031 = EDGE_CURVE('',#2032,#2032,#2034,.T.);
#2032 = VERTEX_POINT('',#2033);
#2033 = CARTESIAN_POINT('',(1.099991500983,-6.799984277954,
    40.599969808014));
#2034 = CIRCLE('',#2035,1.1);
#2035 = AXIS2_PLACEMENT_3D('',#2036,#2037,#2038);
#2036 = CARTESIAN_POINT('',(-8.49901682744E-06,-6.799984277954,40.59997)
  );
#2037 = DIRECTION('',(1.7453292495E-07,-0.,1.));
#2038 = DIRECTION('',(1.,0.,-1.7453292495E-07));
#2039 = PLANE('',#2040);
#2040 = AXIS2_PLACEMENT_3D('',#2041,#2042,#2043);
#2041 = CARTESIAN_POINT('',(-8.899992913968,0.,40.59997155334));
#2042 = DIRECTION('',(1.7453292437E-07,1.1E-16,1.));
#2043 = DIRECTION('',(1.,0.,-1.7453292437E-07));
#2044 = ADVANCED_FACE('',(#2045,#2048,#2059,#2097,#2108,#2146,#2157,
    #2168),#2206,.F.);
#2045 = FACE_BOUND('',#2046,.F.);
#2046 = EDGE_LOOP('',(#2047));
#2047 = ORIENTED_EDGE('',*,*,#1504,.T.);
#2048 = FACE_BOUND('',#2049,.F.);
#2049 = EDGE_LOOP('',(#2050));
#2050 = ORIENTED_EDGE('',*,*,#2051,.F.);
#2051 = EDGE_CURVE('',#2052,#2052,#2054,.T.);
#2052 = VERTEX_POINT('',#2053);
#2053 = CARTESIAN_POINT('',(1.099990628319,-6.799984277954,
    35.599969808014));
#2054 = CIRCLE('',#2055,1.1);
#2055 = AXIS2_PLACEMENT_3D('',#2056,#2057,#2058);
#2056 = CARTESIAN_POINT('',(-9.37168145147E-06,-6.799984277954,35.59997)
  );
#2057 = DIRECTION('',(1.74532925E-07,-0.,1.));
#2058 = DIRECTION('',(1.,0.,-1.74532925E-07));
#2059 = FACE_BOUND('',#2060,.F.);
#2060 = EDGE_LOOP('',(#2061,#2072,#2081,#2090));
#2061 = ORIENTED_EDGE('',*,*,#2062,.F.);
#2062 = EDGE_CURVE('',#2063,#2065,#2067,.T.);
#2063 = VERTEX_POINT('',#2064);
#2064 = CARTESIAN_POINT('',(-3.535330089757,-4.213228715108,
    35.59997061703));
#2065 = VERTEX_POINT('',#2066);
#2066 = CARTESIAN_POINT('',(-5.416440878048,-0.955049255122,
    35.599970945346));
#2067 = CIRCLE('',#2068,5.499999008136);
#2068 = AXIS2_PLACEMENT_3D('',#2069,#2070,#2071);
#2069 = CARTESIAN_POINT('',(8.494119321001E-07,1.5194285844E-05,
    35.599969999998));
#2070 = DIRECTION('',(-1.74532924E-07,-0.,-1.));
#2071 = DIRECTION('',(1.,0.,-1.74532924E-07));
#2072 = ORIENTED_EDGE('',*,*,#2073,.T.);
#2073 = EDGE_CURVE('',#2063,#2074,#2076,.T.);
#2074 = VERTEX_POINT('',#2075);
#2075 = CARTESIAN_POINT('',(-5.078020353004,-6.051735378594,
    35.59997088628));
#2076 = CIRCLE('',#2077,1.2);
#2077 = AXIS2_PLACEMENT_3D('',#2078,#2079,#2080);
#2078 = CARTESIAN_POINT('',(-4.306675221381,-5.132482046851,
    35.599970751655));
#2079 = DIRECTION('',(-1.74532924E-07,-0.,-1.));
#2080 = DIRECTION('',(1.,0.,-1.74532924E-07));
#2081 = ORIENTED_EDGE('',*,*,#2082,.T.);
#2082 = EDGE_CURVE('',#2074,#2083,#2085,.T.);
#2083 = VERTEX_POINT('',#2084);
#2084 = CARTESIAN_POINT('',(-7.779979485277,-1.371804881523,
    35.599971357861));
#2085 = CIRCLE('',#2086,7.900000248562);
#2086 = AXIS2_PLACEMENT_3D('',#2087,#2088,#2089);
#2087 = CARTESIAN_POINT('',(1.9925954119E-06,1.58543026104E-05,
    35.599969999998));
#2088 = DIRECTION('',(-1.74532924E-07,-0.,-1.));
#2089 = DIRECTION('',(1.,0.,-1.74532924E-07));
#2090 = ORIENTED_EDGE('',*,*,#2091,.T.);
#2091 = EDGE_CURVE('',#2083,#2065,#2092,.T.);
#2092 = CIRCLE('',#2093,1.2);
#2093 = AXIS2_PLACEMENT_3D('',#2094,#2095,#2096);
#2094 = CARTESIAN_POINT('',(-6.598210181663,-1.163427068323,
    35.599971151603));
#2095 = DIRECTION('',(-1.74532924E-07,-0.,-1.));
#2096 = DIRECTION('',(1.,0.,-1.74532924E-07));
#2097 = FACE_BOUND('',#2098,.F.);
#2098 = EDGE_LOOP('',(#2099));
#2099 = ORIENTED_EDGE('',*,*,#2100,.T.);
#2100 = EDGE_CURVE('',#2101,#2101,#2103,.T.);
#2101 = VERTEX_POINT('',#2102);
#2102 = CARTESIAN_POINT('',(4.099989873726,0.,35.599969284415));
#2103 = CIRCLE('',#2104,4.099983660359);
#2104 = AXIS2_PLACEMENT_3D('',#2105,#2106,#2107);
#2105 = CARTESIAN_POINT('',(6.213366872E-06,0.,35.599969999997));
#2106 = DIRECTION('',(-1.74532924E-07,-0.,-1.));
#2107 = DIRECTION('',(1.,0.,-1.74532924E-07));
#2108 = FACE_BOUND('',#2109,.F.);
#2109 = EDGE_LOOP('',(#2110,#2121,#2130,#2139));
#2110 = ORIENTED_EDGE('',*,*,#2111,.F.);
#2111 = EDGE_CURVE('',#2112,#2114,#2116,.T.);
#2112 = VERTEX_POINT('',#2113);
#2113 = CARTESIAN_POINT('',(5.416444405094,-0.955049255124,
    35.59996905465));
#2114 = VERTEX_POINT('',#2115);
#2115 = CARTESIAN_POINT('',(3.535333616795,-4.213228715108,
    35.599969382966));
#2116 = CIRCLE('',#2117,5.5);
#2117 = AXIS2_PLACEMENT_3D('',#2118,#2119,#2120);
#2118 = CARTESIAN_POINT('',(1.7635191619E-06,1.57220458974E-05,
    35.599969999998));
#2119 = DIRECTION('',(-1.74532924E-07,-0.,-1.));
#2120 = DIRECTION('',(1.,0.,-1.74532924E-07));
#2121 = ORIENTED_EDGE('',*,*,#2122,.T.);
#2122 = EDGE_CURVE('',#2112,#2123,#2125,.T.);
#2123 = VERTEX_POINT('',#2124);
#2124 = CARTESIAN_POINT('',(7.779983012307,-1.371804881521,
    35.599968642135));
#2125 = CIRCLE('',#2126,1.200000000002);
#2126 = AXIS2_PLACEMENT_3D('',#2127,#2128,#2129);
#2127 = CARTESIAN_POINT('',(6.598212549659,-1.163433641575,
    35.599968848393));
#2128 = DIRECTION('',(-1.74532924E-07,-0.,-1.));
#2129 = DIRECTION('',(1.,0.,-1.74532924E-07));
#2130 = ORIENTED_EDGE('',*,*,#2131,.T.);
#2131 = EDGE_CURVE('',#2123,#2132,#2134,.T.);
#2132 = VERTEX_POINT('',#2133);
#2133 = CARTESIAN_POINT('',(5.078023880043,-6.051735378594,
    35.599969113716));
#2134 = CIRCLE('',#2135,7.9);
#2135 = AXIS2_PLACEMENT_3D('',#2136,#2137,#2138);
#2136 = CARTESIAN_POINT('',(1.7635191579E-06,1.5722045901E-05,
    35.599969999998));
#2137 = DIRECTION('',(-1.74532924E-07,-0.,-1.));
#2138 = DIRECTION('',(1.,0.,-1.74532924E-07));
#2139 = ORIENTED_EDGE('',*,*,#2140,.T.);
#2140 = EDGE_CURVE('',#2132,#2114,#2141,.T.);
#2141 = CIRCLE('',#2142,1.2);
#2142 = AXIS2_PLACEMENT_3D('',#2143,#2144,#2145);
#2143 = CARTESIAN_POINT('',(4.306678964945,-5.132481865164,
    35.599969248341));
#2144 = DIRECTION('',(-1.74532924E-07,-0.,-1.));
#2145 = DIRECTION('',(1.,0.,-1.74532924E-07));
#2146 = FACE_BOUND('',#2147,.F.);
#2147 = EDGE_LOOP('',(#2148));
#2148 = ORIENTED_EDGE('',*,*,#2149,.F.);
#2149 = EDGE_CURVE('',#2150,#2150,#2152,.T.);
#2150 = VERTEX_POINT('',#2151);
#2151 = CARTESIAN_POINT('',(-4.788982117416,3.400015722046,
    35.599970835833));
#2152 = CIRCLE('',#2153,1.1);
#2153 = AXIS2_PLACEMENT_3D('',#2154,#2155,#2156);
#2154 = CARTESIAN_POINT('',(-5.888982117416,3.400015722046,
    35.59997102782));
#2155 = DIRECTION('',(1.74532925E-07,-0.,1.));
#2156 = DIRECTION('',(1.,0.,-1.74532925E-07));
#2157 = FACE_BOUND('',#2158,.F.);
#2158 = EDGE_LOOP('',(#2159));
#2159 = ORIENTED_EDGE('',*,*,#2160,.F.);
#2160 = EDGE_CURVE('',#2161,#2161,#2163,.T.);
#2161 = VERTEX_POINT('',#2162);
#2162 = CARTESIAN_POINT('',(6.988963374065,3.400015722046,
    35.599968780194));
#2163 = CIRCLE('',#2164,1.1);
#2164 = AXIS2_PLACEMENT_3D('',#2165,#2166,#2167);
#2165 = CARTESIAN_POINT('',(5.888963374065,3.400015722046,35.59996897218
    ));
#2166 = DIRECTION('',(1.74532925E-07,-0.,1.));
#2167 = DIRECTION('',(1.,0.,-1.74532925E-07));
#2168 = FACE_BOUND('',#2169,.F.);
#2169 = EDGE_LOOP('',(#2170,#2181,#2190,#2199));
#2170 = ORIENTED_EDGE('',*,*,#2171,.F.);
#2171 = EDGE_CURVE('',#2172,#2174,#2176,.T.);
#2172 = VERTEX_POINT('',#2173);
#2173 = CARTESIAN_POINT('',(-1.881109024772,5.168325136368,
    35.599970328314));
#2174 = VERTEX_POINT('',#2175);
#2175 = CARTESIAN_POINT('',(1.88111255181,5.168325136368,35.599969671682
    ));
#2176 = CIRCLE('',#2177,5.5);
#2177 = AXIS2_PLACEMENT_3D('',#2178,#2179,#2180);
#2178 = CARTESIAN_POINT('',(1.7635191154E-06,1.572204604E-05,
    35.599969999998));
#2179 = DIRECTION('',(-1.74532924E-07,-0.,-1.));
#2180 = DIRECTION('',(1.,0.,-1.74532924E-07));
#2181 = ORIENTED_EDGE('',*,*,#2182,.T.);
#2182 = EDGE_CURVE('',#2172,#2183,#2185,.T.);
#2183 = VERTEX_POINT('',#2184);
#2184 = CARTESIAN_POINT('',(-2.701957368754,7.423587426255,
    35.599970471579));
#2185 = CIRCLE('',#2186,1.2);
#2186 = AXIS2_PLACEMENT_3D('',#2187,#2188,#2189);
#2187 = CARTESIAN_POINT('',(-2.291532995828,6.295956354446,
    35.599970399946));
#2188 = DIRECTION('',(-1.74532924E-07,-0.,-1.));
#2189 = DIRECTION('',(1.,0.,-1.74532924E-07));
#2190 = ORIENTED_EDGE('',*,*,#2191,.T.);
#2191 = EDGE_CURVE('',#2183,#2192,#2194,.T.);
#2192 = VERTEX_POINT('',#2193);
#2193 = CARTESIAN_POINT('',(2.701960895792,7.423587426255,
    35.599969528417));
#2194 = CIRCLE('',#2195,7.899999527335);
#2195 = AXIS2_PLACEMENT_3D('',#2196,#2197,#2198);
#2196 = CARTESIAN_POINT('',(1.7635191039E-06,1.62250453044E-05,
    35.599969999998));
#2197 = DIRECTION('',(-1.74532924E-07,-0.,-1.));
#2198 = DIRECTION('',(1.,0.,-1.74532924E-07));
#2199 = ORIENTED_EDGE('',*,*,#2200,.T.);
#2200 = EDGE_CURVE('',#2192,#2174,#2201,.T.);
#2201 = CIRCLE('',#2202,1.2);
#2202 = AXIS2_PLACEMENT_3D('',#2203,#2204,#2205);
#2203 = CARTESIAN_POINT('',(2.291536723801,6.295956281311,35.59996960005
    ));
#2204 = DIRECTION('',(-1.74532924E-07,-0.,-1.));
#2205 = DIRECTION('',(1.,0.,-1.74532924E-07));
#2206 = PLANE('',#2207);
#2207 = AXIS2_PLACEMENT_3D('',#2208,#2209,#2210);
#2208 = CARTESIAN_POINT('',(1.99774018029E-06,4.2526845462E-06,
    35.599969999998));
#2209 = DIRECTION('',(1.7453292437E-07,0.,1.));
#2210 = DIRECTION('',(1.,0.,-1.7453292437E-07));
#2211 = ADVANCED_FACE('',(#2212,#2215,#2226,#2264,#2275,#2313,#2324,
    #2362),#2373,.T.);
#2212 = FACE_BOUND('',#2213,.T.);
#2213 = EDGE_LOOP('',(#2214));
#2214 = ORIENTED_EDGE('',*,*,#1480,.T.);
#2215 = FACE_BOUND('',#2216,.T.);
#2216 = EDGE_LOOP('',(#2217));
#2217 = ORIENTED_EDGE('',*,*,#2218,.F.);
#2218 = EDGE_CURVE('',#2219,#2219,#2221,.T.);
#2219 = VERTEX_POINT('',#2220);
#2220 = CARTESIAN_POINT('',(1.100001780972,-6.799984277954,
    99.499969808013));
#2221 = CIRCLE('',#2222,1.1);
#2222 = AXIS2_PLACEMENT_3D('',#2223,#2224,#2225);
#2223 = CARTESIAN_POINT('',(1.78097245253E-06,-6.799984277954,
    99.499969999999));
#2224 = DIRECTION('',(1.74532925E-07,-0.,1.));
#2225 = DIRECTION('',(1.,0.,-1.74532925E-07));
#2226 = FACE_BOUND('',#2227,.T.);
#2227 = EDGE_LOOP('',(#2228,#2239,#2248,#2257));
#2228 = ORIENTED_EDGE('',*,*,#2229,.F.);
#2229 = EDGE_CURVE('',#2230,#2232,#2234,.T.);
#2230 = VERTEX_POINT('',#2231);
#2231 = CARTESIAN_POINT('',(-5.078020335551,-6.051735378594,
    99.499970886281));
#2232 = VERTEX_POINT('',#2233);
#2233 = CARTESIAN_POINT('',(-3.535330072303,-4.213228715108,
    99.499970617031));
#2234 = CIRCLE('',#2235,1.2);
#2235 = AXIS2_PLACEMENT_3D('',#2236,#2237,#2238);
#2236 = CARTESIAN_POINT('',(-4.306675203927,-5.132482046851,
    99.499970751656));
#2237 = DIRECTION('',(1.74532924E-07,-0.,1.));
#2238 = DIRECTION('',(1.,0.,-1.74532924E-07));
#2239 = ORIENTED_EDGE('',*,*,#2240,.F.);
#2240 = EDGE_CURVE('',#2241,#2230,#2243,.T.);
#2241 = VERTEX_POINT('',#2242);
#2242 = CARTESIAN_POINT('',(-7.779979467823,-1.371804881523,
    99.499971357862));
#2243 = CIRCLE('',#2244,7.899999468193);
#2244 = AXIS2_PLACEMENT_3D('',#2245,#2246,#2247);
#2245 = CARTESIAN_POINT('',(1.29085758666E-06,1.543907724312E-05,
    99.499969999999));
#2246 = DIRECTION('',(1.74532924E-07,-0.,1.));
#2247 = DIRECTION('',(1.,0.,-1.74532924E-07));
#2248 = ORIENTED_EDGE('',*,*,#2249,.F.);
#2249 = EDGE_CURVE('',#2250,#2241,#2252,.T.);
#2250 = VERTEX_POINT('',#2251);
#2251 = CARTESIAN_POINT('',(-5.416440860595,-0.955049255122,
    99.499970945347));
#2252 = CIRCLE('',#2253,1.2);
#2253 = AXIS2_PLACEMENT_3D('',#2254,#2255,#2256);
#2254 = CARTESIAN_POINT('',(-6.598210164209,-1.163427068323,
    99.499971151604));
#2255 = DIRECTION('',(1.74532924E-07,-0.,1.));
#2256 = DIRECTION('',(1.,0.,-1.74532924E-07));
#2257 = ORIENTED_EDGE('',*,*,#2258,.T.);
#2258 = EDGE_CURVE('',#2250,#2232,#2259,.T.);
#2259 = CIRCLE('',#2260,5.500000652899);
#2260 = AXIS2_PLACEMENT_3D('',#2261,#2262,#2263);
#2261 = CARTESIAN_POINT('',(2.38268706458E-06,1.60694459943E-05,
    99.499969999999));
#2262 = DIRECTION('',(1.74532924E-07,-0.,1.));
#2263 = DIRECTION('',(1.,0.,-1.74532924E-07));
#2264 = FACE_BOUND('',#2265,.T.);
#2265 = EDGE_LOOP('',(#2266));
#2266 = ORIENTED_EDGE('',*,*,#2267,.F.);
#2267 = EDGE_CURVE('',#2268,#2268,#2270,.T.);
#2268 = VERTEX_POINT('',#2269);
#2269 = CARTESIAN_POINT('',(4.100038366021,0.,99.499969284408));
#2270 = CIRCLE('',#2271,4.100021);
#2271 = AXIS2_PLACEMENT_3D('',#2272,#2273,#2274);
#2272 = CARTESIAN_POINT('',(1.7366020739E-05,0.,99.499969999996));
#2273 = DIRECTION('',(1.74532924E-07,-0.,1.));
#2274 = DIRECTION('',(1.,0.,-1.74532924E-07));
#2275 = FACE_BOUND('',#2276,.T.);
#2276 = EDGE_LOOP('',(#2277,#2288,#2297,#2306));
#2277 = ORIENTED_EDGE('',*,*,#2278,.F.);
#2278 = EDGE_CURVE('',#2279,#2281,#2283,.T.);
#2279 = VERTEX_POINT('',#2280);
#2280 = CARTESIAN_POINT('',(3.535333634248,-4.213228715108,
    99.499969382967));
#2281 = VERTEX_POINT('',#2282);
#2282 = CARTESIAN_POINT('',(5.078023897496,-6.051735378594,
    99.499969113717));
#2283 = CIRCLE('',#2284,1.2);
#2284 = AXIS2_PLACEMENT_3D('',#2285,#2286,#2287);
#2285 = CARTESIAN_POINT('',(4.30667870968,-5.132482094002,
    99.499969248342));
#2286 = DIRECTION('',(1.74532924E-07,-0.,1.));
#2287 = DIRECTION('',(1.,0.,-1.74532924E-07));
#2288 = ORIENTED_EDGE('',*,*,#2289,.T.);
#2289 = EDGE_CURVE('',#2279,#2290,#2292,.T.);
#2290 = VERTEX_POINT('',#2291);
#2291 = CARTESIAN_POINT('',(5.41644442255,-0.955049255124,
    99.499969054651));
#2292 = CIRCLE('',#2293,5.500000029398);
#2293 = AXIS2_PLACEMENT_3D('',#2294,#2295,#2296);
#2294 = CARTESIAN_POINT('',(1.75387895876E-06,1.573768833405E-05,
    99.499969999999));
#2295 = DIRECTION('',(1.74532924E-07,-0.,1.));
#2296 = DIRECTION('',(1.,0.,-1.74532924E-07));
#2297 = ORIENTED_EDGE('',*,*,#2298,.F.);
#2298 = EDGE_CURVE('',#2299,#2290,#2301,.T.);
#2299 = VERTEX_POINT('',#2300);
#2300 = CARTESIAN_POINT('',(7.779983029759,-1.371804881521,
    99.499968642136));
#2301 = CIRCLE('',#2302,1.2);
#2302 = AXIS2_PLACEMENT_3D('',#2303,#2304,#2305);
#2303 = CARTESIAN_POINT('',(6.598214954686,-1.16342010097,
    99.499968848394));
#2304 = DIRECTION('',(1.74532924E-07,-0.,1.));
#2305 = DIRECTION('',(1.,0.,-1.74532924E-07));
#2306 = ORIENTED_EDGE('',*,*,#2307,.F.);
#2307 = EDGE_CURVE('',#2281,#2299,#2308,.T.);
#2308 = CIRCLE('',#2309,7.900000029398);
#2309 = AXIS2_PLACEMENT_3D('',#2310,#2311,#2312);
#2310 = CARTESIAN_POINT('',(1.75387882693E-06,1.573768840899E-05,
    99.499969999999));
#2311 = DIRECTION('',(1.74532924E-07,-0.,1.));
#2312 = DIRECTION('',(1.,0.,-1.74532924E-07));
#2313 = FACE_BOUND('',#2314,.T.);
#2314 = EDGE_LOOP('',(#2315));
#2315 = ORIENTED_EDGE('',*,*,#2316,.F.);
#2316 = EDGE_CURVE('',#2317,#2317,#2319,.T.);
#2317 = VERTEX_POINT('',#2318);
#2318 = CARTESIAN_POINT('',(-4.788970964762,3.400015722046,
    99.499970835832));
#2319 = CIRCLE('',#2320,1.1);
#2320 = AXIS2_PLACEMENT_3D('',#2321,#2322,#2323);
#2321 = CARTESIAN_POINT('',(-5.888970964762,3.400015722046,
    99.499971027819));
#2322 = DIRECTION('',(1.74532925E-07,-0.,1.));
#2323 = DIRECTION('',(1.,0.,-1.74532925E-07));
#2324 = FACE_BOUND('',#2325,.T.);
#2325 = EDGE_LOOP('',(#2326,#2337,#2346,#2355));
#2326 = ORIENTED_EDGE('',*,*,#2327,.F.);
#2327 = EDGE_CURVE('',#2328,#2330,#2332,.T.);
#2328 = VERTEX_POINT('',#2329);
#2329 = CARTESIAN_POINT('',(1.881112569263,5.168325136368,
    99.499969671683));
#2330 = VERTEX_POINT('',#2331);
#2331 = CARTESIAN_POINT('',(2.701960913245,7.423587426254,
    99.499969528418));
#2332 = CIRCLE('',#2333,1.2);
#2333 = AXIS2_PLACEMENT_3D('',#2334,#2335,#2336);
#2334 = CARTESIAN_POINT('',(2.291536741254,6.295956281311,
    99.499969600051));
#2335 = DIRECTION('',(1.74532924E-07,-0.,1.));
#2336 = DIRECTION('',(1.,0.,-1.74532924E-07));
#2337 = ORIENTED_EDGE('',*,*,#2338,.T.);
#2338 = EDGE_CURVE('',#2328,#2339,#2341,.T.);
#2339 = VERTEX_POINT('',#2340);
#2340 = CARTESIAN_POINT('',(-1.881109007318,5.168325136368,
    99.499970328315));
#2341 = CIRCLE('',#2342,5.499996379305);
#2342 = AXIS2_PLACEMENT_3D('',#2343,#2344,#2345);
#2343 = CARTESIAN_POINT('',(1.78097245506E-06,1.957510864264E-05,
    99.499969999999));
#2344 = DIRECTION('',(1.74532924E-07,-0.,1.));
#2345 = DIRECTION('',(1.,0.,-1.74532924E-07));
#2346 = ORIENTED_EDGE('',*,*,#2347,.F.);
#2347 = EDGE_CURVE('',#2348,#2339,#2350,.T.);
#2348 = VERTEX_POINT('',#2349);
#2349 = CARTESIAN_POINT('',(-2.7019573513,7.423587426255,99.49997047158)
  );
#2350 = CIRCLE('',#2351,1.2);
#2351 = AXIS2_PLACEMENT_3D('',#2352,#2353,#2354);
#2352 = CARTESIAN_POINT('',(-2.291533179309,6.295956281311,
    99.499970399947));
#2353 = DIRECTION('',(1.74532924E-07,-0.,1.));
#2354 = DIRECTION('',(1.,0.,-1.74532924E-07));
#2355 = ORIENTED_EDGE('',*,*,#2356,.F.);
#2356 = EDGE_CURVE('',#2330,#2348,#2357,.T.);
#2357 = CIRCLE('',#2358,7.899999578348);
#2358 = AXIS2_PLACEMENT_3D('',#2359,#2360,#2361);
#2359 = CARTESIAN_POINT('',(1.78097146825E-06,1.61707577343E-05,
    99.499969999999));
#2360 = DIRECTION('',(1.74532924E-07,-0.,1.));
#2361 = DIRECTION('',(1.,0.,-1.74532924E-07));
#2362 = FACE_BOUND('',#2363,.T.);
#2363 = EDGE_LOOP('',(#2364));
#2364 = ORIENTED_EDGE('',*,*,#2365,.F.);
#2365 = EDGE_CURVE('',#2366,#2366,#2368,.T.);
#2366 = VERTEX_POINT('',#2367);
#2367 = CARTESIAN_POINT('',(6.988974526719,3.400015722046,
    99.499968780193));
#2368 = CIRCLE('',#2369,1.1);
#2369 = AXIS2_PLACEMENT_3D('',#2370,#2371,#2372);
#2370 = CARTESIAN_POINT('',(5.888974526719,3.400015722046,
    99.499968972179));
#2371 = DIRECTION('',(1.74532925E-07,-0.,1.));
#2372 = DIRECTION('',(1.,0.,-1.74532925E-07));
#2373 = PLANE('',#2374);
#2374 = AXIS2_PLACEMENT_3D('',#2375,#2376,#2377);
#2375 = CARTESIAN_POINT('',(1.315039408429E-05,4.2526845462E-06,
    99.499969999997));
#2376 = DIRECTION('',(1.7453292437E-07,0.,1.));
#2377 = DIRECTION('',(1.,0.,-1.7453292437E-07));
#2378 = ADVANCED_FACE('',(#2379),#2404,.F.);
#2379 = FACE_BOUND('',#2380,.F.);
#2380 = EDGE_LOOP('',(#2381,#2389,#2397,#2403));
#2381 = ORIENTED_EDGE('',*,*,#2382,.F.);
#2382 = EDGE_CURVE('',#2383,#1539,#2385,.T.);
#2383 = VERTEX_POINT('',#2384);
#2384 = CARTESIAN_POINT('',(3.49153586859,6.295956281311,94.499969390611
    ));
#2385 = LINE('',#2386,#2387);
#2386 = CARTESIAN_POINT('',(3.49153586859,6.295956281311,94.499969390611
    ));
#2387 = VECTOR('',#2388,1.);
#2388 = DIRECTION('',(1.,0.,-1.74532924E-07));
#2389 = ORIENTED_EDGE('',*,*,#2390,.T.);
#2390 = EDGE_CURVE('',#2383,#2391,#2393,.T.);
#2391 = VERTEX_POINT('',#2392);
#2392 = CARTESIAN_POINT('',(3.491526461265,6.295956281311,
    40.599969390612));
#2393 = LINE('',#2394,#2395);
#2394 = CARTESIAN_POINT('',(3.49153586859,6.295956281311,94.499969390611
    ));
#2395 = VECTOR('',#2396,1.);
#2396 = DIRECTION('',(-1.7453292437E-07,-0.,-1.));
#2397 = ORIENTED_EDGE('',*,*,#2398,.F.);
#2398 = EDGE_CURVE('',#1541,#2391,#2399,.T.);
#2399 = LINE('',#2400,#2401);
#2400 = CARTESIAN_POINT('',(1.745764652585,6.295956281311,
    40.599969695305));
#2401 = VECTOR('',#2402,1.);
#2402 = DIRECTION('',(-1.,0.,1.7453292429E-07));
#2403 = ORIENTED_EDGE('',*,*,#1538,.F.);
#2404 = PLANE('',#2405);
#2405 = AXIS2_PLACEMENT_3D('',#2406,#2407,#2408);
#2406 = CARTESIAN_POINT('',(3.49153586859,6.295956281311,94.499969390611
    ));
#2407 = DIRECTION('',(0.,-1.,0.));
#2408 = DIRECTION('',(1.,0.,-1.7453292437E-07));
#2409 = ADVANCED_FACE('',(#2410),#2447,.T.);
#2410 = FACE_BOUND('',#2411,.T.);
#2411 = EDGE_LOOP('',(#2412,#2420,#2429,#2438,#2445,#2446));
#2412 = ORIENTED_EDGE('',*,*,#2413,.T.);
#2413 = EDGE_CURVE('',#1558,#2414,#2416,.T.);
#2414 = VERTEX_POINT('',#2415);
#2415 = CARTESIAN_POINT('',(-3.491543459299,6.295956281311,
    40.599970609388));
#2416 = LINE('',#2417,#2418);
#2417 = CARTESIAN_POINT('',(-1.745770307697,6.295956281311,
    40.599970304693));
#2418 = VECTOR('',#2419,1.);
#2419 = DIRECTION('',(1.,0.,-1.7453292429E-07));
#2420 = ORIENTED_EDGE('',*,*,#2421,.T.);
#2421 = EDGE_CURVE('',#2414,#2422,#2424,.T.);
#2422 = VERTEX_POINT('',#2423);
#2423 = CARTESIAN_POINT('',(-2.701956496089,7.423587426255,
    40.599970471579));
#2424 = CIRCLE('',#2425,1.2);
#2425 = AXIS2_PLACEMENT_3D('',#2426,#2427,#2428);
#2426 = CARTESIAN_POINT('',(-2.291532123164,6.295956354446,
    40.599970399946));
#2427 = DIRECTION('',(-1.74532924E-07,-0.,-1.));
#2428 = DIRECTION('',(1.,0.,-1.74532924E-07));
#2429 = ORIENTED_EDGE('',*,*,#2430,.T.);
#2430 = EDGE_CURVE('',#2422,#2431,#2433,.T.);
#2431 = VERTEX_POINT('',#2432);
#2432 = CARTESIAN_POINT('',(2.701961768457,7.423587426255,
    40.599969528417));
#2433 = CIRCLE('',#2434,7.899999527335);
#2434 = AXIS2_PLACEMENT_3D('',#2435,#2436,#2437);
#2435 = CARTESIAN_POINT('',(2.6361837259E-06,1.62250453044E-05,
    40.599969999998));
#2436 = DIRECTION('',(-1.74532924E-07,-0.,-1.));
#2437 = DIRECTION('',(1.,0.,-1.74532924E-07));
#2438 = ORIENTED_EDGE('',*,*,#2439,.T.);
#2439 = EDGE_CURVE('',#2431,#2391,#2440,.T.);
#2440 = CIRCLE('',#2441,1.2);
#2441 = AXIS2_PLACEMENT_3D('',#2442,#2443,#2444);
#2442 = CARTESIAN_POINT('',(2.291537596466,6.295956281311,40.59996960005
    ));
#2443 = DIRECTION('',(-1.74532924E-07,-0.,-1.));
#2444 = DIRECTION('',(1.,0.,-1.74532924E-07));
#2445 = ORIENTED_EDGE('',*,*,#2398,.F.);
#2446 = ORIENTED_EDGE('',*,*,#1565,.T.);
#2447 = PLANE('',#2448);
#2448 = AXIS2_PLACEMENT_3D('',#2449,#2450,#2451);
#2449 = CARTESIAN_POINT('',(2.84390512085E-06,1.09068013184E-05,
    40.599969999998));
#2450 = DIRECTION('',(1.7453292429E-07,0.,1.));
#2451 = DIRECTION('',(1.,0.,-1.7453292429E-07));
#2452 = ADVANCED_FACE('',(#2453),#2471,.T.);
#2453 = FACE_BOUND('',#2454,.T.);
#2454 = EDGE_LOOP('',(#2455,#2463,#2469,#2470));
#2455 = ORIENTED_EDGE('',*,*,#2456,.F.);
#2456 = EDGE_CURVE('',#2457,#1549,#2459,.T.);
#2457 = VERTEX_POINT('',#2458);
#2458 = CARTESIAN_POINT('',(-3.491534051974,6.295956281311,
    94.499970609387));
#2459 = LINE('',#2460,#2461);
#2460 = CARTESIAN_POINT('',(-3.491534051974,6.295956281311,
    94.499970609387));
#2461 = VECTOR('',#2462,1.);
#2462 = DIRECTION('',(-1.,0.,1.74532924E-07));
#2463 = ORIENTED_EDGE('',*,*,#2464,.T.);
#2464 = EDGE_CURVE('',#2457,#2414,#2465,.T.);
#2465 = LINE('',#2466,#2467);
#2466 = CARTESIAN_POINT('',(-3.491534051974,6.295956281311,
    94.499970609387));
#2467 = VECTOR('',#2468,1.);
#2468 = DIRECTION('',(-1.7453292437E-07,-0.,-1.));
#2469 = ORIENTED_EDGE('',*,*,#2413,.F.);
#2470 = ORIENTED_EDGE('',*,*,#1557,.F.);
#2471 = PLANE('',#2472);
#2472 = AXIS2_PLACEMENT_3D('',#2473,#2474,#2475);
#2473 = CARTESIAN_POINT('',(-3.491534051974,6.295956281311,
    94.499970609387));
#2474 = DIRECTION('',(0.,1.,0.));
#2475 = DIRECTION('',(-1.,0.,1.7453292437E-07));
#2476 = ADVANCED_FACE('',(#2477),#2507,.F.);
#2477 = FACE_BOUND('',#2478,.F.);
#2478 = EDGE_LOOP('',(#2479,#2488,#2489,#2490,#2491,#2500));
#2479 = ORIENTED_EDGE('',*,*,#2480,.F.);
#2480 = EDGE_CURVE('',#2383,#2481,#2483,.T.);
#2481 = VERTEX_POINT('',#2482);
#2482 = CARTESIAN_POINT('',(2.701960040581,7.423587426254,
    94.499969528418));
#2483 = CIRCLE('',#2484,1.2);
#2484 = AXIS2_PLACEMENT_3D('',#2485,#2486,#2487);
#2485 = CARTESIAN_POINT('',(2.29153586859,6.295956281311,94.499969600051
    ));
#2486 = DIRECTION('',(1.74532924E-07,-0.,1.));
#2487 = DIRECTION('',(1.,0.,-1.74532924E-07));
#2488 = ORIENTED_EDGE('',*,*,#2382,.T.);
#2489 = ORIENTED_EDGE('',*,*,#1548,.T.);
#2490 = ORIENTED_EDGE('',*,*,#2456,.F.);
#2491 = ORIENTED_EDGE('',*,*,#2492,.F.);
#2492 = EDGE_CURVE('',#2493,#2457,#2495,.T.);
#2493 = VERTEX_POINT('',#2494);
#2494 = CARTESIAN_POINT('',(-2.701958223965,7.423587426255,
    94.49997047158));
#2495 = CIRCLE('',#2496,1.2);
#2496 = AXIS2_PLACEMENT_3D('',#2497,#2498,#2499);
#2497 = CARTESIAN_POINT('',(-2.291534051974,6.295956281311,
    94.499970399947));
#2498 = DIRECTION('',(1.74532924E-07,-0.,1.));
#2499 = DIRECTION('',(1.,0.,-1.74532924E-07));
#2500 = ORIENTED_EDGE('',*,*,#2501,.F.);
#2501 = EDGE_CURVE('',#2481,#2493,#2502,.T.);
#2502 = CIRCLE('',#2503,7.899999578348);
#2503 = AXIS2_PLACEMENT_3D('',#2504,#2505,#2506);
#2504 = CARTESIAN_POINT('',(9.083068462502E-07,1.61707577343E-05,
    94.499969999999));
#2505 = DIRECTION('',(1.74532924E-07,-0.,1.));
#2506 = DIRECTION('',(1.,0.,-1.74532924E-07));
#2507 = PLANE('',#2508);
#2508 = AXIS2_PLACEMENT_3D('',#2509,#2510,#2511);
#2509 = CARTESIAN_POINT('',(1.572036802526E-05,6.798415136522,
    94.499969999997));
#2510 = DIRECTION('',(1.7453292509E-07,3.3E-16,1.));
#2511 = DIRECTION('',(1.,-1.175494350822E-38,-1.7453292509E-07));
#2512 = ADVANCED_FACE('',(#2513),#2537,.F.);
#2513 = FACE_BOUND('',#2514,.F.);
#2514 = EDGE_LOOP('',(#2515,#2521,#2522,#2529,#2530,#2536));
#2515 = ORIENTED_EDGE('',*,*,#2516,.T.);
#2516 = EDGE_CURVE('',#2299,#1695,#2517,.T.);
#2517 = LINE('',#2518,#2519);
#2518 = CARTESIAN_POINT('',(7.779983029759,-1.371804881521,
    99.499968642136));
#2519 = VECTOR('',#2520,1.);
#2520 = DIRECTION('',(-1.7453292437E-07,-0.,-1.));
#2521 = ORIENTED_EDGE('',*,*,#1703,.T.);
#2522 = ORIENTED_EDGE('',*,*,#2523,.T.);
#2523 = EDGE_CURVE('',#1581,#1660,#2524,.T.);
#2524 = CIRCLE('',#2525,1.2);
#2525 = AXIS2_PLACEMENT_3D('',#2526,#2527,#2528);
#2526 = CARTESIAN_POINT('',(6.598214082022,-1.16342010097,
    94.499968848394));
#2527 = DIRECTION('',(1.74532924E-07,-0.,1.));
#2528 = DIRECTION('',(1.,0.,-1.74532924E-07));
#2529 = ORIENTED_EDGE('',*,*,#1667,.T.);
#2530 = ORIENTED_EDGE('',*,*,#2531,.F.);
#2531 = EDGE_CURVE('',#2290,#1668,#2532,.T.);
#2532 = LINE('',#2533,#2534);
#2533 = CARTESIAN_POINT('',(5.41644442255,-0.955049255124,
    99.499969054651));
#2534 = VECTOR('',#2535,1.);
#2535 = DIRECTION('',(-1.7453292437E-07,-0.,-1.));
#2536 = ORIENTED_EDGE('',*,*,#2298,.F.);
#2537 = CYLINDRICAL_SURFACE('',#2538,1.2);
#2538 = AXIS2_PLACEMENT_3D('',#2539,#2540,#2541);
#2539 = CARTESIAN_POINT('',(6.598214954686,-1.16342010097,
    99.499968848394));
#2540 = DIRECTION('',(1.7453292437E-07,0.,1.));
#2541 = DIRECTION('',(1.,0.,-1.7453292437E-07));
#2542 = ADVANCED_FACE('',(#2543),#2554,.F.);
#2543 = FACE_BOUND('',#2544,.F.);
#2544 = EDGE_LOOP('',(#2545,#2551,#2552,#2553));
#2545 = ORIENTED_EDGE('',*,*,#2546,.T.);
#2546 = EDGE_CURVE('',#2281,#1686,#2547,.T.);
#2547 = LINE('',#2548,#2549);
#2548 = CARTESIAN_POINT('',(5.078023897496,-6.051735378594,
    99.499969113717));
#2549 = VECTOR('',#2550,1.);
#2550 = DIRECTION('',(-1.7453292437E-07,-0.,-1.));
#2551 = ORIENTED_EDGE('',*,*,#1694,.T.);
#2552 = ORIENTED_EDGE('',*,*,#2516,.F.);
#2553 = ORIENTED_EDGE('',*,*,#2307,.F.);
#2554 = CYLINDRICAL_SURFACE('',#2555,7.900000029398);
#2555 = AXIS2_PLACEMENT_3D('',#2556,#2557,#2558);
#2556 = CARTESIAN_POINT('',(1.75387882675E-06,1.573768840899E-05,
    99.499969999999));
#2557 = DIRECTION('',(1.7453292437E-07,0.,1.));
#2558 = DIRECTION('',(1.,0.,-1.7453292437E-07));
#2559 = ADVANCED_FACE('',(#2560),#2571,.F.);
#2560 = FACE_BOUND('',#2561,.F.);
#2561 = EDGE_LOOP('',(#2562,#2568,#2569,#2570));
#2562 = ORIENTED_EDGE('',*,*,#2563,.T.);
#2563 = EDGE_CURVE('',#2279,#1677,#2564,.T.);
#2564 = LINE('',#2565,#2566);
#2565 = CARTESIAN_POINT('',(3.535333634248,-4.213228715108,
    99.499969382967));
#2566 = VECTOR('',#2567,1.);
#2567 = DIRECTION('',(-1.7453292437E-07,-0.,-1.));
#2568 = ORIENTED_EDGE('',*,*,#1685,.T.);
#2569 = ORIENTED_EDGE('',*,*,#2546,.F.);
#2570 = ORIENTED_EDGE('',*,*,#2278,.F.);
#2571 = CYLINDRICAL_SURFACE('',#2572,1.2);
#2572 = AXIS2_PLACEMENT_3D('',#2573,#2574,#2575);
#2573 = CARTESIAN_POINT('',(4.30667870968,-5.132482094002,
    99.499969248342));
#2574 = DIRECTION('',(1.7453292437E-07,0.,1.));
#2575 = DIRECTION('',(1.,0.,-1.7453292437E-07));
#2576 = ADVANCED_FACE('',(#2577),#2583,.T.);
#2577 = FACE_BOUND('',#2578,.T.);
#2578 = EDGE_LOOP('',(#2579,#2580,#2581,#2582));
#2579 = ORIENTED_EDGE('',*,*,#2563,.T.);
#2580 = ORIENTED_EDGE('',*,*,#1676,.T.);
#2581 = ORIENTED_EDGE('',*,*,#2531,.F.);
#2582 = ORIENTED_EDGE('',*,*,#2289,.F.);
#2583 = CYLINDRICAL_SURFACE('',#2584,5.500000029398);
#2584 = AXIS2_PLACEMENT_3D('',#2585,#2586,#2587);
#2585 = CARTESIAN_POINT('',(1.75387895859E-06,1.573768833405E-05,
    99.499969999999));
#2586 = DIRECTION('',(1.7453292437E-07,0.,1.));
#2587 = DIRECTION('',(1.,0.,-1.7453292437E-07));
#2588 = ADVANCED_FACE('',(#2589),#2607,.F.);
#2589 = FACE_BOUND('',#2590,.F.);
#2590 = EDGE_LOOP('',(#2591,#2592,#2598,#2605,#2606));
#2591 = ORIENTED_EDGE('',*,*,#2267,.F.);
#2592 = ORIENTED_EDGE('',*,*,#2593,.T.);
#2593 = EDGE_CURVE('',#2268,#1651,#2594,.T.);
#2594 = LINE('',#2595,#2596);
#2595 = CARTESIAN_POINT('',(4.100038366021,0.,99.499969284408));
#2596 = VECTOR('',#2597,1.);
#2597 = DIRECTION('',(-1.7453292437E-07,-0.,-1.));
#2598 = ORIENTED_EDGE('',*,*,#2599,.T.);
#2599 = EDGE_CURVE('',#1651,#1643,#2600,.T.);
#2600 = CIRCLE('',#2601,4.100021);
#2601 = AXIS2_PLACEMENT_3D('',#2602,#2603,#2604);
#2602 = CARTESIAN_POINT('',(1.6493356117E-05,0.,94.499969999996));
#2603 = DIRECTION('',(1.74532924E-07,-0.,1.));
#2604 = DIRECTION('',(1.,0.,-1.74532924E-07));
#2605 = ORIENTED_EDGE('',*,*,#1650,.T.);
#2606 = ORIENTED_EDGE('',*,*,#2593,.F.);
#2607 = CYLINDRICAL_SURFACE('',#2608,4.100021);
#2608 = AXIS2_PLACEMENT_3D('',#2609,#2610,#2611);
#2609 = CARTESIAN_POINT('',(1.736602073883E-05,0.,99.499969999996));
#2610 = DIRECTION('',(1.7453292437E-07,0.,1.));
#2611 = DIRECTION('',(1.,0.,-1.7453292437E-07));
#2612 = ADVANCED_FACE('',(#2613),#2637,.F.);
#2613 = FACE_BOUND('',#2614,.F.);
#2614 = EDGE_LOOP('',(#2615,#2621,#2622,#2629,#2630,#2636));
#2615 = ORIENTED_EDGE('',*,*,#2616,.T.);
#2616 = EDGE_CURVE('',#2250,#1625,#2617,.T.);
#2617 = LINE('',#2618,#2619);
#2618 = CARTESIAN_POINT('',(-5.416440860595,-0.955049255122,
    99.499970945347));
#2619 = VECTOR('',#2620,1.);
#2620 = DIRECTION('',(-1.7453292437E-07,-0.,-1.));
#2621 = ORIENTED_EDGE('',*,*,#1633,.T.);
#2622 = ORIENTED_EDGE('',*,*,#2623,.T.);
#2623 = EDGE_CURVE('',#1634,#1590,#2624,.T.);
#2624 = CIRCLE('',#2625,1.2);
#2625 = AXIS2_PLACEMENT_3D('',#2626,#2627,#2628);
#2626 = CARTESIAN_POINT('',(-6.598211036874,-1.163427068323,
    94.499971151604));
#2627 = DIRECTION('',(1.74532924E-07,-0.,1.));
#2628 = DIRECTION('',(1.,0.,-1.74532924E-07));
#2629 = ORIENTED_EDGE('',*,*,#1597,.T.);
#2630 = ORIENTED_EDGE('',*,*,#2631,.F.);
#2631 = EDGE_CURVE('',#2241,#1598,#2632,.T.);
#2632 = LINE('',#2633,#2634);
#2633 = CARTESIAN_POINT('',(-7.779979467823,-1.371804881523,
    99.499971357862));
#2634 = VECTOR('',#2635,1.);
#2635 = DIRECTION('',(-1.7453292437E-07,-0.,-1.));
#2636 = ORIENTED_EDGE('',*,*,#2249,.F.);
#2637 = CYLINDRICAL_SURFACE('',#2638,1.2);
#2638 = AXIS2_PLACEMENT_3D('',#2639,#2640,#2641);
#2639 = CARTESIAN_POINT('',(-6.598210164209,-1.163427068323,
    99.499971151604));
#2640 = DIRECTION('',(1.7453292437E-07,0.,1.));
#2641 = DIRECTION('',(1.,0.,-1.7453292437E-07));
#2642 = ADVANCED_FACE('',(#2643),#2654,.T.);
#2643 = FACE_BOUND('',#2644,.T.);
#2644 = EDGE_LOOP('',(#2645,#2646,#2647,#2653));
#2645 = ORIENTED_EDGE('',*,*,#2616,.T.);
#2646 = ORIENTED_EDGE('',*,*,#1624,.T.);
#2647 = ORIENTED_EDGE('',*,*,#2648,.F.);
#2648 = EDGE_CURVE('',#2232,#1616,#2649,.T.);
#2649 = LINE('',#2650,#2651);
#2650 = CARTESIAN_POINT('',(-3.535330072303,-4.213228715108,
    99.499970617031));
#2651 = VECTOR('',#2652,1.);
#2652 = DIRECTION('',(-1.7453292437E-07,-0.,-1.));
#2653 = ORIENTED_EDGE('',*,*,#2258,.F.);
#2654 = CYLINDRICAL_SURFACE('',#2655,5.500000652899);
#2655 = AXIS2_PLACEMENT_3D('',#2656,#2657,#2658);
#2656 = CARTESIAN_POINT('',(2.38268706441E-06,1.60694459943E-05,
    99.499969999999));
#2657 = DIRECTION('',(1.7453292437E-07,0.,1.));
#2658 = DIRECTION('',(1.,0.,-1.7453292437E-07));
#2659 = ADVANCED_FACE('',(#2660),#2671,.F.);
#2660 = FACE_BOUND('',#2661,.F.);
#2661 = EDGE_LOOP('',(#2662,#2668,#2669,#2670));
#2662 = ORIENTED_EDGE('',*,*,#2663,.T.);
#2663 = EDGE_CURVE('',#2230,#1607,#2664,.T.);
#2664 = LINE('',#2665,#2666);
#2665 = CARTESIAN_POINT('',(-5.078020335551,-6.051735378594,
    99.499970886281));
#2666 = VECTOR('',#2667,1.);
#2667 = DIRECTION('',(-1.7453292437E-07,-0.,-1.));
#2668 = ORIENTED_EDGE('',*,*,#1615,.T.);
#2669 = ORIENTED_EDGE('',*,*,#2648,.F.);
#2670 = ORIENTED_EDGE('',*,*,#2229,.F.);
#2671 = CYLINDRICAL_SURFACE('',#2672,1.2);
#2672 = AXIS2_PLACEMENT_3D('',#2673,#2674,#2675);
#2673 = CARTESIAN_POINT('',(-4.306675203927,-5.132482046851,
    99.499970751656));
#2674 = DIRECTION('',(1.7453292437E-07,0.,1.));
#2675 = DIRECTION('',(1.,0.,-1.7453292437E-07));
#2676 = ADVANCED_FACE('',(#2677),#2683,.F.);
#2677 = FACE_BOUND('',#2678,.F.);
#2678 = EDGE_LOOP('',(#2679,#2680,#2681,#2682));
#2679 = ORIENTED_EDGE('',*,*,#2631,.T.);
#2680 = ORIENTED_EDGE('',*,*,#1606,.T.);
#2681 = ORIENTED_EDGE('',*,*,#2663,.F.);
#2682 = ORIENTED_EDGE('',*,*,#2240,.F.);
#2683 = CYLINDRICAL_SURFACE('',#2684,7.899999468193);
#2684 = AXIS2_PLACEMENT_3D('',#2685,#2686,#2687);
#2685 = CARTESIAN_POINT('',(1.29085758649E-06,1.543907724312E-05,
    99.499969999999));
#2686 = DIRECTION('',(1.7453292437E-07,0.,1.));
#2687 = DIRECTION('',(1.,0.,-1.7453292437E-07));
#2688 = ADVANCED_FACE('',(#2689),#2700,.F.);
#2689 = FACE_BOUND('',#2690,.F.);
#2690 = EDGE_LOOP('',(#2691,#2692,#2698,#2699));
#2691 = ORIENTED_EDGE('',*,*,#2218,.F.);
#2692 = ORIENTED_EDGE('',*,*,#2693,.T.);
#2693 = EDGE_CURVE('',#2219,#1713,#2694,.T.);
#2694 = LINE('',#2695,#2696);
#2695 = CARTESIAN_POINT('',(1.100001780972,-6.799984277954,
    99.499969808013));
#2696 = VECTOR('',#2697,1.);
#2697 = DIRECTION('',(-1.7453292495E-07,-0.,-1.));
#2698 = ORIENTED_EDGE('',*,*,#1712,.T.);
#2699 = ORIENTED_EDGE('',*,*,#2693,.F.);
#2700 = CYLINDRICAL_SURFACE('',#2701,1.1);
#2701 = AXIS2_PLACEMENT_3D('',#2702,#2703,#2704);
#2702 = CARTESIAN_POINT('',(1.78097245212E-06,-6.799984277954,
    99.499969999999));
#2703 = DIRECTION('',(1.7453292495E-07,0.,1.));
#2704 = DIRECTION('',(1.,0.,-1.7453292495E-07));
#2705 = ADVANCED_FACE('',(#2706),#2716,.F.);
#2706 = FACE_BOUND('',#2707,.F.);
#2707 = EDGE_LOOP('',(#2708,#2709));
#2708 = ORIENTED_EDGE('',*,*,#1909,.T.);
#2709 = ORIENTED_EDGE('',*,*,#2710,.F.);
#2710 = EDGE_CURVE('',#1910,#1902,#2711,.T.);
#2711 = CIRCLE('',#2712,1.2);
#2712 = AXIS2_PLACEMENT_3D('',#2713,#2714,#2715);
#2713 = CARTESIAN_POINT('',(-6.598209308998,-1.163427068323,
    40.599971151603));
#2714 = DIRECTION('',(-1.74532924E-07,-0.,-1.));
#2715 = DIRECTION('',(1.,0.,-1.74532924E-07));
#2716 = PLANE('',#2717);
#2717 = AXIS2_PLACEMENT_3D('',#2718,#2719,#2720);
#2718 = CARTESIAN_POINT('',(2.84390512085E-06,1.09068013184E-05,
    40.599969999998));
#2719 = DIRECTION('',(1.7453292429E-07,0.,1.));
#2720 = DIRECTION('',(1.,0.,-1.7453292429E-07));
#2721 = ADVANCED_FACE('',(#2722),#2774,.F.);
#2722 = FACE_BOUND('',#2723,.F.);
#2723 = EDGE_LOOP('',(#2724,#2731,#2732,#2741,#2749,#2758,#2766,#2773));
#2724 = ORIENTED_EDGE('',*,*,#2725,.F.);
#2725 = EDGE_CURVE('',#1894,#1770,#2726,.T.);
#2726 = CIRCLE('',#2727,4.099983660359);
#2727 = AXIS2_PLACEMENT_3D('',#2728,#2729,#2730);
#2728 = CARTESIAN_POINT('',(7.086031494E-06,0.,40.599969999997));
#2729 = DIRECTION('',(-1.74532924E-07,-0.,-1.));
#2730 = DIRECTION('',(1.,0.,-1.74532924E-07));
#2731 = ORIENTED_EDGE('',*,*,#1893,.T.);
#2732 = ORIENTED_EDGE('',*,*,#2733,.T.);
#2733 = EDGE_CURVE('',#1886,#2734,#2736,.T.);
#2734 = VERTEX_POINT('',#2735);
#2735 = CARTESIAN_POINT('',(-4.039778218924,0.7,41.099970715579));
#2736 = CIRCLE('',#2737,4.099983660359);
#2737 = AXIS2_PLACEMENT_3D('',#2738,#2739,#2740);
#2738 = CARTESIAN_POINT('',(7.17329808049E-06,0.,41.099970715579));
#2739 = DIRECTION('',(-1.7453292429E-07,-0.,-1.));
#2740 = DIRECTION('',(1.,0.,-1.7453292429E-07));
#2741 = ORIENTED_EDGE('',*,*,#2742,.F.);
#2742 = EDGE_CURVE('',#2743,#2734,#2745,.T.);
#2743 = VERTEX_POINT('',#2744);
#2744 = CARTESIAN_POINT('',(-4.039776997193,0.7,48.099970705073));
#2745 = LINE('',#2746,#2747);
#2746 = CARTESIAN_POINT('',(-4.03977830619,0.7,40.599970705073));
#2747 = VECTOR('',#2748,1.);
#2748 = DIRECTION('',(-1.7453292429E-07,-0.,-1.));
#2749 = ORIENTED_EDGE('',*,*,#2750,.T.);
#2750 = EDGE_CURVE('',#2743,#2751,#2753,.T.);
#2751 = VERTEX_POINT('',#2752);
#2752 = CARTESIAN_POINT('',(4.03979378725,0.7,48.099969294921));
#2753 = CIRCLE('',#2754,4.099983660359);
#2754 = AXIS2_PLACEMENT_3D('',#2755,#2756,#2757);
#2755 = CARTESIAN_POINT('',(8.39502842527E-06,0.,48.099969999997));
#2756 = DIRECTION('',(-1.74532924E-07,-0.,-1.));
#2757 = DIRECTION('',(1.,0.,-1.74532924E-07));
#2758 = ORIENTED_EDGE('',*,*,#2759,.T.);
#2759 = EDGE_CURVE('',#2751,#2760,#2762,.T.);
#2760 = VERTEX_POINT('',#2761);
#2761 = CARTESIAN_POINT('',(4.03979256552,0.7,41.099970715579));
#2762 = LINE('',#2763,#2764);
#2763 = CARTESIAN_POINT('',(4.039792478253,0.7,40.599969294922));
#2764 = VECTOR('',#2765,1.);
#2765 = DIRECTION('',(-1.7453292429E-07,-0.,-1.));
#2766 = ORIENTED_EDGE('',*,*,#2767,.T.);
#2767 = EDGE_CURVE('',#2760,#1778,#2768,.T.);
#2768 = CIRCLE('',#2769,4.099983660359);
#2769 = AXIS2_PLACEMENT_3D('',#2770,#2771,#2772);
#2770 = CARTESIAN_POINT('',(7.17329808049E-06,0.,41.099970715579));
#2771 = DIRECTION('',(-1.7453292429E-07,-0.,-1.));
#2772 = DIRECTION('',(1.,0.,-1.7453292429E-07));
#2773 = ORIENTED_EDGE('',*,*,#1777,.F.);
#2774 = CYLINDRICAL_SURFACE('',#2775,4.099983660359);
#2775 = AXIS2_PLACEMENT_3D('',#2776,#2777,#2778);
#2776 = CARTESIAN_POINT('',(7.08603149346E-06,0.,40.599969999997));
#2777 = DIRECTION('',(-1.7453292429E-07,-0.,-1.));
#2778 = DIRECTION('',(1.,0.,-1.7453292429E-07));
#2779 = ADVANCED_FACE('',(#2780),#2798,.F.);
#2780 = FACE_BOUND('',#2781,.F.);
#2781 = EDGE_LOOP('',(#2782,#2783,#2791,#2797));
#2782 = ORIENTED_EDGE('',*,*,#1885,.F.);
#2783 = ORIENTED_EDGE('',*,*,#2784,.T.);
#2784 = EDGE_CURVE('',#1878,#2785,#2787,.T.);
#2785 = VERTEX_POINT('',#2786);
#2786 = CARTESIAN_POINT('',(-7.7,0.7,41.099970715579));
#2787 = LINE('',#2788,#2789);
#2788 = CARTESIAN_POINT('',(-7.7,9.13E-15,41.099970715579));
#2789 = VECTOR('',#2790,1.);
#2790 = DIRECTION('',(0.,1.,-2.2E-16));
#2791 = ORIENTED_EDGE('',*,*,#2792,.T.);
#2792 = EDGE_CURVE('',#2785,#2734,#2793,.T.);
#2793 = LINE('',#2794,#2795);
#2794 = CARTESIAN_POINT('',(-7.7,0.7,41.099970715579));
#2795 = VECTOR('',#2796,1.);
#2796 = DIRECTION('',(1.,0.,0.));
#2797 = ORIENTED_EDGE('',*,*,#2733,.F.);
#2798 = PLANE('',#2799);
#2799 = AXIS2_PLACEMENT_3D('',#2800,#2801,#2802);
#2800 = CARTESIAN_POINT('',(-7.7,9.13E-15,41.099970715579));
#2801 = DIRECTION('',(0.,-2.2E-16,-1.));
#2802 = DIRECTION('',(1.,0.,0.));
#2803 = ADVANCED_FACE('',(#2804),#2822,.T.);
#2804 = FACE_BOUND('',#2805,.T.);
#2805 = EDGE_LOOP('',(#2806,#2807,#2815,#2821));
#2806 = ORIENTED_EDGE('',*,*,#2784,.T.);
#2807 = ORIENTED_EDGE('',*,*,#2808,.T.);
#2808 = EDGE_CURVE('',#2785,#2809,#2811,.T.);
#2809 = VERTEX_POINT('',#2810);
#2810 = CARTESIAN_POINT('',(-7.7,0.7,44.299970715579));
#2811 = LINE('',#2812,#2813);
#2812 = CARTESIAN_POINT('',(-7.7,0.7,41.099970715579));
#2813 = VECTOR('',#2814,1.);
#2814 = DIRECTION('',(0.,0.,1.));
#2815 = ORIENTED_EDGE('',*,*,#2816,.F.);
#2816 = EDGE_CURVE('',#1869,#2809,#2817,.T.);
#2817 = LINE('',#2818,#2819);
#2818 = CARTESIAN_POINT('',(-7.7,9.84E-15,44.299970715579));
#2819 = VECTOR('',#2820,1.);
#2820 = DIRECTION('',(0.,1.,-2.2E-16));
#2821 = ORIENTED_EDGE('',*,*,#1877,.F.);
#2822 = PLANE('',#2823);
#2823 = AXIS2_PLACEMENT_3D('',#2824,#2825,#2826);
#2824 = CARTESIAN_POINT('',(-7.7,9.13E-15,41.099970715579));
#2825 = DIRECTION('',(1.,0.,0.));
#2826 = DIRECTION('',(-0.,2.2E-16,1.));
#2827 = ADVANCED_FACE('',(#2828),#2847,.T.);
#2828 = FACE_BOUND('',#2829,.T.);
#2829 = EDGE_LOOP('',(#2830,#2831,#2840,#2846));
#2830 = ORIENTED_EDGE('',*,*,#2816,.T.);
#2831 = ORIENTED_EDGE('',*,*,#2832,.T.);
#2832 = EDGE_CURVE('',#2809,#2833,#2835,.T.);
#2833 = VERTEX_POINT('',#2834);
#2834 = CARTESIAN_POINT('',(-7.7,0.7,47.299970715579));
#2835 = CIRCLE('',#2836,1.5);
#2836 = AXIS2_PLACEMENT_3D('',#2837,#2838,#2839);
#2837 = CARTESIAN_POINT('',(-7.7,0.7,45.799970715579));
#2838 = DIRECTION('',(0.,-1.,0.));
#2839 = DIRECTION('',(1.,0.,0.));
#2840 = ORIENTED_EDGE('',*,*,#2841,.F.);
#2841 = EDGE_CURVE('',#1861,#2833,#2842,.T.);
#2842 = LINE('',#2843,#2844);
#2843 = CARTESIAN_POINT('',(-7.7,1.05E-14,47.299970715579));
#2844 = VECTOR('',#2845,1.);
#2845 = DIRECTION('',(0.,1.,-2.2E-16));
#2846 = ORIENTED_EDGE('',*,*,#1868,.F.);
#2847 = CYLINDRICAL_SURFACE('',#2848,1.5);
#2848 = AXIS2_PLACEMENT_3D('',#2849,#2850,#2851);
#2849 = CARTESIAN_POINT('',(-7.7,1.017E-14,45.799970715579));
#2850 = DIRECTION('',(0.,-1.,2.2E-16));
#2851 = DIRECTION('',(1.,0.,0.));
#2852 = ADVANCED_FACE('',(#2853),#2871,.F.);
#2853 = FACE_BOUND('',#2854,.F.);
#2854 = EDGE_LOOP('',(#2855,#2863,#2869,#2870));
#2855 = ORIENTED_EDGE('',*,*,#2856,.T.);
#2856 = EDGE_CURVE('',#1852,#2857,#2859,.T.);
#2857 = VERTEX_POINT('',#2858);
#2858 = CARTESIAN_POINT('',(-7.7,0.7,84.299970715579));
#2859 = LINE('',#2860,#2861);
#2860 = CARTESIAN_POINT('',(-7.7,1.872E-14,84.299970715579));
#2861 = VECTOR('',#2862,1.);
#2862 = DIRECTION('',(0.,1.,-2.2E-16));
#2863 = ORIENTED_EDGE('',*,*,#2864,.T.);
#2864 = EDGE_CURVE('',#2857,#2833,#2865,.T.);
#2865 = LINE('',#2866,#2867);
#2866 = CARTESIAN_POINT('',(-7.7,0.7,84.299970715579));
#2867 = VECTOR('',#2868,1.);
#2868 = DIRECTION('',(0.,0.,-1.));
#2869 = ORIENTED_EDGE('',*,*,#2841,.F.);
#2870 = ORIENTED_EDGE('',*,*,#1860,.F.);
#2871 = PLANE('',#2872);
#2872 = AXIS2_PLACEMENT_3D('',#2873,#2874,#2875);
#2873 = CARTESIAN_POINT('',(-7.7,1.872E-14,84.299970715579));
#2874 = DIRECTION('',(-1.,0.,0.));
#2875 = DIRECTION('',(-0.,-2.2E-16,-1.));
#2876 = ADVANCED_FACE('',(#2877),#2896,.T.);
#2877 = FACE_BOUND('',#2878,.T.);
#2878 = EDGE_LOOP('',(#2879,#2880,#2889,#2895));
#2879 = ORIENTED_EDGE('',*,*,#2856,.T.);
#2880 = ORIENTED_EDGE('',*,*,#2881,.T.);
#2881 = EDGE_CURVE('',#2857,#2882,#2884,.T.);
#2882 = VERTEX_POINT('',#2883);
#2883 = CARTESIAN_POINT('',(-7.7,0.7,87.299970715579));
#2884 = CIRCLE('',#2885,1.5);
#2885 = AXIS2_PLACEMENT_3D('',#2886,#2887,#2888);
#2886 = CARTESIAN_POINT('',(-7.7,0.7,85.799970715579));
#2887 = DIRECTION('',(0.,-1.,0.));
#2888 = DIRECTION('',(1.,0.,0.));
#2889 = ORIENTED_EDGE('',*,*,#2890,.F.);
#2890 = EDGE_CURVE('',#1844,#2882,#2891,.T.);
#2891 = LINE('',#2892,#2893);
#2892 = CARTESIAN_POINT('',(-7.7,1.938E-14,87.299970715579));
#2893 = VECTOR('',#2894,1.);
#2894 = DIRECTION('',(0.,1.,-2.2E-16));
#2895 = ORIENTED_EDGE('',*,*,#1851,.F.);
#2896 = CYLINDRICAL_SURFACE('',#2897,1.5);
#2897 = AXIS2_PLACEMENT_3D('',#2898,#2899,#2900);
#2898 = CARTESIAN_POINT('',(-7.7,1.905E-14,85.799970715579));
#2899 = DIRECTION('',(0.,-1.,2.2E-16));
#2900 = DIRECTION('',(1.,0.,0.));
#2901 = ADVANCED_FACE('',(#2902),#2920,.T.);
#2902 = FACE_BOUND('',#2903,.T.);
#2903 = EDGE_LOOP('',(#2904,#2905,#2913,#2919));
#2904 = ORIENTED_EDGE('',*,*,#2890,.T.);
#2905 = ORIENTED_EDGE('',*,*,#2906,.T.);
#2906 = EDGE_CURVE('',#2882,#2907,#2909,.T.);
#2907 = VERTEX_POINT('',#2908);
#2908 = CARTESIAN_POINT('',(-7.7,0.7,91.499970715579));
#2909 = LINE('',#2910,#2911);
#2910 = CARTESIAN_POINT('',(-7.7,0.7,87.299970715579));
#2911 = VECTOR('',#2912,1.);
#2912 = DIRECTION('',(0.,0.,1.));
#2913 = ORIENTED_EDGE('',*,*,#2914,.F.);
#2914 = EDGE_CURVE('',#1836,#2907,#2915,.T.);
#2915 = LINE('',#2916,#2917);
#2916 = CARTESIAN_POINT('',(-7.7,2.032E-14,91.499970715579));
#2917 = VECTOR('',#2918,1.);
#2918 = DIRECTION('',(0.,1.,-2.2E-16));
#2919 = ORIENTED_EDGE('',*,*,#1843,.F.);
#2920 = PLANE('',#2921);
#2921 = AXIS2_PLACEMENT_3D('',#2922,#2923,#2924);
#2922 = CARTESIAN_POINT('',(-7.7,1.938E-14,87.299970715579));
#2923 = DIRECTION('',(1.,0.,0.));
#2924 = DIRECTION('',(-0.,2.2E-16,1.));
#2925 = ADVANCED_FACE('',(#2926),#2944,.F.);
#2926 = FACE_BOUND('',#2927,.F.);
#2927 = EDGE_LOOP('',(#2928,#2936,#2942,#2943));
#2928 = ORIENTED_EDGE('',*,*,#2929,.T.);
#2929 = EDGE_CURVE('',#1828,#2930,#2932,.T.);
#2930 = VERTEX_POINT('',#2931);
#2931 = CARTESIAN_POINT('',(7.7,0.7,91.499970715579));
#2932 = LINE('',#2933,#2934);
#2933 = CARTESIAN_POINT('',(7.7,2.032E-14,91.499970715579));
#2934 = VECTOR('',#2935,1.);
#2935 = DIRECTION('',(0.,1.,-2.2E-16));
#2936 = ORIENTED_EDGE('',*,*,#2937,.T.);
#2937 = EDGE_CURVE('',#2930,#2907,#2938,.T.);
#2938 = LINE('',#2939,#2940);
#2939 = CARTESIAN_POINT('',(7.7,0.7,91.499970715579));
#2940 = VECTOR('',#2941,1.);
#2941 = DIRECTION('',(-1.,0.,0.));
#2942 = ORIENTED_EDGE('',*,*,#2914,.F.);
#2943 = ORIENTED_EDGE('',*,*,#1835,.F.);
#2944 = PLANE('',#2945);
#2945 = AXIS2_PLACEMENT_3D('',#2946,#2947,#2948);
#2946 = CARTESIAN_POINT('',(7.7,2.032E-14,91.499970715579));
#2947 = DIRECTION('',(0.,2.2E-16,1.));
#2948 = DIRECTION('',(-1.,0.,0.));
#2949 = ADVANCED_FACE('',(#2950),#2968,.F.);
#2950 = FACE_BOUND('',#2951,.F.);
#2951 = EDGE_LOOP('',(#2952,#2960,#2966,#2967));
#2952 = ORIENTED_EDGE('',*,*,#2953,.T.);
#2953 = EDGE_CURVE('',#1819,#2954,#2956,.T.);
#2954 = VERTEX_POINT('',#2955);
#2955 = CARTESIAN_POINT('',(7.7,0.7,87.299970715579));
#2956 = LINE('',#2957,#2958);
#2957 = CARTESIAN_POINT('',(7.7,1.938E-14,87.299970715579));
#2958 = VECTOR('',#2959,1.);
#2959 = DIRECTION('',(0.,1.,-2.2E-16));
#2960 = ORIENTED_EDGE('',*,*,#2961,.T.);
#2961 = EDGE_CURVE('',#2954,#2930,#2962,.T.);
#2962 = LINE('',#2963,#2964);
#2963 = CARTESIAN_POINT('',(7.7,0.7,87.299970715579));
#2964 = VECTOR('',#2965,1.);
#2965 = DIRECTION('',(0.,0.,1.));
#2966 = ORIENTED_EDGE('',*,*,#2929,.F.);
#2967 = ORIENTED_EDGE('',*,*,#1827,.F.);
#2968 = PLANE('',#2969);
#2969 = AXIS2_PLACEMENT_3D('',#2970,#2971,#2972);
#2970 = CARTESIAN_POINT('',(7.7,1.938E-14,87.299970715579));
#2971 = DIRECTION('',(1.,0.,0.));
#2972 = DIRECTION('',(-0.,2.2E-16,1.));
#2973 = ADVANCED_FACE('',(#2974),#2993,.T.);
#2974 = FACE_BOUND('',#2975,.T.);
#2975 = EDGE_LOOP('',(#2976,#2977,#2986,#2992));
#2976 = ORIENTED_EDGE('',*,*,#2953,.T.);
#2977 = ORIENTED_EDGE('',*,*,#2978,.T.);
#2978 = EDGE_CURVE('',#2954,#2979,#2981,.T.);
#2979 = VERTEX_POINT('',#2980);
#2980 = CARTESIAN_POINT('',(7.7,0.7,84.299970715579));
#2981 = CIRCLE('',#2982,1.5);
#2982 = AXIS2_PLACEMENT_3D('',#2983,#2984,#2985);
#2983 = CARTESIAN_POINT('',(7.7,0.7,85.799970715579));
#2984 = DIRECTION('',(0.,-1.,0.));
#2985 = DIRECTION('',(1.,0.,0.));
#2986 = ORIENTED_EDGE('',*,*,#2987,.F.);
#2987 = EDGE_CURVE('',#1811,#2979,#2988,.T.);
#2988 = LINE('',#2989,#2990);
#2989 = CARTESIAN_POINT('',(7.7,1.872E-14,84.299970715579));
#2990 = VECTOR('',#2991,1.);
#2991 = DIRECTION('',(0.,1.,-2.2E-16));
#2992 = ORIENTED_EDGE('',*,*,#1818,.F.);
#2993 = CYLINDRICAL_SURFACE('',#2994,1.5);
#2994 = AXIS2_PLACEMENT_3D('',#2995,#2996,#2997);
#2995 = CARTESIAN_POINT('',(7.7,1.905E-14,85.799970715579));
#2996 = DIRECTION('',(0.,-1.,2.2E-16));
#2997 = DIRECTION('',(1.,0.,0.));
#2998 = ADVANCED_FACE('',(#2999),#3017,.T.);
#2999 = FACE_BOUND('',#3000,.T.);
#3000 = EDGE_LOOP('',(#3001,#3002,#3010,#3016));
#3001 = ORIENTED_EDGE('',*,*,#2987,.T.);
#3002 = ORIENTED_EDGE('',*,*,#3003,.T.);
#3003 = EDGE_CURVE('',#2979,#3004,#3006,.T.);
#3004 = VERTEX_POINT('',#3005);
#3005 = CARTESIAN_POINT('',(7.7,0.7,47.299970715579));
#3006 = LINE('',#3007,#3008);
#3007 = CARTESIAN_POINT('',(7.7,0.7,84.299970715579));
#3008 = VECTOR('',#3009,1.);
#3009 = DIRECTION('',(0.,0.,-1.));
#3010 = ORIENTED_EDGE('',*,*,#3011,.F.);
#3011 = EDGE_CURVE('',#1802,#3004,#3012,.T.);
#3012 = LINE('',#3013,#3014);
#3013 = CARTESIAN_POINT('',(7.7,1.05E-14,47.299970715579));
#3014 = VECTOR('',#3015,1.);
#3015 = DIRECTION('',(0.,1.,-2.2E-16));
#3016 = ORIENTED_EDGE('',*,*,#1810,.F.);
#3017 = PLANE('',#3018);
#3018 = AXIS2_PLACEMENT_3D('',#3019,#3020,#3021);
#3019 = CARTESIAN_POINT('',(7.7,1.872E-14,84.299970715579));
#3020 = DIRECTION('',(-1.,0.,0.));
#3021 = DIRECTION('',(-0.,-2.2E-16,-1.));
#3022 = ADVANCED_FACE('',(#3023),#3042,.T.);
#3023 = FACE_BOUND('',#3024,.T.);
#3024 = EDGE_LOOP('',(#3025,#3026,#3035,#3041));
#3025 = ORIENTED_EDGE('',*,*,#3011,.T.);
#3026 = ORIENTED_EDGE('',*,*,#3027,.T.);
#3027 = EDGE_CURVE('',#3004,#3028,#3030,.T.);
#3028 = VERTEX_POINT('',#3029);
#3029 = CARTESIAN_POINT('',(7.7,0.7,44.299970715579));
#3030 = CIRCLE('',#3031,1.5);
#3031 = AXIS2_PLACEMENT_3D('',#3032,#3033,#3034);
#3032 = CARTESIAN_POINT('',(7.7,0.7,45.799970715579));
#3033 = DIRECTION('',(0.,-1.,0.));
#3034 = DIRECTION('',(1.,0.,0.));
#3035 = ORIENTED_EDGE('',*,*,#3036,.F.);
#3036 = EDGE_CURVE('',#1794,#3028,#3037,.T.);
#3037 = LINE('',#3038,#3039);
#3038 = CARTESIAN_POINT('',(7.7,9.84E-15,44.299970715579));
#3039 = VECTOR('',#3040,1.);
#3040 = DIRECTION('',(0.,1.,-2.2E-16));
#3041 = ORIENTED_EDGE('',*,*,#1801,.F.);
#3042 = CYLINDRICAL_SURFACE('',#3043,1.5);
#3043 = AXIS2_PLACEMENT_3D('',#3044,#3045,#3046);
#3044 = CARTESIAN_POINT('',(7.7,1.017E-14,45.799970715579));
#3045 = DIRECTION('',(0.,-1.,2.2E-16));
#3046 = DIRECTION('',(1.,0.,0.));
#3047 = ADVANCED_FACE('',(#3048),#3066,.T.);
#3048 = FACE_BOUND('',#3049,.T.);
#3049 = EDGE_LOOP('',(#3050,#3051,#3059,#3065));
#3050 = ORIENTED_EDGE('',*,*,#3036,.T.);
#3051 = ORIENTED_EDGE('',*,*,#3052,.T.);
#3052 = EDGE_CURVE('',#3028,#3053,#3055,.T.);
#3053 = VERTEX_POINT('',#3054);
#3054 = CARTESIAN_POINT('',(7.7,0.7,41.099970715579));
#3055 = LINE('',#3056,#3057);
#3056 = CARTESIAN_POINT('',(7.7,0.7,44.299970715579));
#3057 = VECTOR('',#3058,1.);
#3058 = DIRECTION('',(0.,0.,-1.));
#3059 = ORIENTED_EDGE('',*,*,#3060,.F.);
#3060 = EDGE_CURVE('',#1786,#3053,#3061,.T.);
#3061 = LINE('',#3062,#3063);
#3062 = CARTESIAN_POINT('',(7.7,9.13E-15,41.099970715579));
#3063 = VECTOR('',#3064,1.);
#3064 = DIRECTION('',(0.,1.,-2.2E-16));
#3065 = ORIENTED_EDGE('',*,*,#1793,.F.);
#3066 = PLANE('',#3067);
#3067 = AXIS2_PLACEMENT_3D('',#3068,#3069,#3070);
#3068 = CARTESIAN_POINT('',(7.7,9.84E-15,44.299970715579));
#3069 = DIRECTION('',(-1.,0.,0.));
#3070 = DIRECTION('',(-0.,-2.2E-16,-1.));
#3071 = ADVANCED_FACE('',(#3072),#3083,.F.);
#3072 = FACE_BOUND('',#3073,.F.);
#3073 = EDGE_LOOP('',(#3074,#3075,#3076,#3082));
#3074 = ORIENTED_EDGE('',*,*,#1785,.F.);
#3075 = ORIENTED_EDGE('',*,*,#2767,.F.);
#3076 = ORIENTED_EDGE('',*,*,#3077,.T.);
#3077 = EDGE_CURVE('',#2760,#3053,#3078,.T.);
#3078 = LINE('',#3079,#3080);
#3079 = CARTESIAN_POINT('',(-7.7,0.7,41.099970715579));
#3080 = VECTOR('',#3081,1.);
#3081 = DIRECTION('',(1.,0.,0.));
#3082 = ORIENTED_EDGE('',*,*,#3060,.F.);
#3083 = PLANE('',#3084);
#3084 = AXIS2_PLACEMENT_3D('',#3085,#3086,#3087);
#3085 = CARTESIAN_POINT('',(-7.7,9.13E-15,41.099970715579));
#3086 = DIRECTION('',(0.,-2.2E-16,-1.));
#3087 = DIRECTION('',(1.,0.,0.));
#3088 = ADVANCED_FACE('',(#3089),#3099,.F.);
#3089 = FACE_BOUND('',#3090,.F.);
#3090 = EDGE_LOOP('',(#3091,#3098));
#3091 = ORIENTED_EDGE('',*,*,#3092,.F.);
#3092 = EDGE_CURVE('',#1762,#1754,#3093,.T.);
#3093 = CIRCLE('',#3094,1.200000000002);
#3094 = AXIS2_PLACEMENT_3D('',#3095,#3096,#3097);
#3095 = CARTESIAN_POINT('',(6.598213422323,-1.163433641575,
    40.599968848393));
#3096 = DIRECTION('',(-1.74532924E-07,-0.,-1.));
#3097 = DIRECTION('',(1.,0.,-1.74532924E-07));
#3098 = ORIENTED_EDGE('',*,*,#1761,.T.);
#3099 = PLANE('',#3100);
#3100 = AXIS2_PLACEMENT_3D('',#3101,#3102,#3103);
#3101 = CARTESIAN_POINT('',(2.84390512085E-06,1.09068013184E-05,
    40.599969999998));
#3102 = DIRECTION('',(1.7453292429E-07,0.,1.));
#3103 = DIRECTION('',(1.,0.,-1.7453292429E-07));
#3104 = ADVANCED_FACE('',(#3105),#3109,.T.);
#3105 = FACE_BOUND('',#3106,.T.);
#3106 = EDGE_LOOP('',(#3107,#3108));
#3107 = ORIENTED_EDGE('',*,*,#2523,.T.);
#3108 = ORIENTED_EDGE('',*,*,#1745,.F.);
#3109 = PLANE('',#3110);
#3110 = AXIS2_PLACEMENT_3D('',#3111,#3112,#3113);
#3111 = CARTESIAN_POINT('',(6.79126363618E-06,1.111729974161E-05,
    94.499969999998));
#3112 = DIRECTION('',(1.7453292457E-07,0.,1.));
#3113 = DIRECTION('',(1.,0.,-1.7453292457E-07));
#3114 = ADVANCED_FACE('',(#3115),#3119,.T.);
#3115 = FACE_BOUND('',#3116,.T.);
#3116 = EDGE_LOOP('',(#3117,#3118));
#3117 = ORIENTED_EDGE('',*,*,#1738,.F.);
#3118 = ORIENTED_EDGE('',*,*,#2599,.T.);
#3119 = PLANE('',#3120);
#3120 = AXIS2_PLACEMENT_3D('',#3121,#3122,#3123);
#3121 = CARTESIAN_POINT('',(6.79126363618E-06,1.111729974161E-05,
    94.499969999998));
#3122 = DIRECTION('',(1.7453292457E-07,0.,1.));
#3123 = DIRECTION('',(1.,0.,-1.7453292457E-07));
#3124 = ADVANCED_FACE('',(#3125),#3129,.T.);
#3125 = FACE_BOUND('',#3126,.T.);
#3126 = EDGE_LOOP('',(#3127,#3128));
#3127 = ORIENTED_EDGE('',*,*,#2623,.T.);
#3128 = ORIENTED_EDGE('',*,*,#1731,.F.);
#3129 = PLANE('',#3130);
#3130 = AXIS2_PLACEMENT_3D('',#3131,#3132,#3133);
#3131 = CARTESIAN_POINT('',(6.79126363618E-06,1.111729974161E-05,
    94.499969999998));
#3132 = DIRECTION('',(1.7453292457E-07,0.,1.));
#3133 = DIRECTION('',(1.,0.,-1.7453292457E-07));
#3134 = ADVANCED_FACE('',(#3135),#3153,.F.);
#3135 = FACE_BOUND('',#3136,.F.);
#3136 = EDGE_LOOP('',(#3137,#3143,#3144,#3145,#3146,#3152));
#3137 = ORIENTED_EDGE('',*,*,#3138,.T.);
#3138 = EDGE_CURVE('',#2083,#2014,#3139,.T.);
#3139 = LINE('',#3140,#3141);
#3140 = CARTESIAN_POINT('',(-7.779979485277,-1.371804881523,
    35.599971357861));
#3141 = VECTOR('',#3142,1.);
#3142 = DIRECTION('',(1.7453292437E-07,0.,1.));
#3143 = ORIENTED_EDGE('',*,*,#2022,.T.);
#3144 = ORIENTED_EDGE('',*,*,#2710,.T.);
#3145 = ORIENTED_EDGE('',*,*,#1986,.T.);
#3146 = ORIENTED_EDGE('',*,*,#3147,.F.);
#3147 = EDGE_CURVE('',#2065,#1987,#3148,.T.);
#3148 = LINE('',#3149,#3150);
#3149 = CARTESIAN_POINT('',(-5.416440878048,-0.955049255122,
    35.599970945346));
#3150 = VECTOR('',#3151,1.);
#3151 = DIRECTION('',(1.7453292437E-07,0.,1.));
#3152 = ORIENTED_EDGE('',*,*,#2091,.F.);
#3153 = CYLINDRICAL_SURFACE('',#3154,1.2);
#3154 = AXIS2_PLACEMENT_3D('',#3155,#3156,#3157);
#3155 = CARTESIAN_POINT('',(-6.598210181663,-1.163427068323,
    35.599971151603));
#3156 = DIRECTION('',(-1.7453292437E-07,-0.,-1.));
#3157 = DIRECTION('',(1.,0.,-1.7453292437E-07));
#3158 = ADVANCED_FACE('',(#3159),#3170,.F.);
#3159 = FACE_BOUND('',#3160,.F.);
#3160 = EDGE_LOOP('',(#3161,#3167,#3168,#3169));
#3161 = ORIENTED_EDGE('',*,*,#3162,.T.);
#3162 = EDGE_CURVE('',#2074,#2005,#3163,.T.);
#3163 = LINE('',#3164,#3165);
#3164 = CARTESIAN_POINT('',(-5.078020353004,-6.051735378594,
    35.59997088628));
#3165 = VECTOR('',#3166,1.);
#3166 = DIRECTION('',(1.7453292437E-07,0.,1.));
#3167 = ORIENTED_EDGE('',*,*,#2013,.T.);
#3168 = ORIENTED_EDGE('',*,*,#3138,.F.);
#3169 = ORIENTED_EDGE('',*,*,#2082,.F.);
#3170 = CYLINDRICAL_SURFACE('',#3171,7.900000248562);
#3171 = AXIS2_PLACEMENT_3D('',#3172,#3173,#3174);
#3172 = CARTESIAN_POINT('',(1.99259541148E-06,1.58543026104E-05,
    35.599969999998));
#3173 = DIRECTION('',(-1.7453292437E-07,-0.,-1.));
#3174 = DIRECTION('',(1.,0.,-1.7453292437E-07));
#3175 = ADVANCED_FACE('',(#3176),#3187,.F.);
#3176 = FACE_BOUND('',#3177,.F.);
#3177 = EDGE_LOOP('',(#3178,#3184,#3185,#3186));
#3178 = ORIENTED_EDGE('',*,*,#3179,.T.);
#3179 = EDGE_CURVE('',#2063,#1996,#3180,.T.);
#3180 = LINE('',#3181,#3182);
#3181 = CARTESIAN_POINT('',(-3.535330089757,-4.213228715108,
    35.59997061703));
#3182 = VECTOR('',#3183,1.);
#3183 = DIRECTION('',(1.7453292437E-07,0.,1.));
#3184 = ORIENTED_EDGE('',*,*,#2004,.T.);
#3185 = ORIENTED_EDGE('',*,*,#3162,.F.);
#3186 = ORIENTED_EDGE('',*,*,#2073,.F.);
#3187 = CYLINDRICAL_SURFACE('',#3188,1.2);
#3188 = AXIS2_PLACEMENT_3D('',#3189,#3190,#3191);
#3189 = CARTESIAN_POINT('',(-4.306675221381,-5.132482046851,
    35.599970751655));
#3190 = DIRECTION('',(-1.7453292437E-07,-0.,-1.));
#3191 = DIRECTION('',(1.,0.,-1.7453292437E-07));
#3192 = ADVANCED_FACE('',(#3193),#3199,.T.);
#3193 = FACE_BOUND('',#3194,.T.);
#3194 = EDGE_LOOP('',(#3195,#3196,#3197,#3198));
#3195 = ORIENTED_EDGE('',*,*,#3179,.T.);
#3196 = ORIENTED_EDGE('',*,*,#1995,.T.);
#3197 = ORIENTED_EDGE('',*,*,#3147,.F.);
#3198 = ORIENTED_EDGE('',*,*,#2062,.F.);
#3199 = CYLINDRICAL_SURFACE('',#3200,5.499999008136);
#3200 = AXIS2_PLACEMENT_3D('',#3201,#3202,#3203);
#3201 = CARTESIAN_POINT('',(8.4941193168E-07,1.5194285844E-05,
    35.599969999998));
#3202 = DIRECTION('',(-1.7453292437E-07,-0.,-1.));
#3203 = DIRECTION('',(1.,0.,-1.7453292437E-07));
#3204 = ADVANCED_FACE('',(#3205),#3217,.F.);
#3205 = FACE_BOUND('',#3206,.F.);
#3206 = EDGE_LOOP('',(#3207,#3213,#3214,#3215,#3216));
#3207 = ORIENTED_EDGE('',*,*,#3208,.F.);
#3208 = EDGE_CURVE('',#2101,#1770,#3209,.T.);
#3209 = LINE('',#3210,#3211);
#3210 = CARTESIAN_POINT('',(4.099989873726,0.,35.599969284415));
#3211 = VECTOR('',#3212,1.);
#3212 = DIRECTION('',(1.7453292437E-07,0.,1.));
#3213 = ORIENTED_EDGE('',*,*,#2100,.F.);
#3214 = ORIENTED_EDGE('',*,*,#3208,.T.);
#3215 = ORIENTED_EDGE('',*,*,#1978,.T.);
#3216 = ORIENTED_EDGE('',*,*,#2725,.T.);
#3217 = CYLINDRICAL_SURFACE('',#3218,4.099983660359);
#3218 = AXIS2_PLACEMENT_3D('',#3219,#3220,#3221);
#3219 = CARTESIAN_POINT('',(6.21336687158E-06,0.,35.599969999997));
#3220 = DIRECTION('',(-1.7453292437E-07,-0.,-1.));
#3221 = DIRECTION('',(1.,0.,-1.7453292437E-07));
#3222 = ADVANCED_FACE('',(#3223),#3241,.F.);
#3223 = FACE_BOUND('',#3224,.F.);
#3224 = EDGE_LOOP('',(#3225,#3231,#3232,#3233,#3234,#3240));
#3225 = ORIENTED_EDGE('',*,*,#3226,.T.);
#3226 = EDGE_CURVE('',#2112,#1962,#3227,.T.);
#3227 = LINE('',#3228,#3229);
#3228 = CARTESIAN_POINT('',(5.416444405094,-0.955049255124,
    35.59996905465));
#3229 = VECTOR('',#3230,1.);
#3230 = DIRECTION('',(1.7453292437E-07,0.,1.));
#3231 = ORIENTED_EDGE('',*,*,#1970,.T.);
#3232 = ORIENTED_EDGE('',*,*,#3092,.T.);
#3233 = ORIENTED_EDGE('',*,*,#1934,.T.);
#3234 = ORIENTED_EDGE('',*,*,#3235,.F.);
#3235 = EDGE_CURVE('',#2123,#1935,#3236,.T.);
#3236 = LINE('',#3237,#3238);
#3237 = CARTESIAN_POINT('',(7.779983012307,-1.371804881521,
    35.599968642135));
#3238 = VECTOR('',#3239,1.);
#3239 = DIRECTION('',(1.7453292437E-07,0.,1.));
#3240 = ORIENTED_EDGE('',*,*,#2122,.F.);
#3241 = CYLINDRICAL_SURFACE('',#3242,1.200000000002);
#3242 = AXIS2_PLACEMENT_3D('',#3243,#3244,#3245);
#3243 = CARTESIAN_POINT('',(6.598212549659,-1.163433641575,
    35.599968848393));
#3244 = DIRECTION('',(-1.7453292437E-07,-0.,-1.));
#3245 = DIRECTION('',(1.,0.,-1.7453292437E-07));
#3246 = ADVANCED_FACE('',(#3247),#3258,.T.);
#3247 = FACE_BOUND('',#3248,.T.);
#3248 = EDGE_LOOP('',(#3249,#3250,#3251,#3257));
#3249 = ORIENTED_EDGE('',*,*,#3226,.T.);
#3250 = ORIENTED_EDGE('',*,*,#1961,.T.);
#3251 = ORIENTED_EDGE('',*,*,#3252,.F.);
#3252 = EDGE_CURVE('',#2114,#1953,#3253,.T.);
#3253 = LINE('',#3254,#3255);
#3254 = CARTESIAN_POINT('',(3.535333616795,-4.213228715108,
    35.599969382966));
#3255 = VECTOR('',#3256,1.);
#3256 = DIRECTION('',(1.7453292437E-07,0.,1.));
#3257 = ORIENTED_EDGE('',*,*,#2111,.F.);
#3258 = CYLINDRICAL_SURFACE('',#3259,5.5);
#3259 = AXIS2_PLACEMENT_3D('',#3260,#3261,#3262);
#3260 = CARTESIAN_POINT('',(1.76351916148E-06,1.57220458974E-05,
    35.599969999998));
#3261 = DIRECTION('',(-1.7453292437E-07,-0.,-1.));
#3262 = DIRECTION('',(1.,0.,-1.7453292437E-07));
#3263 = ADVANCED_FACE('',(#3264),#3275,.F.);
#3264 = FACE_BOUND('',#3265,.F.);
#3265 = EDGE_LOOP('',(#3266,#3272,#3273,#3274));
#3266 = ORIENTED_EDGE('',*,*,#3267,.T.);
#3267 = EDGE_CURVE('',#2132,#1944,#3268,.T.);
#3268 = LINE('',#3269,#3270);
#3269 = CARTESIAN_POINT('',(5.078023880043,-6.051735378594,
    35.599969113716));
#3270 = VECTOR('',#3271,1.);
#3271 = DIRECTION('',(1.7453292437E-07,0.,1.));
#3272 = ORIENTED_EDGE('',*,*,#1952,.T.);
#3273 = ORIENTED_EDGE('',*,*,#3252,.F.);
#3274 = ORIENTED_EDGE('',*,*,#2140,.F.);
#3275 = CYLINDRICAL_SURFACE('',#3276,1.2);
#3276 = AXIS2_PLACEMENT_3D('',#3277,#3278,#3279);
#3277 = CARTESIAN_POINT('',(4.306678964945,-5.132481865164,
    35.599969248341));
#3278 = DIRECTION('',(-1.7453292437E-07,-0.,-1.));
#3279 = DIRECTION('',(1.,0.,-1.7453292437E-07));
#3280 = ADVANCED_FACE('',(#3281),#3287,.F.);
#3281 = FACE_BOUND('',#3282,.F.);
#3282 = EDGE_LOOP('',(#3283,#3284,#3285,#3286));
#3283 = ORIENTED_EDGE('',*,*,#3235,.T.);
#3284 = ORIENTED_EDGE('',*,*,#1943,.T.);
#3285 = ORIENTED_EDGE('',*,*,#3267,.F.);
#3286 = ORIENTED_EDGE('',*,*,#2131,.F.);
#3287 = CYLINDRICAL_SURFACE('',#3288,7.9);
#3288 = AXIS2_PLACEMENT_3D('',#3289,#3290,#3291);
#3289 = CARTESIAN_POINT('',(1.76351915748E-06,1.5722045901E-05,
    35.599969999998));
#3290 = DIRECTION('',(-1.7453292437E-07,-0.,-1.));
#3291 = DIRECTION('',(1.,0.,-1.7453292437E-07));
#3292 = ADVANCED_FACE('',(#3293),#3304,.F.);
#3293 = FACE_BOUND('',#3294,.F.);
#3294 = EDGE_LOOP('',(#3295,#3296,#3302,#3303));
#3295 = ORIENTED_EDGE('',*,*,#2031,.F.);
#3296 = ORIENTED_EDGE('',*,*,#3297,.T.);
#3297 = EDGE_CURVE('',#2032,#2052,#3298,.T.);
#3298 = LINE('',#3299,#3300);
#3299 = CARTESIAN_POINT('',(1.100001780972,-6.799984277954,
    99.499969808013));
#3300 = VECTOR('',#3301,1.);
#3301 = DIRECTION('',(-1.7453292495E-07,-0.,-1.));
#3302 = ORIENTED_EDGE('',*,*,#2051,.T.);
#3303 = ORIENTED_EDGE('',*,*,#3297,.F.);
#3304 = CYLINDRICAL_SURFACE('',#3305,1.1);
#3305 = AXIS2_PLACEMENT_3D('',#3306,#3307,#3308);
#3306 = CARTESIAN_POINT('',(1.78097245212E-06,-6.799984277954,
    99.499969999999));
#3307 = DIRECTION('',(1.7453292495E-07,0.,1.));
#3308 = DIRECTION('',(1.,0.,-1.7453292495E-07));
#3309 = ADVANCED_FACE('',(#3310),#3321,.F.);
#3310 = FACE_BOUND('',#3311,.F.);
#3311 = EDGE_LOOP('',(#3312,#3318,#3319,#3320));
#3312 = ORIENTED_EDGE('',*,*,#3313,.T.);
#3313 = EDGE_CURVE('',#2317,#2150,#3314,.T.);
#3314 = LINE('',#3315,#3316);
#3315 = CARTESIAN_POINT('',(-4.788970964762,3.400015722046,
    99.499970835832));
#3316 = VECTOR('',#3317,1.);
#3317 = DIRECTION('',(-1.7453292495E-07,-0.,-1.));
#3318 = ORIENTED_EDGE('',*,*,#2149,.T.);
#3319 = ORIENTED_EDGE('',*,*,#3313,.F.);
#3320 = ORIENTED_EDGE('',*,*,#2316,.F.);
#3321 = CYLINDRICAL_SURFACE('',#3322,1.1);
#3322 = AXIS2_PLACEMENT_3D('',#3323,#3324,#3325);
#3323 = CARTESIAN_POINT('',(-5.888970964762,3.400015722046,
    99.499971027819));
#3324 = DIRECTION('',(1.7453292495E-07,0.,1.));
#3325 = DIRECTION('',(1.,0.,-1.7453292495E-07));
#3326 = ADVANCED_FACE('',(#3327),#3338,.F.);
#3327 = FACE_BOUND('',#3328,.F.);
#3328 = EDGE_LOOP('',(#3329,#3335,#3336,#3337));
#3329 = ORIENTED_EDGE('',*,*,#3330,.T.);
#3330 = EDGE_CURVE('',#2366,#2161,#3331,.T.);
#3331 = LINE('',#3332,#3333);
#3332 = CARTESIAN_POINT('',(6.988974526719,3.400015722046,
    99.499968780193));
#3333 = VECTOR('',#3334,1.);
#3334 = DIRECTION('',(-1.7453292495E-07,-0.,-1.));
#3335 = ORIENTED_EDGE('',*,*,#2160,.T.);
#3336 = ORIENTED_EDGE('',*,*,#3330,.F.);
#3337 = ORIENTED_EDGE('',*,*,#2365,.F.);
#3338 = CYLINDRICAL_SURFACE('',#3339,1.1);
#3339 = AXIS2_PLACEMENT_3D('',#3340,#3341,#3342);
#3340 = CARTESIAN_POINT('',(5.888974526719,3.400015722046,
    99.499968972179));
#3341 = DIRECTION('',(1.7453292495E-07,0.,1.));
#3342 = DIRECTION('',(1.,0.,-1.7453292495E-07));
#3343 = ADVANCED_FACE('',(#3344),#3370,.T.);
#3344 = FACE_BOUND('',#3345,.T.);
#3345 = EDGE_LOOP('',(#3346,#3354,#3363,#3369));
#3346 = ORIENTED_EDGE('',*,*,#3347,.T.);
#3347 = EDGE_CURVE('',#2172,#3348,#3350,.T.);
#3348 = VERTEX_POINT('',#3349);
#3349 = CARTESIAN_POINT('',(-1.881113719708,5.168325136368,
    40.599970328315));
#3350 = LINE('',#3351,#3352);
#3351 = CARTESIAN_POINT('',(-1.881109024772,5.168325136368,
    35.599970328314));
#3352 = VECTOR('',#3353,1.);
#3353 = DIRECTION('',(1.7453292437E-07,0.,1.));
#3354 = ORIENTED_EDGE('',*,*,#3355,.T.);
#3355 = EDGE_CURVE('',#3348,#3356,#3358,.T.);
#3356 = VERTEX_POINT('',#3357);
#3357 = CARTESIAN_POINT('',(1.881107856875,5.168325136368,
    40.599969671683));
#3358 = CIRCLE('',#3359,5.5);
#3359 = AXIS2_PLACEMENT_3D('',#3360,#3361,#3362);
#3360 = CARTESIAN_POINT('',(2.6361837374E-06,1.572204604E-05,
    40.599969999998));
#3361 = DIRECTION('',(-1.74532924E-07,-0.,-1.));
#3362 = DIRECTION('',(1.,0.,-1.74532924E-07));
#3363 = ORIENTED_EDGE('',*,*,#3364,.F.);
#3364 = EDGE_CURVE('',#2174,#3356,#3365,.T.);
#3365 = LINE('',#3366,#3367);
#3366 = CARTESIAN_POINT('',(1.88111255181,5.168325136368,35.599969671682
    ));
#3367 = VECTOR('',#3368,1.);
#3368 = DIRECTION('',(1.7453292437E-07,0.,1.));
#3369 = ORIENTED_EDGE('',*,*,#2171,.F.);
#3370 = CYLINDRICAL_SURFACE('',#3371,5.5);
#3371 = AXIS2_PLACEMENT_3D('',#3372,#3373,#3374);
#3372 = CARTESIAN_POINT('',(1.76351911498E-06,1.572204604E-05,
    35.599969999998));
#3373 = DIRECTION('',(-1.7453292437E-07,-0.,-1.));
#3374 = DIRECTION('',(1.,0.,-1.7453292437E-07));
#3375 = ADVANCED_FACE('',(#3376),#3394,.F.);
#3376 = FACE_BOUND('',#3377,.F.);
#3377 = EDGE_LOOP('',(#3378,#3384,#3385,#3392,#3393));
#3378 = ORIENTED_EDGE('',*,*,#3379,.T.);
#3379 = EDGE_CURVE('',#2192,#2431,#3380,.T.);
#3380 = LINE('',#3381,#3382);
#3381 = CARTESIAN_POINT('',(2.701960895792,7.423587426255,
    35.599969528417));
#3382 = VECTOR('',#3383,1.);
#3383 = DIRECTION('',(1.7453292437E-07,0.,1.));
#3384 = ORIENTED_EDGE('',*,*,#2439,.T.);
#3385 = ORIENTED_EDGE('',*,*,#3386,.T.);
#3386 = EDGE_CURVE('',#2391,#3356,#3387,.T.);
#3387 = CIRCLE('',#3388,1.2);
#3388 = AXIS2_PLACEMENT_3D('',#3389,#3390,#3391);
#3389 = CARTESIAN_POINT('',(2.291537596466,6.295956281311,40.59996960005
    ));
#3390 = DIRECTION('',(-1.74532924E-07,-0.,-1.));
#3391 = DIRECTION('',(1.,0.,-1.74532924E-07));
#3392 = ORIENTED_EDGE('',*,*,#3364,.F.);
#3393 = ORIENTED_EDGE('',*,*,#2200,.F.);
#3394 = CYLINDRICAL_SURFACE('',#3395,1.2);
#3395 = AXIS2_PLACEMENT_3D('',#3396,#3397,#3398);
#3396 = CARTESIAN_POINT('',(2.291536723801,6.295956281311,35.59996960005
    ));
#3397 = DIRECTION('',(-1.7453292437E-07,-0.,-1.));
#3398 = DIRECTION('',(1.,0.,-1.7453292437E-07));
#3399 = ADVANCED_FACE('',(#3400),#3411,.F.);
#3400 = FACE_BOUND('',#3401,.F.);
#3401 = EDGE_LOOP('',(#3402,#3408,#3409,#3410));
#3402 = ORIENTED_EDGE('',*,*,#3403,.T.);
#3403 = EDGE_CURVE('',#2183,#2422,#3404,.T.);
#3404 = LINE('',#3405,#3406);
#3405 = CARTESIAN_POINT('',(-2.701957368754,7.423587426255,
    35.599970471579));
#3406 = VECTOR('',#3407,1.);
#3407 = DIRECTION('',(1.7453292437E-07,0.,1.));
#3408 = ORIENTED_EDGE('',*,*,#2430,.T.);
#3409 = ORIENTED_EDGE('',*,*,#3379,.F.);
#3410 = ORIENTED_EDGE('',*,*,#2191,.F.);
#3411 = CYLINDRICAL_SURFACE('',#3412,7.899999527335);
#3412 = AXIS2_PLACEMENT_3D('',#3413,#3414,#3415);
#3413 = CARTESIAN_POINT('',(1.76351910348E-06,1.62250453044E-05,
    35.599969999998));
#3414 = DIRECTION('',(-1.7453292437E-07,-0.,-1.));
#3415 = DIRECTION('',(1.,0.,-1.7453292437E-07));
#3416 = ADVANCED_FACE('',(#3417),#3430,.F.);
#3417 = FACE_BOUND('',#3418,.F.);
#3418 = EDGE_LOOP('',(#3419,#3420,#3427,#3428,#3429));
#3419 = ORIENTED_EDGE('',*,*,#3347,.T.);
#3420 = ORIENTED_EDGE('',*,*,#3421,.T.);
#3421 = EDGE_CURVE('',#3348,#2414,#3422,.T.);
#3422 = CIRCLE('',#3423,1.2);
#3423 = AXIS2_PLACEMENT_3D('',#3424,#3425,#3426);
#3424 = CARTESIAN_POINT('',(-2.291532123164,6.295956354446,
    40.599970399946));
#3425 = DIRECTION('',(-1.74532924E-07,-0.,-1.));
#3426 = DIRECTION('',(1.,0.,-1.74532924E-07));
#3427 = ORIENTED_EDGE('',*,*,#2421,.T.);
#3428 = ORIENTED_EDGE('',*,*,#3403,.F.);
#3429 = ORIENTED_EDGE('',*,*,#2182,.F.);
#3430 = CYLINDRICAL_SURFACE('',#3431,1.2);
#3431 = AXIS2_PLACEMENT_3D('',#3432,#3433,#3434);
#3432 = CARTESIAN_POINT('',(-2.291532995828,6.295956354446,
    35.599970399946));
#3433 = DIRECTION('',(-1.7453292437E-07,-0.,-1.));
#3434 = DIRECTION('',(1.,0.,-1.7453292437E-07));
#3435 = ADVANCED_FACE('',(#3436),#3461,.F.);
#3436 = FACE_BOUND('',#3437,.F.);
#3437 = EDGE_LOOP('',(#3438,#3446,#3453,#3454,#3460));
#3438 = ORIENTED_EDGE('',*,*,#3439,.T.);
#3439 = EDGE_CURVE('',#2328,#3440,#3442,.T.);
#3440 = VERTEX_POINT('',#3441);
#3441 = CARTESIAN_POINT('',(1.881111696599,5.168325136368,
    94.499969671683));
#3442 = LINE('',#3443,#3444);
#3443 = CARTESIAN_POINT('',(1.881112569263,5.168325136368,
    99.499969671683));
#3444 = VECTOR('',#3445,1.);
#3445 = DIRECTION('',(-1.7453292437E-07,-0.,-1.));
#3446 = ORIENTED_EDGE('',*,*,#3447,.T.);
#3447 = EDGE_CURVE('',#3440,#2383,#3448,.T.);
#3448 = CIRCLE('',#3449,1.2);
#3449 = AXIS2_PLACEMENT_3D('',#3450,#3451,#3452);
#3450 = CARTESIAN_POINT('',(2.29153586859,6.295956281311,94.499969600051
    ));
#3451 = DIRECTION('',(1.74532924E-07,-0.,1.));
#3452 = DIRECTION('',(1.,0.,-1.74532924E-07));
#3453 = ORIENTED_EDGE('',*,*,#2480,.T.);
#3454 = ORIENTED_EDGE('',*,*,#3455,.F.);
#3455 = EDGE_CURVE('',#2330,#2481,#3456,.T.);
#3456 = LINE('',#3457,#3458);
#3457 = CARTESIAN_POINT('',(2.701960913245,7.423587426254,
    99.499969528418));
#3458 = VECTOR('',#3459,1.);
#3459 = DIRECTION('',(-1.7453292437E-07,-0.,-1.));
#3460 = ORIENTED_EDGE('',*,*,#2327,.F.);
#3461 = CYLINDRICAL_SURFACE('',#3462,1.2);
#3462 = AXIS2_PLACEMENT_3D('',#3463,#3464,#3465);
#3463 = CARTESIAN_POINT('',(2.291536741254,6.295956281311,
    99.499969600051));
#3464 = DIRECTION('',(1.7453292437E-07,0.,1.));
#3465 = DIRECTION('',(1.,0.,-1.7453292437E-07));
#3466 = ADVANCED_FACE('',(#3467),#3478,.F.);
#3467 = FACE_BOUND('',#3468,.F.);
#3468 = EDGE_LOOP('',(#3469,#3470,#3471,#3477));
#3469 = ORIENTED_EDGE('',*,*,#3455,.T.);
#3470 = ORIENTED_EDGE('',*,*,#2501,.T.);
#3471 = ORIENTED_EDGE('',*,*,#3472,.F.);
#3472 = EDGE_CURVE('',#2348,#2493,#3473,.T.);
#3473 = LINE('',#3474,#3475);
#3474 = CARTESIAN_POINT('',(-2.7019573513,7.423587426255,99.49997047158)
  );
#3475 = VECTOR('',#3476,1.);
#3476 = DIRECTION('',(-1.7453292437E-07,-0.,-1.));
#3477 = ORIENTED_EDGE('',*,*,#2356,.F.);
#3478 = CYLINDRICAL_SURFACE('',#3479,7.899999578348);
#3479 = AXIS2_PLACEMENT_3D('',#3480,#3481,#3482);
#3480 = CARTESIAN_POINT('',(1.78097146808E-06,1.61707577343E-05,
    99.499969999999));
#3481 = DIRECTION('',(1.7453292437E-07,0.,1.));
#3482 = DIRECTION('',(1.,0.,-1.7453292437E-07));
#3483 = ADVANCED_FACE('',(#3484),#3504,.F.);
#3484 = FACE_BOUND('',#3485,.F.);
#3485 = EDGE_LOOP('',(#3486,#3487,#3488,#3497,#3503));
#3486 = ORIENTED_EDGE('',*,*,#3472,.T.);
#3487 = ORIENTED_EDGE('',*,*,#2492,.T.);
#3488 = ORIENTED_EDGE('',*,*,#3489,.T.);
#3489 = EDGE_CURVE('',#2457,#3490,#3492,.T.);
#3490 = VERTEX_POINT('',#3491);
#3491 = CARTESIAN_POINT('',(-1.881109879983,5.168325136368,
    94.499970328315));
#3492 = CIRCLE('',#3493,1.2);
#3493 = AXIS2_PLACEMENT_3D('',#3494,#3495,#3496);
#3494 = CARTESIAN_POINT('',(-2.291534051974,6.295956281311,
    94.499970399947));
#3495 = DIRECTION('',(1.74532924E-07,-0.,1.));
#3496 = DIRECTION('',(1.,0.,-1.74532924E-07));
#3497 = ORIENTED_EDGE('',*,*,#3498,.F.);
#3498 = EDGE_CURVE('',#2339,#3490,#3499,.T.);
#3499 = LINE('',#3500,#3501);
#3500 = CARTESIAN_POINT('',(-1.881109007318,5.168325136368,
    99.499970328315));
#3501 = VECTOR('',#3502,1.);
#3502 = DIRECTION('',(-1.7453292437E-07,-0.,-1.));
#3503 = ORIENTED_EDGE('',*,*,#2347,.F.);
#3504 = CYLINDRICAL_SURFACE('',#3505,1.2);
#3505 = AXIS2_PLACEMENT_3D('',#3506,#3507,#3508);
#3506 = CARTESIAN_POINT('',(-2.291533179309,6.295956281311,
    99.499970399947));
#3507 = DIRECTION('',(1.7453292437E-07,0.,1.));
#3508 = DIRECTION('',(1.,0.,-1.7453292437E-07));
#3509 = ADVANCED_FACE('',(#3510),#3522,.T.);
#3510 = FACE_BOUND('',#3511,.T.);
#3511 = EDGE_LOOP('',(#3512,#3513,#3520,#3521));
#3512 = ORIENTED_EDGE('',*,*,#3439,.T.);
#3513 = ORIENTED_EDGE('',*,*,#3514,.T.);
#3514 = EDGE_CURVE('',#3440,#3490,#3515,.T.);
#3515 = CIRCLE('',#3516,5.499996379305);
#3516 = AXIS2_PLACEMENT_3D('',#3517,#3518,#3519);
#3517 = CARTESIAN_POINT('',(9.083078330602E-07,1.957510864264E-05,
    94.499969999999));
#3518 = DIRECTION('',(1.74532924E-07,-0.,1.));
#3519 = DIRECTION('',(1.,0.,-1.74532924E-07));
#3520 = ORIENTED_EDGE('',*,*,#3498,.F.);
#3521 = ORIENTED_EDGE('',*,*,#2338,.F.);
#3522 = CYLINDRICAL_SURFACE('',#3523,5.499996379305);
#3523 = AXIS2_PLACEMENT_3D('',#3524,#3525,#3526);
#3524 = CARTESIAN_POINT('',(1.78097245489E-06,1.957510864264E-05,
    99.499969999999));
#3525 = DIRECTION('',(1.7453292437E-07,0.,1.));
#3526 = DIRECTION('',(1.,0.,-1.7453292437E-07));
#3527 = ADVANCED_FACE('',(#3528),#3539,.F.);
#3528 = FACE_BOUND('',#3529,.F.);
#3529 = EDGE_LOOP('',(#3530,#3531,#3537,#3538));
#3530 = ORIENTED_EDGE('',*,*,#3447,.F.);
#3531 = ORIENTED_EDGE('',*,*,#3532,.T.);
#3532 = EDGE_CURVE('',#3440,#3356,#3533,.T.);
#3533 = LINE('',#3534,#3535);
#3534 = CARTESIAN_POINT('',(1.881111696599,5.168325136368,
    94.499969671683));
#3535 = VECTOR('',#3536,1.);
#3536 = DIRECTION('',(-1.7453292437E-07,-0.,-1.));
#3537 = ORIENTED_EDGE('',*,*,#3386,.F.);
#3538 = ORIENTED_EDGE('',*,*,#2390,.F.);
#3539 = CYLINDRICAL_SURFACE('',#3540,1.2);
#3540 = AXIS2_PLACEMENT_3D('',#3541,#3542,#3543);
#3541 = CARTESIAN_POINT('',(2.29153586859,6.295956281311,94.499969600051
    ));
#3542 = DIRECTION('',(1.7453292437E-07,0.,1.));
#3543 = DIRECTION('',(1.,0.,-1.7453292437E-07));
#3544 = ADVANCED_FACE('',(#3545),#3556,.F.);
#3545 = FACE_BOUND('',#3546,.F.);
#3546 = EDGE_LOOP('',(#3547,#3548,#3549,#3550));
#3547 = ORIENTED_EDGE('',*,*,#3489,.F.);
#3548 = ORIENTED_EDGE('',*,*,#2464,.T.);
#3549 = ORIENTED_EDGE('',*,*,#3421,.F.);
#3550 = ORIENTED_EDGE('',*,*,#3551,.F.);
#3551 = EDGE_CURVE('',#3490,#3348,#3552,.T.);
#3552 = LINE('',#3553,#3554);
#3553 = CARTESIAN_POINT('',(-1.881109879983,5.168325136368,
    94.499970328315));
#3554 = VECTOR('',#3555,1.);
#3555 = DIRECTION('',(-1.7453292437E-07,-0.,-1.));
#3556 = CYLINDRICAL_SURFACE('',#3557,1.2);
#3557 = AXIS2_PLACEMENT_3D('',#3558,#3559,#3560);
#3558 = CARTESIAN_POINT('',(-2.291534051974,6.295956281311,
    94.499970399947));
#3559 = DIRECTION('',(1.7453292437E-07,0.,1.));
#3560 = DIRECTION('',(1.,0.,-1.7453292437E-07));
#3561 = ADVANCED_FACE('',(#3562),#3585,.F.);
#3562 = FACE_BOUND('',#3563,.F.);
#3563 = EDGE_LOOP('',(#3564,#3565,#3566,#3567,#3568,#3569,#3570,#3571,
    #3572,#3573,#3574,#3575,#3576,#3577,#3578,#3584));
#3564 = ORIENTED_EDGE('',*,*,#2792,.F.);
#3565 = ORIENTED_EDGE('',*,*,#2808,.T.);
#3566 = ORIENTED_EDGE('',*,*,#2832,.T.);
#3567 = ORIENTED_EDGE('',*,*,#2864,.F.);
#3568 = ORIENTED_EDGE('',*,*,#2881,.T.);
#3569 = ORIENTED_EDGE('',*,*,#2906,.T.);
#3570 = ORIENTED_EDGE('',*,*,#2937,.F.);
#3571 = ORIENTED_EDGE('',*,*,#2961,.F.);
#3572 = ORIENTED_EDGE('',*,*,#2978,.T.);
#3573 = ORIENTED_EDGE('',*,*,#3003,.T.);
#3574 = ORIENTED_EDGE('',*,*,#3027,.T.);
#3575 = ORIENTED_EDGE('',*,*,#3052,.T.);
#3576 = ORIENTED_EDGE('',*,*,#3077,.F.);
#3577 = ORIENTED_EDGE('',*,*,#2759,.F.);
#3578 = ORIENTED_EDGE('',*,*,#3579,.T.);
#3579 = EDGE_CURVE('',#2751,#2743,#3580,.T.);
#3580 = LINE('',#3581,#3582);
#3581 = CARTESIAN_POINT('',(2.61116714982E-06,0.7,48.099969999998));
#3582 = VECTOR('',#3583,1.);
#3583 = DIRECTION('',(-1.,0.,1.7453292442E-07));
#3584 = ORIENTED_EDGE('',*,*,#2742,.T.);
#3585 = PLANE('',#3586);
#3586 = AXIS2_PLACEMENT_3D('',#3587,#3588,#3589);
#3587 = CARTESIAN_POINT('',(4.E-17,0.7,66.278168389998));
#3588 = DIRECTION('',(0.,1.,0.));
#3589 = DIRECTION('',(0.,0.,1.));
#3590 = ADVANCED_FACE('',(#3591),#3595,.F.);
#3591 = FACE_BOUND('',#3592,.F.);
#3592 = EDGE_LOOP('',(#3593,#3594));
#3593 = ORIENTED_EDGE('',*,*,#2750,.F.);
#3594 = ORIENTED_EDGE('',*,*,#3579,.F.);
#3595 = PLANE('',#3596);
#3596 = AXIS2_PLACEMENT_3D('',#3597,#3598,#3599);
#3597 = CARTESIAN_POINT('',(8.39502842507E-06,1.420276001989,
    48.099969999997));
#3598 = DIRECTION('',(1.7453292442E-07,0.,1.));
#3599 = DIRECTION('',(1.,0.,-1.7453292442E-07));
#3600 = ADVANCED_FACE('',(#3601),#3607,.T.);
#3601 = FACE_BOUND('',#3602,.T.);
#3602 = EDGE_LOOP('',(#3603,#3604,#3605,#3606));
#3603 = ORIENTED_EDGE('',*,*,#3514,.F.);
#3604 = ORIENTED_EDGE('',*,*,#3532,.T.);
#3605 = ORIENTED_EDGE('',*,*,#3355,.F.);
#3606 = ORIENTED_EDGE('',*,*,#3551,.F.);
#3607 = CYLINDRICAL_SURFACE('',#3608,5.499994945998);
#3608 = AXIS2_PLACEMENT_3D('',#3609,#3610,#3611);
#3609 = CARTESIAN_POINT('',(9.0830880457E-07,2.110040192866E-05,
    94.499969999999));
#3610 = DIRECTION('',(1.7453292437E-07,0.,1.));
#3611 = DIRECTION('',(1.,0.,-1.7453292437E-07));
#3612 = ( GEOMETRIC_REPRESENTATION_CONTEXT(3) 
GLOBAL_UNCERTAINTY_ASSIGNED_CONTEXT((#3616)) 
GLOBAL_UNIT_ASSIGNED_CONTEXT((#3613,#3614,#3615)) REPRESENTATION_CONTEXT
('Context #1','3D Context with UNIT and UNCERTAINTY') );
#3613 = ( LENGTH_UNIT() NAMED_UNIT(*) SI_UNIT(.MILLI.,.METRE.) );
#3614 = ( NAMED_UNIT(*) PLANE_ANGLE_UNIT() SI_UNIT($,.RADIAN.) );
#3615 = ( NAMED_UNIT(*) SI_UNIT($,.STERADIAN.) SOLID_ANGLE_UNIT() );
#3616 = UNCERTAINTY_MEASURE_WITH_UNIT(LENGTH_MEASURE(2.E-06),#3613,
  'distance_accuracy_value','confusion accuracy');
#3617 = CONTEXT_DEPENDENT_SHAPE_REPRESENTATION(#3618,#3620);
#3618 = ( REPRESENTATION_RELATIONSHIP('','',#1463,#10) 
REPRESENTATION_RELATIONSHIP_WITH_TRANSFORMATION(#3619) 
SHAPE_REPRESENTATION_RELATIONSHIP() );
#3619 = ITEM_DEFINED_TRANSFORMATION('','',#11,#27);
#3620 = PRODUCT_DEFINITION_SHAPE('Placement','Placement of an item',
  #3621);
#3621 = NEXT_ASSEMBLY_USAGE_OCCURRENCE('4','Center','',#5,#1458,$);
#3622 = PRODUCT_RELATED_PRODUCT_CATEGORY('part',$,(#1460));
#3623 = SHAPE_DEFINITION_REPRESENTATION(#3624,#3630);
#3624 = PRODUCT_DEFINITION_SHAPE('','',#3625);
#3625 = PRODUCT_DEFINITION('design','',#3626,#3629);
#3626 = PRODUCT_DEFINITION_FORMATION('','',#3627);
#3627 = PRODUCT('QuartzTube','QuartzTube','',(#3628));
#3628 = PRODUCT_CONTEXT('',#2,'mechanical');
#3629 = PRODUCT_DEFINITION_CONTEXT('part definition',#2,'design');
#3630 = ADVANCED_BREP_SHAPE_REPRESENTATION('',(#11,#3631),#3723);
#3631 = MANIFOLD_SOLID_BREP('',#3632);
#3632 = CLOSED_SHELL('',(#3633,#3666,#3699,#3711));
#3633 = ADVANCED_FACE('',(#3634),#3661,.T.);
#3634 = FACE_BOUND('',#3635,.F.);
#3635 = EDGE_LOOP('',(#3636,#3646,#3653,#3654));
#3636 = ORIENTED_EDGE('',*,*,#3637,.T.);
#3637 = EDGE_CURVE('',#3638,#3640,#3642,.T.);
#3638 = VERTEX_POINT('',#3639);
#3639 = CARTESIAN_POINT('',(11.,0.,0.));
#3640 = VERTEX_POINT('',#3641);
#3641 = CARTESIAN_POINT('',(11.,0.,53.));
#3642 = LINE('',#3643,#3644);
#3643 = CARTESIAN_POINT('',(11.,0.,0.));
#3644 = VECTOR('',#3645,1.);
#3645 = DIRECTION('',(0.,0.,1.));
#3646 = ORIENTED_EDGE('',*,*,#3647,.T.);
#3647 = EDGE_CURVE('',#3640,#3640,#3648,.T.);
#3648 = CIRCLE('',#3649,11.);
#3649 = AXIS2_PLACEMENT_3D('',#3650,#3651,#3652);
#3650 = CARTESIAN_POINT('',(0.,0.,53.));
#3651 = DIRECTION('',(0.,0.,1.));
#3652 = DIRECTION('',(1.,0.,0.));
#3653 = ORIENTED_EDGE('',*,*,#3637,.F.);
#3654 = ORIENTED_EDGE('',*,*,#3655,.F.);
#3655 = EDGE_CURVE('',#3638,#3638,#3656,.T.);
#3656 = CIRCLE('',#3657,11.);
#3657 = AXIS2_PLACEMENT_3D('',#3658,#3659,#3660);
#3658 = CARTESIAN_POINT('',(0.,0.,0.));
#3659 = DIRECTION('',(0.,0.,1.));
#3660 = DIRECTION('',(1.,0.,0.));
#3661 = CYLINDRICAL_SURFACE('',#3662,11.);
#3662 = AXIS2_PLACEMENT_3D('',#3663,#3664,#3665);
#3663 = CARTESIAN_POINT('',(0.,0.,0.));
#3664 = DIRECTION('',(-0.,-0.,-1.));
#3665 = DIRECTION('',(1.,0.,0.));
#3666 = ADVANCED_FACE('',(#3667),#3694,.F.);
#3667 = FACE_BOUND('',#3668,.T.);
#3668 = EDGE_LOOP('',(#3669,#3679,#3686,#3687));
#3669 = ORIENTED_EDGE('',*,*,#3670,.T.);
#3670 = EDGE_CURVE('',#3671,#3673,#3675,.T.);
#3671 = VERTEX_POINT('',#3672);
#3672 = CARTESIAN_POINT('',(10.,0.,0.));
#3673 = VERTEX_POINT('',#3674);
#3674 = CARTESIAN_POINT('',(10.,0.,53.));
#3675 = LINE('',#3676,#3677);
#3676 = CARTESIAN_POINT('',(10.,0.,0.));
#3677 = VECTOR('',#3678,1.);
#3678 = DIRECTION('',(0.,0.,1.));
#3679 = ORIENTED_EDGE('',*,*,#3680,.T.);
#3680 = EDGE_CURVE('',#3673,#3673,#3681,.T.);
#3681 = CIRCLE('',#3682,10.);
#3682 = AXIS2_PLACEMENT_3D('',#3683,#3684,#3685);
#3683 = CARTESIAN_POINT('',(0.,0.,53.));
#3684 = DIRECTION('',(0.,0.,1.));
#3685 = DIRECTION('',(1.,0.,0.));
#3686 = ORIENTED_EDGE('',*,*,#3670,.F.);
#3687 = ORIENTED_EDGE('',*,*,#3688,.F.);
#3688 = EDGE_CURVE('',#3671,#3671,#3689,.T.);
#3689 = CIRCLE('',#3690,10.);
#3690 = AXIS2_PLACEMENT_3D('',#3691,#3692,#3693);
#3691 = CARTESIAN_POINT('',(0.,0.,0.));
#3692 = DIRECTION('',(0.,0.,1.));
#3693 = DIRECTION('',(1.,0.,0.));
#3694 = CYLINDRICAL_SURFACE('',#3695,10.);
#3695 = AXIS2_PLACEMENT_3D('',#3696,#3697,#3698);
#3696 = CARTESIAN_POINT('',(0.,0.,0.));
#3697 = DIRECTION('',(-0.,-0.,-1.));
#3698 = DIRECTION('',(1.,0.,0.));
#3699 = ADVANCED_FACE('',(#3700,#3703),#3706,.F.);
#3700 = FACE_BOUND('',#3701,.F.);
#3701 = EDGE_LOOP('',(#3702));
#3702 = ORIENTED_EDGE('',*,*,#3655,.T.);
#3703 = FACE_BOUND('',#3704,.T.);
#3704 = EDGE_LOOP('',(#3705));
#3705 = ORIENTED_EDGE('',*,*,#3688,.T.);
#3706 = PLANE('',#3707);
#3707 = AXIS2_PLACEMENT_3D('',#3708,#3709,#3710);
#3708 = CARTESIAN_POINT('',(-6.5E-16,7.E-17,0.));
#3709 = DIRECTION('',(0.,0.,1.));
#3710 = DIRECTION('',(1.,0.,0.));
#3711 = ADVANCED_FACE('',(#3712,#3715),#3718,.T.);
#3712 = FACE_BOUND('',#3713,.T.);
#3713 = EDGE_LOOP('',(#3714));
#3714 = ORIENTED_EDGE('',*,*,#3647,.T.);
#3715 = FACE_BOUND('',#3716,.F.);
#3716 = EDGE_LOOP('',(#3717));
#3717 = ORIENTED_EDGE('',*,*,#3680,.T.);
#3718 = PLANE('',#3719);
#3719 = AXIS2_PLACEMENT_3D('',#3720,#3721,#3722);
#3720 = CARTESIAN_POINT('',(-6.5E-16,7.E-17,53.));
#3721 = DIRECTION('',(0.,0.,1.));
#3722 = DIRECTION('',(1.,0.,0.));
#3723 = ( GEOMETRIC_REPRESENTATION_CONTEXT(3) 
GLOBAL_UNCERTAINTY_ASSIGNED_CONTEXT((#3727)) 
GLOBAL_UNIT_ASSIGNED_CONTEXT((#3724,#3725,#3726)) REPRESENTATION_CONTEXT
('Context #1','3D Context with UNIT and UNCERTAINTY') );
#3724 = ( LENGTH_UNIT() NAMED_UNIT(*) SI_UNIT(.MILLI.,.METRE.) );
#3725 = ( NAMED_UNIT(*) PLANE_ANGLE_UNIT() SI_UNIT($,.RADIAN.) );
#3726 = ( NAMED_UNIT(*) SI_UNIT($,.STERADIAN.) SOLID_ANGLE_UNIT() );
#3727 = UNCERTAINTY_MEASURE_WITH_UNIT(LENGTH_MEASURE(1.E-07),#3724,
  'distance_accuracy_value','confusion accuracy');
#3728 = CONTEXT_DEPENDENT_SHAPE_REPRESENTATION(#3729,#3731);
#3729 = ( REPRESENTATION_RELATIONSHIP('','',#3630,#10) 
REPRESENTATION_RELATIONSHIP_WITH_TRANSFORMATION(#3730) 
SHAPE_REPRESENTATION_RELATIONSHIP() );
#3730 = ITEM_DEFINED_TRANSFORMATION('','',#11,#31);
#3731 = PRODUCT_DEFINITION_SHAPE('Placement','Placement of an item',
  #3732);
#3732 = NEXT_ASSEMBLY_USAGE_OCCURRENCE('5','QuartzTube','',#5,#3625,$);
#3733 = PRODUCT_RELATED_PRODUCT_CATEGORY('part',$,(#3627));
#3734 = SHAPE_DEFINITION_REPRESENTATION(#3735,#3741);
#3735 = PRODUCT_DEFINITION_SHAPE('','',#3736);
#3736 = PRODUCT_DEFINITION('design','',#3737,#3740);
#3737 = PRODUCT_DEFINITION_FORMATION('','',#3738);
#3738 = PRODUCT('EndCap_Bottom','EndCap_Bottom','',(#3739));
#3739 = PRODUCT_CONTEXT('',#2,'mechanical');
#3740 = PRODUCT_DEFINITION_CONTEXT('part definition',#2,'design');
#3741 = ADVANCED_BREP_SHAPE_REPRESENTATION('',(#11,#3742),#5027);
#3742 = MANIFOLD_SOLID_BREP('',#3743);
#3743 = CLOSED_SHELL('',(#3744,#3777,#3803,#3823,#4093,#4118,#4150,#4175
    ,#4200,#4218,#4250,#4275,#4300,#4318,#4343,#4375,#4400,#4425,#4443,
    #4475,#4500,#4525,#4543,#4568,#4600,#4625,#4650,#4668,#4693,#4725,
    #4750,#4775,#4793,#4813,#4899,#4919,#4939,#4959,#4976,#4993,#5010));
#3744 = ADVANCED_FACE('',(#3745),#3772,.T.);
#3745 = FACE_BOUND('',#3746,.F.);
#3746 = EDGE_LOOP('',(#3747,#3757,#3764,#3765));
#3747 = ORIENTED_EDGE('',*,*,#3748,.T.);
#3748 = EDGE_CURVE('',#3749,#3751,#3753,.T.);
#3749 = VERTEX_POINT('',#3750);
#3750 = CARTESIAN_POINT('',(11.,0.,1.2));
#3751 = VERTEX_POINT('',#3752);
#3752 = CARTESIAN_POINT('',(11.,0.,8.5));
#3753 = LINE('',#3754,#3755);
#3754 = CARTESIAN_POINT('',(11.,0.,0.));
#3755 = VECTOR('',#3756,1.);
#3756 = DIRECTION('',(0.,0.,1.));
#3757 = ORIENTED_EDGE('',*,*,#3758,.T.);
#3758 = EDGE_CURVE('',#3751,#3751,#3759,.T.);
#3759 = CIRCLE('',#3760,11.);
#3760 = AXIS2_PLACEMENT_3D('',#3761,#3762,#3763);
#3761 = CARTESIAN_POINT('',(0.,0.,8.5));
#3762 = DIRECTION('',(0.,0.,1.));
#3763 = DIRECTION('',(1.,0.,0.));
#3764 = ORIENTED_EDGE('',*,*,#3748,.F.);
#3765 = ORIENTED_EDGE('',*,*,#3766,.F.);
#3766 = EDGE_CURVE('',#3749,#3749,#3767,.T.);
#3767 = CIRCLE('',#3768,11.);
#3768 = AXIS2_PLACEMENT_3D('',#3769,#3770,#3771);
#3769 = CARTESIAN_POINT('',(0.,0.,1.2));
#3770 = DIRECTION('',(0.,0.,1.));
#3771 = DIRECTION('',(1.,0.,0.));
#3772 = CYLINDRICAL_SURFACE('',#3773,11.);
#3773 = AXIS2_PLACEMENT_3D('',#3774,#3775,#3776);
#3774 = CARTESIAN_POINT('',(0.,0.,0.));
#3775 = DIRECTION('',(-0.,-0.,-1.));
#3776 = DIRECTION('',(1.,0.,0.));
#3777 = ADVANCED_FACE('',(#3778),#3798,.T.);
#3778 = FACE_BOUND('',#3779,.F.);
#3779 = EDGE_LOOP('',(#3780,#3789,#3790,#3791));
#3780 = ORIENTED_EDGE('',*,*,#3781,.F.);
#3781 = EDGE_CURVE('',#3749,#3782,#3784,.T.);
#3782 = VERTEX_POINT('',#3783);
#3783 = CARTESIAN_POINT('',(9.8,0.,0.));
#3784 = CIRCLE('',#3785,1.2);
#3785 = AXIS2_PLACEMENT_3D('',#3786,#3787,#3788);
#3786 = CARTESIAN_POINT('',(9.8,0.,1.2));
#3787 = DIRECTION('',(-0.,1.,0.));
#3788 = DIRECTION('',(1.,0.,0.));
#3789 = ORIENTED_EDGE('',*,*,#3766,.F.);
#3790 = ORIENTED_EDGE('',*,*,#3781,.T.);
#3791 = ORIENTED_EDGE('',*,*,#3792,.T.);
#3792 = EDGE_CURVE('',#3782,#3782,#3793,.T.);
#3793 = CIRCLE('',#3794,9.8);
#3794 = AXIS2_PLACEMENT_3D('',#3795,#3796,#3797);
#3795 = CARTESIAN_POINT('',(0.,0.,0.));
#3796 = DIRECTION('',(0.,0.,1.));
#3797 = DIRECTION('',(1.,0.,0.));
#3798 = TOROIDAL_SURFACE('',#3799,9.8,1.2);
#3799 = AXIS2_PLACEMENT_3D('',#3800,#3801,#3802);
#3800 = CARTESIAN_POINT('',(0.,0.,1.2));
#3801 = DIRECTION('',(-0.,-0.,-1.));
#3802 = DIRECTION('',(1.,0.,0.));
#3803 = ADVANCED_FACE('',(#3804,#3807),#3818,.T.);
#3804 = FACE_BOUND('',#3805,.T.);
#3805 = EDGE_LOOP('',(#3806));
#3806 = ORIENTED_EDGE('',*,*,#3758,.T.);
#3807 = FACE_BOUND('',#3808,.T.);
#3808 = EDGE_LOOP('',(#3809));
#3809 = ORIENTED_EDGE('',*,*,#3810,.F.);
#3810 = EDGE_CURVE('',#3811,#3811,#3813,.T.);
#3811 = VERTEX_POINT('',#3812);
#3812 = CARTESIAN_POINT('',(9.85,0.,8.5));
#3813 = CIRCLE('',#3814,9.85);
#3814 = AXIS2_PLACEMENT_3D('',#3815,#3816,#3817);
#3815 = CARTESIAN_POINT('',(0.,0.,8.5));
#3816 = DIRECTION('',(0.,0.,1.));
#3817 = DIRECTION('',(1.,0.,0.));
#3818 = PLANE('',#3819);
#3819 = AXIS2_PLACEMENT_3D('',#3820,#3821,#3822);
#3820 = CARTESIAN_POINT('',(-7.5E-16,-4.5E-16,8.5));
#3821 = DIRECTION('',(0.,0.,1.));
#3822 = DIRECTION('',(1.,0.,0.));
#3823 = ADVANCED_FACE('',(#3824,#3827,#3865,#3903,#3914,#3952,#3990,
    #4001,#4039,#4050),#4088,.F.);
#3824 = FACE_BOUND('',#3825,.F.);
#3825 = EDGE_LOOP('',(#3826));
#3826 = ORIENTED_EDGE('',*,*,#3792,.T.);
#3827 = FACE_BOUND('',#3828,.F.);
#3828 = EDGE_LOOP('',(#3829,#3840,#3849,#3858));
#3829 = ORIENTED_EDGE('',*,*,#3830,.F.);
#3830 = EDGE_CURVE('',#3831,#3833,#3835,.T.);
#3831 = VERTEX_POINT('',#3832);
#3832 = CARTESIAN_POINT('',(-3.535331853276,-4.213244437154,0.));
#3833 = VERTEX_POINT('',#3834);
#3834 = CARTESIAN_POINT('',(-5.416442641567,-0.955064977168,0.));
#3835 = CIRCLE('',#3836,5.5);
#3836 = AXIS2_PLACEMENT_3D('',#3837,#3838,#3839);
#3837 = CARTESIAN_POINT('',(-3.E-16,-1.E-16,0.));
#3838 = DIRECTION('',(0.,0.,-1.));
#3839 = DIRECTION('',(1.,0.,0.));
#3840 = ORIENTED_EDGE('',*,*,#3841,.T.);
#3841 = EDGE_CURVE('',#3831,#3842,#3844,.T.);
#3842 = VERTEX_POINT('',#3843);
#3843 = CARTESIAN_POINT('',(-5.078022116524,-6.05175110064,0.));
#3844 = CIRCLE('',#3845,1.2);
#3845 = AXIS2_PLACEMENT_3D('',#3846,#3847,#3848);
#3846 = CARTESIAN_POINT('',(-4.3066769849,-5.132497768897,0.));
#3847 = DIRECTION('',(0.,0.,-1.));
#3848 = DIRECTION('',(1.,0.,0.));
#3849 = ORIENTED_EDGE('',*,*,#3850,.T.);
#3850 = EDGE_CURVE('',#3842,#3851,#3853,.T.);
#3851 = VERTEX_POINT('',#3852);
#3852 = CARTESIAN_POINT('',(-7.779981248796,-1.371820603569,0.));
#3853 = CIRCLE('',#3854,7.9);
#3854 = AXIS2_PLACEMENT_3D('',#3855,#3856,#3857);
#3855 = CARTESIAN_POINT('',(0.,0.,0.));
#3856 = DIRECTION('',(0.,0.,-1.));
#3857 = DIRECTION('',(1.,0.,0.));
#3858 = ORIENTED_EDGE('',*,*,#3859,.T.);
#3859 = EDGE_CURVE('',#3851,#3833,#3860,.T.);
#3860 = CIRCLE('',#3861,1.2);
#3861 = AXIS2_PLACEMENT_3D('',#3862,#3863,#3864);
#3862 = CARTESIAN_POINT('',(-6.598211945182,-1.163442790368,0.));
#3863 = DIRECTION('',(0.,0.,-1.));
#3864 = DIRECTION('',(1.,0.,0.));
#3865 = FACE_BOUND('',#3866,.F.);
#3866 = EDGE_LOOP('',(#3867,#3878,#3887,#3896));
#3867 = ORIENTED_EDGE('',*,*,#3868,.F.);
#3868 = EDGE_CURVE('',#3869,#3871,#3873,.T.);
#3869 = VERTEX_POINT('',#3870);
#3870 = CARTESIAN_POINT('',(-1.028460175498,-1.22567110899,0.));
#3871 = VERTEX_POINT('',#3872);
#3872 = CARTESIAN_POINT('',(-1.57569240482,-0.277837084267,0.));
#3873 = CIRCLE('',#3874,1.6);
#3874 = AXIS2_PLACEMENT_3D('',#3875,#3876,#3877);
#3875 = CARTESIAN_POINT('',(1.E-16,-1.E-16,0.));
#3876 = DIRECTION('',(0.,0.,-1.));
#3877 = DIRECTION('',(1.,0.,0.));
#3878 = ORIENTED_EDGE('',*,*,#3879,.T.);
#3879 = EDGE_CURVE('',#3869,#3880,#3882,.T.);
#3880 = VERTEX_POINT('',#3881);
#3881 = CARTESIAN_POINT('',(-2.571150438746,-3.064177772476,0.));
#3882 = CIRCLE('',#3883,1.2);
#3883 = AXIS2_PLACEMENT_3D('',#3884,#3885,#3886);
#3884 = CARTESIAN_POINT('',(-1.799805307122,-2.144924440733,0.));
#3885 = DIRECTION('',(0.,0.,-1.));
#3886 = DIRECTION('',(1.,0.,0.));
#3887 = ORIENTED_EDGE('',*,*,#3888,.T.);
#3888 = EDGE_CURVE('',#3880,#3889,#3891,.T.);
#3889 = VERTEX_POINT('',#3890);
#3890 = CARTESIAN_POINT('',(-3.939231012049,-0.694592710668,0.));
#3891 = CIRCLE('',#3892,4.);
#3892 = AXIS2_PLACEMENT_3D('',#3893,#3894,#3895);
#3893 = CARTESIAN_POINT('',(-6.E-16,4.E-16,0.));
#3894 = DIRECTION('',(0.,0.,-1.));
#3895 = DIRECTION('',(1.,0.,0.));
#3896 = ORIENTED_EDGE('',*,*,#3897,.T.);
#3897 = EDGE_CURVE('',#3889,#3871,#3898,.T.);
#3898 = CIRCLE('',#3899,1.2);
#3899 = AXIS2_PLACEMENT_3D('',#3900,#3901,#3902);
#3900 = CARTESIAN_POINT('',(-2.757461708434,-0.486214897467,0.));
#3901 = DIRECTION('',(0.,0.,-1.));
#3902 = DIRECTION('',(1.,0.,0.));
#3903 = FACE_BOUND('',#3904,.F.);
#3904 = EDGE_LOOP('',(#3905));
#3905 = ORIENTED_EDGE('',*,*,#3906,.T.);
#3906 = EDGE_CURVE('',#3907,#3907,#3909,.T.);
#3907 = VERTEX_POINT('',#3908);
#3908 = CARTESIAN_POINT('',(1.95,-6.8,0.));
#3909 = CIRCLE('',#3910,1.95);
#3910 = AXIS2_PLACEMENT_3D('',#3911,#3912,#3913);
#3911 = CARTESIAN_POINT('',(0.,-6.8,0.));
#3912 = DIRECTION('',(0.,0.,-1.));
#3913 = DIRECTION('',(1.,0.,0.));
#3914 = FACE_BOUND('',#3915,.F.);
#3915 = EDGE_LOOP('',(#3916,#3927,#3936,#3945));
#3916 = ORIENTED_EDGE('',*,*,#3917,.T.);
#3917 = EDGE_CURVE('',#3918,#3920,#3922,.T.);
#3918 = VERTEX_POINT('',#3919);
#3919 = CARTESIAN_POINT('',(3.939231012048,-0.694592710668,0.));
#3920 = VERTEX_POINT('',#3921);
#3921 = CARTESIAN_POINT('',(2.571150438746,-3.064177772475,0.));
#3922 = CIRCLE('',#3923,4.);
#3923 = AXIS2_PLACEMENT_3D('',#3924,#3925,#3926);
#3924 = CARTESIAN_POINT('',(-1.6749E-12,9.675E-13,0.));
#3925 = DIRECTION('',(0.,0.,-1.));
#3926 = DIRECTION('',(1.,0.,0.));
#3927 = ORIENTED_EDGE('',*,*,#3928,.T.);
#3928 = EDGE_CURVE('',#3920,#3929,#3931,.T.);
#3929 = VERTEX_POINT('',#3930);
#3930 = CARTESIAN_POINT('',(1.028460175498,-1.22567110899,0.));
#3931 = CIRCLE('',#3932,1.2);
#3932 = AXIS2_PLACEMENT_3D('',#3933,#3934,#3935);
#3933 = CARTESIAN_POINT('',(1.799805307122,-2.144924440733,0.));
#3934 = DIRECTION('',(0.,0.,-1.));
#3935 = DIRECTION('',(1.,0.,0.));
#3936 = ORIENTED_EDGE('',*,*,#3937,.F.);
#3937 = EDGE_CURVE('',#3938,#3929,#3940,.T.);
#3938 = VERTEX_POINT('',#3939);
#3939 = CARTESIAN_POINT('',(1.57569240482,-0.277837084267,0.));
#3940 = CIRCLE('',#3941,1.6);
#3941 = AXIS2_PLACEMENT_3D('',#3942,#3943,#3944);
#3942 = CARTESIAN_POINT('',(1.E-16,-1.E-16,0.));
#3943 = DIRECTION('',(0.,0.,-1.));
#3944 = DIRECTION('',(1.,0.,0.));
#3945 = ORIENTED_EDGE('',*,*,#3946,.T.);
#3946 = EDGE_CURVE('',#3938,#3918,#3947,.T.);
#3947 = CIRCLE('',#3948,1.2);
#3948 = AXIS2_PLACEMENT_3D('',#3949,#3950,#3951);
#3949 = CARTESIAN_POINT('',(2.757461708434,-0.486214897467,0.));
#3950 = DIRECTION('',(0.,0.,-1.));
#3951 = DIRECTION('',(1.,0.,0.));
#3952 = FACE_BOUND('',#3953,.F.);
#3953 = EDGE_LOOP('',(#3954,#3965,#3974,#3983));
#3954 = ORIENTED_EDGE('',*,*,#3955,.F.);
#3955 = EDGE_CURVE('',#3956,#3958,#3960,.T.);
#3956 = VERTEX_POINT('',#3957);
#3957 = CARTESIAN_POINT('',(5.416442641567,-0.955064977168,0.));
#3958 = VERTEX_POINT('',#3959);
#3959 = CARTESIAN_POINT('',(3.535331853276,-4.213244437154,0.));
#3960 = CIRCLE('',#3961,5.5);
#3961 = AXIS2_PLACEMENT_3D('',#3962,#3963,#3964);
#3962 = CARTESIAN_POINT('',(-1.E-16,-9.E-16,0.));
#3963 = DIRECTION('',(0.,0.,-1.));
#3964 = DIRECTION('',(1.,0.,0.));
#3965 = ORIENTED_EDGE('',*,*,#3966,.T.);
#3966 = EDGE_CURVE('',#3956,#3967,#3969,.T.);
#3967 = VERTEX_POINT('',#3968);
#3968 = CARTESIAN_POINT('',(7.779981248796,-1.371820603569,0.));
#3969 = CIRCLE('',#3970,1.2);
#3970 = AXIS2_PLACEMENT_3D('',#3971,#3972,#3973);
#3971 = CARTESIAN_POINT('',(6.598211945182,-1.163442790368,0.));
#3972 = DIRECTION('',(0.,0.,-1.));
#3973 = DIRECTION('',(1.,0.,0.));
#3974 = ORIENTED_EDGE('',*,*,#3975,.T.);
#3975 = EDGE_CURVE('',#3967,#3976,#3978,.T.);
#3976 = VERTEX_POINT('',#3977);
#3977 = CARTESIAN_POINT('',(5.078022116524,-6.05175110064,0.));
#3978 = CIRCLE('',#3979,7.9);
#3979 = AXIS2_PLACEMENT_3D('',#3980,#3981,#3982);
#3980 = CARTESIAN_POINT('',(-3.E-16,0.,0.));
#3981 = DIRECTION('',(0.,0.,-1.));
#3982 = DIRECTION('',(1.,0.,0.));
#3983 = ORIENTED_EDGE('',*,*,#3984,.T.);
#3984 = EDGE_CURVE('',#3976,#3958,#3985,.T.);
#3985 = CIRCLE('',#3986,1.2);
#3986 = AXIS2_PLACEMENT_3D('',#3987,#3988,#3989);
#3987 = CARTESIAN_POINT('',(4.3066769849,-5.132497768897,0.));
#3988 = DIRECTION('',(0.,0.,-1.));
#3989 = DIRECTION('',(1.,0.,0.));
#3990 = FACE_BOUND('',#3991,.F.);
#3991 = EDGE_LOOP('',(#3992));
#3992 = ORIENTED_EDGE('',*,*,#3993,.T.);
#3993 = EDGE_CURVE('',#3994,#3994,#3996,.T.);
#3994 = VERTEX_POINT('',#3995);
#3995 = CARTESIAN_POINT('',(-3.938972745747,3.400000000006,0.));
#3996 = CIRCLE('',#3997,1.95);
#3997 = AXIS2_PLACEMENT_3D('',#3998,#3999,#4000);
#3998 = CARTESIAN_POINT('',(-5.888972745747,3.400000000006,0.));
#3999 = DIRECTION('',(0.,0.,-1.));
#4000 = DIRECTION('',(1.,0.,0.));
#4001 = FACE_BOUND('',#4002,.F.);
#4002 = EDGE_LOOP('',(#4003,#4014,#4023,#4032));
#4003 = ORIENTED_EDGE('',*,*,#4004,.F.);
#4004 = EDGE_CURVE('',#4005,#4007,#4009,.T.);
#4005 = VERTEX_POINT('',#4006);
#4006 = CARTESIAN_POINT('',(-0.547232229321,1.503508193257,0.));
#4007 = VERTEX_POINT('',#4008);
#4008 = CARTESIAN_POINT('',(0.547232229321,1.503508193257,0.));
#4009 = CIRCLE('',#4010,1.6);
#4010 = AXIS2_PLACEMENT_3D('',#4011,#4012,#4013);
#4011 = CARTESIAN_POINT('',(0.,0.,0.));
#4012 = DIRECTION('',(0.,0.,-1.));
#4013 = DIRECTION('',(1.,0.,0.));
#4014 = ORIENTED_EDGE('',*,*,#4015,.T.);
#4015 = EDGE_CURVE('',#4005,#4016,#4018,.T.);
#4016 = VERTEX_POINT('',#4017);
#4017 = CARTESIAN_POINT('',(-1.368080573303,3.758770483144,0.));
#4018 = CIRCLE('',#4019,1.2);
#4019 = AXIS2_PLACEMENT_3D('',#4020,#4021,#4022);
#4020 = CARTESIAN_POINT('',(-0.957656401312,2.631139338201,0.));
#4021 = DIRECTION('',(0.,0.,-1.));
#4022 = DIRECTION('',(1.,0.,0.));
#4023 = ORIENTED_EDGE('',*,*,#4024,.T.);
#4024 = EDGE_CURVE('',#4016,#4025,#4027,.T.);
#4025 = VERTEX_POINT('',#4026);
#4026 = CARTESIAN_POINT('',(1.368080573303,3.758770483144,0.));
#4027 = CIRCLE('',#4028,4.);
#4028 = AXIS2_PLACEMENT_3D('',#4029,#4030,#4031);
#4029 = CARTESIAN_POINT('',(-3.E-16,4.E-16,0.));
#4030 = DIRECTION('',(0.,0.,-1.));
#4031 = DIRECTION('',(1.,0.,0.));
#4032 = ORIENTED_EDGE('',*,*,#4033,.T.);
#4033 = EDGE_CURVE('',#4025,#4007,#4034,.T.);
#4034 = CIRCLE('',#4035,1.2);
#4035 = AXIS2_PLACEMENT_3D('',#4036,#4037,#4038);
#4036 = CARTESIAN_POINT('',(0.957656401312,2.631139338201,0.));
#4037 = DIRECTION('',(0.,0.,-1.));
#4038 = DIRECTION('',(1.,0.,0.));
#4039 = FACE_BOUND('',#4040,.F.);
#4040 = EDGE_LOOP('',(#4041));
#4041 = ORIENTED_EDGE('',*,*,#4042,.T.);
#4042 = EDGE_CURVE('',#4043,#4043,#4045,.T.);
#4043 = VERTEX_POINT('',#4044);
#4044 = CARTESIAN_POINT('',(7.838972745734,3.4,0.));
#4045 = CIRCLE('',#4046,1.95);
#4046 = AXIS2_PLACEMENT_3D('',#4047,#4048,#4049);
#4047 = CARTESIAN_POINT('',(5.888972745734,3.4,0.));
#4048 = DIRECTION('',(0.,0.,-1.));
#4049 = DIRECTION('',(1.,0.,0.));
#4050 = FACE_BOUND('',#4051,.F.);
#4051 = EDGE_LOOP('',(#4052,#4063,#4072,#4081));
#4052 = ORIENTED_EDGE('',*,*,#4053,.F.);
#4053 = EDGE_CURVE('',#4054,#4056,#4058,.T.);
#4054 = VERTEX_POINT('',#4055);
#4055 = CARTESIAN_POINT('',(-1.881110788291,5.168309414322,0.));
#4056 = VERTEX_POINT('',#4057);
#4057 = CARTESIAN_POINT('',(1.881110788291,5.168309414322,0.));
#4058 = CIRCLE('',#4059,5.5);
#4059 = AXIS2_PLACEMENT_3D('',#4060,#4061,#4062);
#4060 = CARTESIAN_POINT('',(-2.E-16,2.E-16,0.));
#4061 = DIRECTION('',(0.,0.,-1.));
#4062 = DIRECTION('',(1.,0.,0.));
#4063 = ORIENTED_EDGE('',*,*,#4064,.T.);
#4064 = EDGE_CURVE('',#4054,#4065,#4067,.T.);
#4065 = VERTEX_POINT('',#4066);
#4066 = CARTESIAN_POINT('',(-2.701959132273,7.423571704209,0.));
#4067 = CIRCLE('',#4068,1.2);
#4068 = AXIS2_PLACEMENT_3D('',#4069,#4070,#4071);
#4069 = CARTESIAN_POINT('',(-2.291534960282,6.295940559266,0.));
#4070 = DIRECTION('',(0.,0.,-1.));
#4071 = DIRECTION('',(1.,0.,0.));
#4072 = ORIENTED_EDGE('',*,*,#4073,.T.);
#4073 = EDGE_CURVE('',#4065,#4074,#4076,.T.);
#4074 = VERTEX_POINT('',#4075);
#4075 = CARTESIAN_POINT('',(2.701959132273,7.423571704209,0.));
#4076 = CIRCLE('',#4077,7.9);
#4077 = AXIS2_PLACEMENT_3D('',#4078,#4079,#4080);
#4078 = CARTESIAN_POINT('',(-1.5E-15,-2.E-16,0.));
#4079 = DIRECTION('',(0.,0.,-1.));
#4080 = DIRECTION('',(1.,0.,0.));
#4081 = ORIENTED_EDGE('',*,*,#4082,.T.);
#4082 = EDGE_CURVE('',#4074,#4056,#4083,.T.);
#4083 = CIRCLE('',#4084,1.2);
#4084 = AXIS2_PLACEMENT_3D('',#4085,#4086,#4087);
#4085 = CARTESIAN_POINT('',(2.291534960282,6.295940559266,0.));
#4086 = DIRECTION('',(0.,0.,-1.));
#4087 = DIRECTION('',(1.,0.,0.));
#4088 = PLANE('',#4089);
#4089 = AXIS2_PLACEMENT_3D('',#4090,#4091,#4092);
#4090 = CARTESIAN_POINT('',(-7.5E-16,-4.5E-16,0.));
#4091 = DIRECTION('',(0.,0.,1.));
#4092 = DIRECTION('',(1.,0.,0.));
#4093 = ADVANCED_FACE('',(#4094),#4113,.T.);
#4094 = FACE_BOUND('',#4095,.F.);
#4095 = EDGE_LOOP('',(#4096,#4104,#4111,#4112));
#4096 = ORIENTED_EDGE('',*,*,#4097,.T.);
#4097 = EDGE_CURVE('',#3811,#4098,#4100,.T.);
#4098 = VERTEX_POINT('',#4099);
#4099 = CARTESIAN_POINT('',(9.85,0.,11.));
#4100 = LINE('',#4101,#4102);
#4101 = CARTESIAN_POINT('',(9.85,0.,8.5));
#4102 = VECTOR('',#4103,1.);
#4103 = DIRECTION('',(0.,0.,1.));
#4104 = ORIENTED_EDGE('',*,*,#4105,.T.);
#4105 = EDGE_CURVE('',#4098,#4098,#4106,.T.);
#4106 = CIRCLE('',#4107,9.85);
#4107 = AXIS2_PLACEMENT_3D('',#4108,#4109,#4110);
#4108 = CARTESIAN_POINT('',(0.,0.,11.));
#4109 = DIRECTION('',(0.,0.,1.));
#4110 = DIRECTION('',(1.,0.,0.));
#4111 = ORIENTED_EDGE('',*,*,#4097,.F.);
#4112 = ORIENTED_EDGE('',*,*,#3810,.F.);
#4113 = CYLINDRICAL_SURFACE('',#4114,9.85);
#4114 = AXIS2_PLACEMENT_3D('',#4115,#4116,#4117);
#4115 = CARTESIAN_POINT('',(0.,0.,8.5));
#4116 = DIRECTION('',(-0.,-0.,-1.));
#4117 = DIRECTION('',(1.,0.,0.));
#4118 = ADVANCED_FACE('',(#4119),#4145,.T.);
#4119 = FACE_BOUND('',#4120,.T.);
#4120 = EDGE_LOOP('',(#4121,#4129,#4138,#4144));
#4121 = ORIENTED_EDGE('',*,*,#4122,.T.);
#4122 = EDGE_CURVE('',#3831,#4123,#4125,.T.);
#4123 = VERTEX_POINT('',#4124);
#4124 = CARTESIAN_POINT('',(-3.535331853276,-4.213244437154,3.5));
#4125 = LINE('',#4126,#4127);
#4126 = CARTESIAN_POINT('',(-3.535331853276,-4.213244437154,0.));
#4127 = VECTOR('',#4128,1.);
#4128 = DIRECTION('',(0.,0.,1.));
#4129 = ORIENTED_EDGE('',*,*,#4130,.T.);
#4130 = EDGE_CURVE('',#4123,#4131,#4133,.T.);
#4131 = VERTEX_POINT('',#4132);
#4132 = CARTESIAN_POINT('',(-5.416442641567,-0.955064977168,3.5));
#4133 = CIRCLE('',#4134,5.5);
#4134 = AXIS2_PLACEMENT_3D('',#4135,#4136,#4137);
#4135 = CARTESIAN_POINT('',(-3.E-16,-1.E-16,3.5));
#4136 = DIRECTION('',(0.,0.,-1.));
#4137 = DIRECTION('',(1.,0.,0.));
#4138 = ORIENTED_EDGE('',*,*,#4139,.F.);
#4139 = EDGE_CURVE('',#3833,#4131,#4140,.T.);
#4140 = LINE('',#4141,#4142);
#4141 = CARTESIAN_POINT('',(-5.416442641567,-0.955064977168,0.));
#4142 = VECTOR('',#4143,1.);
#4143 = DIRECTION('',(0.,0.,1.));
#4144 = ORIENTED_EDGE('',*,*,#3830,.F.);
#4145 = CYLINDRICAL_SURFACE('',#4146,5.5);
#4146 = AXIS2_PLACEMENT_3D('',#4147,#4148,#4149);
#4147 = CARTESIAN_POINT('',(-3.E-16,-1.E-16,0.));
#4148 = DIRECTION('',(0.,0.,-1.));
#4149 = DIRECTION('',(1.,0.,0.));
#4150 = ADVANCED_FACE('',(#4151),#4170,.F.);
#4151 = FACE_BOUND('',#4152,.F.);
#4152 = EDGE_LOOP('',(#4153,#4161,#4168,#4169));
#4153 = ORIENTED_EDGE('',*,*,#4154,.T.);
#4154 = EDGE_CURVE('',#3851,#4155,#4157,.T.);
#4155 = VERTEX_POINT('',#4156);
#4156 = CARTESIAN_POINT('',(-7.779981248796,-1.371820603569,3.5));
#4157 = LINE('',#4158,#4159);
#4158 = CARTESIAN_POINT('',(-7.779981248796,-1.371820603569,0.));
#4159 = VECTOR('',#4160,1.);
#4160 = DIRECTION('',(0.,0.,1.));
#4161 = ORIENTED_EDGE('',*,*,#4162,.T.);
#4162 = EDGE_CURVE('',#4155,#4131,#4163,.T.);
#4163 = CIRCLE('',#4164,1.2);
#4164 = AXIS2_PLACEMENT_3D('',#4165,#4166,#4167);
#4165 = CARTESIAN_POINT('',(-6.598211945182,-1.163442790368,3.5));
#4166 = DIRECTION('',(0.,0.,-1.));
#4167 = DIRECTION('',(1.,0.,0.));
#4168 = ORIENTED_EDGE('',*,*,#4139,.F.);
#4169 = ORIENTED_EDGE('',*,*,#3859,.F.);
#4170 = CYLINDRICAL_SURFACE('',#4171,1.2);
#4171 = AXIS2_PLACEMENT_3D('',#4172,#4173,#4174);
#4172 = CARTESIAN_POINT('',(-6.598211945182,-1.163442790368,0.));
#4173 = DIRECTION('',(0.,0.,-1.));
#4174 = DIRECTION('',(1.,0.,0.));
#4175 = ADVANCED_FACE('',(#4176),#4195,.F.);
#4176 = FACE_BOUND('',#4177,.F.);
#4177 = EDGE_LOOP('',(#4178,#4186,#4193,#4194));
#4178 = ORIENTED_EDGE('',*,*,#4179,.T.);
#4179 = EDGE_CURVE('',#3842,#4180,#4182,.T.);
#4180 = VERTEX_POINT('',#4181);
#4181 = CARTESIAN_POINT('',(-5.078022116524,-6.05175110064,3.5));
#4182 = LINE('',#4183,#4184);
#4183 = CARTESIAN_POINT('',(-5.078022116524,-6.05175110064,0.));
#4184 = VECTOR('',#4185,1.);
#4185 = DIRECTION('',(0.,0.,1.));
#4186 = ORIENTED_EDGE('',*,*,#4187,.T.);
#4187 = EDGE_CURVE('',#4180,#4155,#4188,.T.);
#4188 = CIRCLE('',#4189,7.9);
#4189 = AXIS2_PLACEMENT_3D('',#4190,#4191,#4192);
#4190 = CARTESIAN_POINT('',(0.,0.,3.5));
#4191 = DIRECTION('',(0.,0.,-1.));
#4192 = DIRECTION('',(1.,0.,0.));
#4193 = ORIENTED_EDGE('',*,*,#4154,.F.);
#4194 = ORIENTED_EDGE('',*,*,#3850,.F.);
#4195 = CYLINDRICAL_SURFACE('',#4196,7.9);
#4196 = AXIS2_PLACEMENT_3D('',#4197,#4198,#4199);
#4197 = CARTESIAN_POINT('',(0.,0.,0.));
#4198 = DIRECTION('',(0.,0.,-1.));
#4199 = DIRECTION('',(1.,0.,0.));
#4200 = ADVANCED_FACE('',(#4201),#4213,.F.);
#4201 = FACE_BOUND('',#4202,.F.);
#4202 = EDGE_LOOP('',(#4203,#4204,#4211,#4212));
#4203 = ORIENTED_EDGE('',*,*,#4122,.T.);
#4204 = ORIENTED_EDGE('',*,*,#4205,.T.);
#4205 = EDGE_CURVE('',#4123,#4180,#4206,.T.);
#4206 = CIRCLE('',#4207,1.2);
#4207 = AXIS2_PLACEMENT_3D('',#4208,#4209,#4210);
#4208 = CARTESIAN_POINT('',(-4.3066769849,-5.132497768897,3.5));
#4209 = DIRECTION('',(0.,0.,-1.));
#4210 = DIRECTION('',(1.,0.,0.));
#4211 = ORIENTED_EDGE('',*,*,#4179,.F.);
#4212 = ORIENTED_EDGE('',*,*,#3841,.F.);
#4213 = CYLINDRICAL_SURFACE('',#4214,1.2);
#4214 = AXIS2_PLACEMENT_3D('',#4215,#4216,#4217);
#4215 = CARTESIAN_POINT('',(-4.3066769849,-5.132497768897,0.));
#4216 = DIRECTION('',(0.,0.,-1.));
#4217 = DIRECTION('',(1.,0.,0.));
#4218 = ADVANCED_FACE('',(#4219),#4245,.T.);
#4219 = FACE_BOUND('',#4220,.T.);
#4220 = EDGE_LOOP('',(#4221,#4229,#4238,#4244));
#4221 = ORIENTED_EDGE('',*,*,#4222,.T.);
#4222 = EDGE_CURVE('',#3869,#4223,#4225,.T.);
#4223 = VERTEX_POINT('',#4224);
#4224 = CARTESIAN_POINT('',(-1.028460175498,-1.22567110899,3.5));
#4225 = LINE('',#4226,#4227);
#4226 = CARTESIAN_POINT('',(-1.028460175498,-1.22567110899,0.));
#4227 = VECTOR('',#4228,1.);
#4228 = DIRECTION('',(0.,0.,1.));
#4229 = ORIENTED_EDGE('',*,*,#4230,.T.);
#4230 = EDGE_CURVE('',#4223,#4231,#4233,.T.);
#4231 = VERTEX_POINT('',#4232);
#4232 = CARTESIAN_POINT('',(-1.57569240482,-0.277837084267,3.5));
#4233 = CIRCLE('',#4234,1.6);
#4234 = AXIS2_PLACEMENT_3D('',#4235,#4236,#4237);
#4235 = CARTESIAN_POINT('',(1.E-16,-1.E-16,3.5));
#4236 = DIRECTION('',(0.,0.,-1.));
#4237 = DIRECTION('',(1.,0.,0.));
#4238 = ORIENTED_EDGE('',*,*,#4239,.F.);
#4239 = EDGE_CURVE('',#3871,#4231,#4240,.T.);
#4240 = LINE('',#4241,#4242);
#4241 = CARTESIAN_POINT('',(-1.57569240482,-0.277837084267,0.));
#4242 = VECTOR('',#4243,1.);
#4243 = DIRECTION('',(0.,0.,1.));
#4244 = ORIENTED_EDGE('',*,*,#3868,.F.);
#4245 = CYLINDRICAL_SURFACE('',#4246,1.6);
#4246 = AXIS2_PLACEMENT_3D('',#4247,#4248,#4249);
#4247 = CARTESIAN_POINT('',(1.E-16,-1.E-16,0.));
#4248 = DIRECTION('',(0.,0.,-1.));
#4249 = DIRECTION('',(1.,0.,0.));
#4250 = ADVANCED_FACE('',(#4251),#4270,.F.);
#4251 = FACE_BOUND('',#4252,.F.);
#4252 = EDGE_LOOP('',(#4253,#4261,#4268,#4269));
#4253 = ORIENTED_EDGE('',*,*,#4254,.T.);
#4254 = EDGE_CURVE('',#3889,#4255,#4257,.T.);
#4255 = VERTEX_POINT('',#4256);
#4256 = CARTESIAN_POINT('',(-3.939231012049,-0.694592710668,3.5));
#4257 = LINE('',#4258,#4259);
#4258 = CARTESIAN_POINT('',(-3.939231012049,-0.694592710668,0.));
#4259 = VECTOR('',#4260,1.);
#4260 = DIRECTION('',(0.,0.,1.));
#4261 = ORIENTED_EDGE('',*,*,#4262,.T.);
#4262 = EDGE_CURVE('',#4255,#4231,#4263,.T.);
#4263 = CIRCLE('',#4264,1.2);
#4264 = AXIS2_PLACEMENT_3D('',#4265,#4266,#4267);
#4265 = CARTESIAN_POINT('',(-2.757461708434,-0.486214897467,3.5));
#4266 = DIRECTION('',(0.,0.,-1.));
#4267 = DIRECTION('',(1.,0.,0.));
#4268 = ORIENTED_EDGE('',*,*,#4239,.F.);
#4269 = ORIENTED_EDGE('',*,*,#3897,.F.);
#4270 = CYLINDRICAL_SURFACE('',#4271,1.2);
#4271 = AXIS2_PLACEMENT_3D('',#4272,#4273,#4274);
#4272 = CARTESIAN_POINT('',(-2.757461708434,-0.486214897467,0.));
#4273 = DIRECTION('',(0.,0.,-1.));
#4274 = DIRECTION('',(1.,0.,0.));
#4275 = ADVANCED_FACE('',(#4276),#4295,.F.);
#4276 = FACE_BOUND('',#4277,.F.);
#4277 = EDGE_LOOP('',(#4278,#4286,#4293,#4294));
#4278 = ORIENTED_EDGE('',*,*,#4279,.T.);
#4279 = EDGE_CURVE('',#3880,#4280,#4282,.T.);
#4280 = VERTEX_POINT('',#4281);
#4281 = CARTESIAN_POINT('',(-2.571150438746,-3.064177772476,3.5));
#4282 = LINE('',#4283,#4284);
#4283 = CARTESIAN_POINT('',(-2.571150438746,-3.064177772476,0.));
#4284 = VECTOR('',#4285,1.);
#4285 = DIRECTION('',(0.,0.,1.));
#4286 = ORIENTED_EDGE('',*,*,#4287,.T.);
#4287 = EDGE_CURVE('',#4280,#4255,#4288,.T.);
#4288 = CIRCLE('',#4289,4.);
#4289 = AXIS2_PLACEMENT_3D('',#4290,#4291,#4292);
#4290 = CARTESIAN_POINT('',(-6.E-16,4.E-16,3.5));
#4291 = DIRECTION('',(0.,0.,-1.));
#4292 = DIRECTION('',(1.,0.,0.));
#4293 = ORIENTED_EDGE('',*,*,#4254,.F.);
#4294 = ORIENTED_EDGE('',*,*,#3888,.F.);
#4295 = CYLINDRICAL_SURFACE('',#4296,4.);
#4296 = AXIS2_PLACEMENT_3D('',#4297,#4298,#4299);
#4297 = CARTESIAN_POINT('',(-6.E-16,4.E-16,0.));
#4298 = DIRECTION('',(0.,0.,-1.));
#4299 = DIRECTION('',(1.,0.,0.));
#4300 = ADVANCED_FACE('',(#4301),#4313,.F.);
#4301 = FACE_BOUND('',#4302,.F.);
#4302 = EDGE_LOOP('',(#4303,#4304,#4311,#4312));
#4303 = ORIENTED_EDGE('',*,*,#4222,.T.);
#4304 = ORIENTED_EDGE('',*,*,#4305,.T.);
#4305 = EDGE_CURVE('',#4223,#4280,#4306,.T.);
#4306 = CIRCLE('',#4307,1.2);
#4307 = AXIS2_PLACEMENT_3D('',#4308,#4309,#4310);
#4308 = CARTESIAN_POINT('',(-1.799805307122,-2.144924440733,3.5));
#4309 = DIRECTION('',(0.,0.,-1.));
#4310 = DIRECTION('',(1.,0.,0.));
#4311 = ORIENTED_EDGE('',*,*,#4279,.F.);
#4312 = ORIENTED_EDGE('',*,*,#3879,.F.);
#4313 = CYLINDRICAL_SURFACE('',#4314,1.2);
#4314 = AXIS2_PLACEMENT_3D('',#4315,#4316,#4317);
#4315 = CARTESIAN_POINT('',(-1.799805307122,-2.144924440733,0.));
#4316 = DIRECTION('',(0.,0.,-1.));
#4317 = DIRECTION('',(1.,0.,0.));
#4318 = ADVANCED_FACE('',(#4319),#4338,.F.);
#4319 = FACE_BOUND('',#4320,.F.);
#4320 = EDGE_LOOP('',(#4321,#4329,#4336,#4337));
#4321 = ORIENTED_EDGE('',*,*,#4322,.T.);
#4322 = EDGE_CURVE('',#3907,#4323,#4325,.T.);
#4323 = VERTEX_POINT('',#4324);
#4324 = CARTESIAN_POINT('',(1.95,-6.8,1.5));
#4325 = LINE('',#4326,#4327);
#4326 = CARTESIAN_POINT('',(1.95,-6.8,0.));
#4327 = VECTOR('',#4328,1.);
#4328 = DIRECTION('',(0.,0.,1.));
#4329 = ORIENTED_EDGE('',*,*,#4330,.T.);
#4330 = EDGE_CURVE('',#4323,#4323,#4331,.T.);
#4331 = CIRCLE('',#4332,1.95);
#4332 = AXIS2_PLACEMENT_3D('',#4333,#4334,#4335);
#4333 = CARTESIAN_POINT('',(0.,-6.8,1.5));
#4334 = DIRECTION('',(0.,0.,-1.));
#4335 = DIRECTION('',(1.,0.,0.));
#4336 = ORIENTED_EDGE('',*,*,#4322,.F.);
#4337 = ORIENTED_EDGE('',*,*,#3906,.F.);
#4338 = CYLINDRICAL_SURFACE('',#4339,1.95);
#4339 = AXIS2_PLACEMENT_3D('',#4340,#4341,#4342);
#4340 = CARTESIAN_POINT('',(0.,-6.8,0.));
#4341 = DIRECTION('',(0.,0.,-1.));
#4342 = DIRECTION('',(1.,0.,0.));
#4343 = ADVANCED_FACE('',(#4344),#4370,.F.);
#4344 = FACE_BOUND('',#4345,.F.);
#4345 = EDGE_LOOP('',(#4346,#4354,#4363,#4369));
#4346 = ORIENTED_EDGE('',*,*,#4347,.T.);
#4347 = EDGE_CURVE('',#3918,#4348,#4350,.T.);
#4348 = VERTEX_POINT('',#4349);
#4349 = CARTESIAN_POINT('',(3.939231012048,-0.694592710668,3.5));
#4350 = LINE('',#4351,#4352);
#4351 = CARTESIAN_POINT('',(3.939231012048,-0.694592710668,0.));
#4352 = VECTOR('',#4353,1.);
#4353 = DIRECTION('',(0.,0.,1.));
#4354 = ORIENTED_EDGE('',*,*,#4355,.T.);
#4355 = EDGE_CURVE('',#4348,#4356,#4358,.T.);
#4356 = VERTEX_POINT('',#4357);
#4357 = CARTESIAN_POINT('',(2.571150438746,-3.064177772475,3.5));
#4358 = CIRCLE('',#4359,4.);
#4359 = AXIS2_PLACEMENT_3D('',#4360,#4361,#4362);
#4360 = CARTESIAN_POINT('',(-1.6749E-12,9.675E-13,3.5));
#4361 = DIRECTION('',(0.,0.,-1.));
#4362 = DIRECTION('',(1.,0.,0.));
#4363 = ORIENTED_EDGE('',*,*,#4364,.F.);
#4364 = EDGE_CURVE('',#3920,#4356,#4365,.T.);
#4365 = LINE('',#4366,#4367);
#4366 = CARTESIAN_POINT('',(2.571150438746,-3.064177772475,0.));
#4367 = VECTOR('',#4368,1.);
#4368 = DIRECTION('',(0.,0.,1.));
#4369 = ORIENTED_EDGE('',*,*,#3917,.F.);
#4370 = CYLINDRICAL_SURFACE('',#4371,4.);
#4371 = AXIS2_PLACEMENT_3D('',#4372,#4373,#4374);
#4372 = CARTESIAN_POINT('',(-1.6749E-12,9.675E-13,0.));
#4373 = DIRECTION('',(0.,0.,-1.));
#4374 = DIRECTION('',(1.,0.,0.));
#4375 = ADVANCED_FACE('',(#4376),#4395,.F.);
#4376 = FACE_BOUND('',#4377,.F.);
#4377 = EDGE_LOOP('',(#4378,#4386,#4393,#4394));
#4378 = ORIENTED_EDGE('',*,*,#4379,.T.);
#4379 = EDGE_CURVE('',#3938,#4380,#4382,.T.);
#4380 = VERTEX_POINT('',#4381);
#4381 = CARTESIAN_POINT('',(1.57569240482,-0.277837084267,3.5));
#4382 = LINE('',#4383,#4384);
#4383 = CARTESIAN_POINT('',(1.57569240482,-0.277837084267,0.));
#4384 = VECTOR('',#4385,1.);
#4385 = DIRECTION('',(0.,0.,1.));
#4386 = ORIENTED_EDGE('',*,*,#4387,.T.);
#4387 = EDGE_CURVE('',#4380,#4348,#4388,.T.);
#4388 = CIRCLE('',#4389,1.2);
#4389 = AXIS2_PLACEMENT_3D('',#4390,#4391,#4392);
#4390 = CARTESIAN_POINT('',(2.757461708434,-0.486214897467,3.5));
#4391 = DIRECTION('',(0.,0.,-1.));
#4392 = DIRECTION('',(1.,0.,0.));
#4393 = ORIENTED_EDGE('',*,*,#4347,.F.);
#4394 = ORIENTED_EDGE('',*,*,#3946,.F.);
#4395 = CYLINDRICAL_SURFACE('',#4396,1.2);
#4396 = AXIS2_PLACEMENT_3D('',#4397,#4398,#4399);
#4397 = CARTESIAN_POINT('',(2.757461708434,-0.486214897467,0.));
#4398 = DIRECTION('',(0.,0.,-1.));
#4399 = DIRECTION('',(1.,0.,0.));
#4400 = ADVANCED_FACE('',(#4401),#4420,.T.);
#4401 = FACE_BOUND('',#4402,.T.);
#4402 = EDGE_LOOP('',(#4403,#4404,#4413,#4419));
#4403 = ORIENTED_EDGE('',*,*,#4379,.T.);
#4404 = ORIENTED_EDGE('',*,*,#4405,.T.);
#4405 = EDGE_CURVE('',#4380,#4406,#4408,.T.);
#4406 = VERTEX_POINT('',#4407);
#4407 = CARTESIAN_POINT('',(1.028460175498,-1.22567110899,3.5));
#4408 = CIRCLE('',#4409,1.6);
#4409 = AXIS2_PLACEMENT_3D('',#4410,#4411,#4412);
#4410 = CARTESIAN_POINT('',(1.E-16,-1.E-16,3.5));
#4411 = DIRECTION('',(0.,0.,-1.));
#4412 = DIRECTION('',(1.,0.,0.));
#4413 = ORIENTED_EDGE('',*,*,#4414,.F.);
#4414 = EDGE_CURVE('',#3929,#4406,#4415,.T.);
#4415 = LINE('',#4416,#4417);
#4416 = CARTESIAN_POINT('',(1.028460175498,-1.22567110899,0.));
#4417 = VECTOR('',#4418,1.);
#4418 = DIRECTION('',(0.,0.,1.));
#4419 = ORIENTED_EDGE('',*,*,#3937,.F.);
#4420 = CYLINDRICAL_SURFACE('',#4421,1.6);
#4421 = AXIS2_PLACEMENT_3D('',#4422,#4423,#4424);
#4422 = CARTESIAN_POINT('',(1.E-16,-1.E-16,0.));
#4423 = DIRECTION('',(0.,0.,-1.));
#4424 = DIRECTION('',(1.,0.,0.));
#4425 = ADVANCED_FACE('',(#4426),#4438,.F.);
#4426 = FACE_BOUND('',#4427,.F.);
#4427 = EDGE_LOOP('',(#4428,#4429,#4436,#4437));
#4428 = ORIENTED_EDGE('',*,*,#4364,.T.);
#4429 = ORIENTED_EDGE('',*,*,#4430,.T.);
#4430 = EDGE_CURVE('',#4356,#4406,#4431,.T.);
#4431 = CIRCLE('',#4432,1.2);
#4432 = AXIS2_PLACEMENT_3D('',#4433,#4434,#4435);
#4433 = CARTESIAN_POINT('',(1.799805307122,-2.144924440733,3.5));
#4434 = DIRECTION('',(0.,0.,-1.));
#4435 = DIRECTION('',(1.,0.,0.));
#4436 = ORIENTED_EDGE('',*,*,#4414,.F.);
#4437 = ORIENTED_EDGE('',*,*,#3928,.F.);
#4438 = CYLINDRICAL_SURFACE('',#4439,1.2);
#4439 = AXIS2_PLACEMENT_3D('',#4440,#4441,#4442);
#4440 = CARTESIAN_POINT('',(1.799805307122,-2.144924440733,0.));
#4441 = DIRECTION('',(0.,0.,-1.));
#4442 = DIRECTION('',(1.,0.,0.));
#4443 = ADVANCED_FACE('',(#4444),#4470,.T.);
#4444 = FACE_BOUND('',#4445,.T.);
#4445 = EDGE_LOOP('',(#4446,#4454,#4463,#4469));
#4446 = ORIENTED_EDGE('',*,*,#4447,.T.);
#4447 = EDGE_CURVE('',#3956,#4448,#4450,.T.);
#4448 = VERTEX_POINT('',#4449);
#4449 = CARTESIAN_POINT('',(5.416442641567,-0.955064977168,3.5));
#4450 = LINE('',#4451,#4452);
#4451 = CARTESIAN_POINT('',(5.416442641567,-0.955064977168,0.));
#4452 = VECTOR('',#4453,1.);
#4453 = DIRECTION('',(0.,0.,1.));
#4454 = ORIENTED_EDGE('',*,*,#4455,.T.);
#4455 = EDGE_CURVE('',#4448,#4456,#4458,.T.);
#4456 = VERTEX_POINT('',#4457);
#4457 = CARTESIAN_POINT('',(3.535331853276,-4.213244437154,3.5));
#4458 = CIRCLE('',#4459,5.5);
#4459 = AXIS2_PLACEMENT_3D('',#4460,#4461,#4462);
#4460 = CARTESIAN_POINT('',(-1.E-16,-9.E-16,3.5));
#4461 = DIRECTION('',(0.,0.,-1.));
#4462 = DIRECTION('',(1.,0.,0.));
#4463 = ORIENTED_EDGE('',*,*,#4464,.F.);
#4464 = EDGE_CURVE('',#3958,#4456,#4465,.T.);
#4465 = LINE('',#4466,#4467);
#4466 = CARTESIAN_POINT('',(3.535331853276,-4.213244437154,0.));
#4467 = VECTOR('',#4468,1.);
#4468 = DIRECTION('',(0.,0.,1.));
#4469 = ORIENTED_EDGE('',*,*,#3955,.F.);
#4470 = CYLINDRICAL_SURFACE('',#4471,5.5);
#4471 = AXIS2_PLACEMENT_3D('',#4472,#4473,#4474);
#4472 = CARTESIAN_POINT('',(-1.E-16,-9.E-16,0.));
#4473 = DIRECTION('',(0.,0.,-1.));
#4474 = DIRECTION('',(1.,0.,0.));
#4475 = ADVANCED_FACE('',(#4476),#4495,.F.);
#4476 = FACE_BOUND('',#4477,.F.);
#4477 = EDGE_LOOP('',(#4478,#4486,#4493,#4494));
#4478 = ORIENTED_EDGE('',*,*,#4479,.T.);
#4479 = EDGE_CURVE('',#3976,#4480,#4482,.T.);
#4480 = VERTEX_POINT('',#4481);
#4481 = CARTESIAN_POINT('',(5.078022116524,-6.05175110064,3.5));
#4482 = LINE('',#4483,#4484);
#4483 = CARTESIAN_POINT('',(5.078022116524,-6.05175110064,0.));
#4484 = VECTOR('',#4485,1.);
#4485 = DIRECTION('',(0.,0.,1.));
#4486 = ORIENTED_EDGE('',*,*,#4487,.T.);
#4487 = EDGE_CURVE('',#4480,#4456,#4488,.T.);
#4488 = CIRCLE('',#4489,1.2);
#4489 = AXIS2_PLACEMENT_3D('',#4490,#4491,#4492);
#4490 = CARTESIAN_POINT('',(4.3066769849,-5.132497768897,3.5));
#4491 = DIRECTION('',(0.,0.,-1.));
#4492 = DIRECTION('',(1.,0.,0.));
#4493 = ORIENTED_EDGE('',*,*,#4464,.F.);
#4494 = ORIENTED_EDGE('',*,*,#3984,.F.);
#4495 = CYLINDRICAL_SURFACE('',#4496,1.2);
#4496 = AXIS2_PLACEMENT_3D('',#4497,#4498,#4499);
#4497 = CARTESIAN_POINT('',(4.3066769849,-5.132497768897,0.));
#4498 = DIRECTION('',(0.,0.,-1.));
#4499 = DIRECTION('',(1.,0.,0.));
#4500 = ADVANCED_FACE('',(#4501),#4520,.F.);
#4501 = FACE_BOUND('',#4502,.F.);
#4502 = EDGE_LOOP('',(#4503,#4511,#4518,#4519));
#4503 = ORIENTED_EDGE('',*,*,#4504,.T.);
#4504 = EDGE_CURVE('',#3967,#4505,#4507,.T.);
#4505 = VERTEX_POINT('',#4506);
#4506 = CARTESIAN_POINT('',(7.779981248796,-1.371820603569,3.5));
#4507 = LINE('',#4508,#4509);
#4508 = CARTESIAN_POINT('',(7.779981248796,-1.371820603569,0.));
#4509 = VECTOR('',#4510,1.);
#4510 = DIRECTION('',(0.,0.,1.));
#4511 = ORIENTED_EDGE('',*,*,#4512,.T.);
#4512 = EDGE_CURVE('',#4505,#4480,#4513,.T.);
#4513 = CIRCLE('',#4514,7.9);
#4514 = AXIS2_PLACEMENT_3D('',#4515,#4516,#4517);
#4515 = CARTESIAN_POINT('',(-3.E-16,0.,3.5));
#4516 = DIRECTION('',(0.,0.,-1.));
#4517 = DIRECTION('',(1.,0.,0.));
#4518 = ORIENTED_EDGE('',*,*,#4479,.F.);
#4519 = ORIENTED_EDGE('',*,*,#3975,.F.);
#4520 = CYLINDRICAL_SURFACE('',#4521,7.9);
#4521 = AXIS2_PLACEMENT_3D('',#4522,#4523,#4524);
#4522 = CARTESIAN_POINT('',(-3.E-16,0.,0.));
#4523 = DIRECTION('',(0.,0.,-1.));
#4524 = DIRECTION('',(1.,0.,0.));
#4525 = ADVANCED_FACE('',(#4526),#4538,.F.);
#4526 = FACE_BOUND('',#4527,.F.);
#4527 = EDGE_LOOP('',(#4528,#4529,#4536,#4537));
#4528 = ORIENTED_EDGE('',*,*,#4447,.T.);
#4529 = ORIENTED_EDGE('',*,*,#4530,.T.);
#4530 = EDGE_CURVE('',#4448,#4505,#4531,.T.);
#4531 = CIRCLE('',#4532,1.2);
#4532 = AXIS2_PLACEMENT_3D('',#4533,#4534,#4535);
#4533 = CARTESIAN_POINT('',(6.598211945182,-1.163442790368,3.5));
#4534 = DIRECTION('',(0.,0.,-1.));
#4535 = DIRECTION('',(1.,0.,0.));
#4536 = ORIENTED_EDGE('',*,*,#4504,.F.);
#4537 = ORIENTED_EDGE('',*,*,#3966,.F.);
#4538 = CYLINDRICAL_SURFACE('',#4539,1.2);
#4539 = AXIS2_PLACEMENT_3D('',#4540,#4541,#4542);
#4540 = CARTESIAN_POINT('',(6.598211945182,-1.163442790368,0.));
#4541 = DIRECTION('',(0.,0.,-1.));
#4542 = DIRECTION('',(1.,0.,0.));
#4543 = ADVANCED_FACE('',(#4544),#4563,.F.);
#4544 = FACE_BOUND('',#4545,.F.);
#4545 = EDGE_LOOP('',(#4546,#4554,#4561,#4562));
#4546 = ORIENTED_EDGE('',*,*,#4547,.T.);
#4547 = EDGE_CURVE('',#3994,#4548,#4550,.T.);
#4548 = VERTEX_POINT('',#4549);
#4549 = CARTESIAN_POINT('',(-3.938972745747,3.400000000006,1.5));
#4550 = LINE('',#4551,#4552);
#4551 = CARTESIAN_POINT('',(-3.938972745747,3.400000000006,0.));
#4552 = VECTOR('',#4553,1.);
#4553 = DIRECTION('',(0.,0.,1.));
#4554 = ORIENTED_EDGE('',*,*,#4555,.T.);
#4555 = EDGE_CURVE('',#4548,#4548,#4556,.T.);
#4556 = CIRCLE('',#4557,1.95);
#4557 = AXIS2_PLACEMENT_3D('',#4558,#4559,#4560);
#4558 = CARTESIAN_POINT('',(-5.888972745747,3.400000000006,1.5));
#4559 = DIRECTION('',(0.,0.,-1.));
#4560 = DIRECTION('',(1.,0.,0.));
#4561 = ORIENTED_EDGE('',*,*,#4547,.F.);
#4562 = ORIENTED_EDGE('',*,*,#3993,.F.);
#4563 = CYLINDRICAL_SURFACE('',#4564,1.95);
#4564 = AXIS2_PLACEMENT_3D('',#4565,#4566,#4567);
#4565 = CARTESIAN_POINT('',(-5.888972745747,3.400000000006,0.));
#4566 = DIRECTION('',(0.,0.,-1.));
#4567 = DIRECTION('',(1.,0.,0.));
#4568 = ADVANCED_FACE('',(#4569),#4595,.T.);
#4569 = FACE_BOUND('',#4570,.T.);
#4570 = EDGE_LOOP('',(#4571,#4579,#4588,#4594));
#4571 = ORIENTED_EDGE('',*,*,#4572,.T.);
#4572 = EDGE_CURVE('',#4005,#4573,#4575,.T.);
#4573 = VERTEX_POINT('',#4574);
#4574 = CARTESIAN_POINT('',(-0.547232229321,1.503508193257,3.5));
#4575 = LINE('',#4576,#4577);
#4576 = CARTESIAN_POINT('',(-0.547232229321,1.503508193257,0.));
#4577 = VECTOR('',#4578,1.);
#4578 = DIRECTION('',(0.,0.,1.));
#4579 = ORIENTED_EDGE('',*,*,#4580,.T.);
#4580 = EDGE_CURVE('',#4573,#4581,#4583,.T.);
#4581 = VERTEX_POINT('',#4582);
#4582 = CARTESIAN_POINT('',(0.547232229321,1.503508193257,3.5));
#4583 = CIRCLE('',#4584,1.6);
#4584 = AXIS2_PLACEMENT_3D('',#4585,#4586,#4587);
#4585 = CARTESIAN_POINT('',(0.,0.,3.5));
#4586 = DIRECTION('',(0.,0.,-1.));
#4587 = DIRECTION('',(1.,0.,0.));
#4588 = ORIENTED_EDGE('',*,*,#4589,.F.);
#4589 = EDGE_CURVE('',#4007,#4581,#4590,.T.);
#4590 = LINE('',#4591,#4592);
#4591 = CARTESIAN_POINT('',(0.547232229321,1.503508193257,0.));
#4592 = VECTOR('',#4593,1.);
#4593 = DIRECTION('',(0.,0.,1.));
#4594 = ORIENTED_EDGE('',*,*,#4004,.F.);
#4595 = CYLINDRICAL_SURFACE('',#4596,1.6);
#4596 = AXIS2_PLACEMENT_3D('',#4597,#4598,#4599);
#4597 = CARTESIAN_POINT('',(0.,0.,0.));
#4598 = DIRECTION('',(0.,0.,-1.));
#4599 = DIRECTION('',(1.,0.,0.));
#4600 = ADVANCED_FACE('',(#4601),#4620,.F.);
#4601 = FACE_BOUND('',#4602,.F.);
#4602 = EDGE_LOOP('',(#4603,#4611,#4618,#4619));
#4603 = ORIENTED_EDGE('',*,*,#4604,.T.);
#4604 = EDGE_CURVE('',#4025,#4605,#4607,.T.);
#4605 = VERTEX_POINT('',#4606);
#4606 = CARTESIAN_POINT('',(1.368080573303,3.758770483144,3.5));
#4607 = LINE('',#4608,#4609);
#4608 = CARTESIAN_POINT('',(1.368080573303,3.758770483144,0.));
#4609 = VECTOR('',#4610,1.);
#4610 = DIRECTION('',(0.,0.,1.));
#4611 = ORIENTED_EDGE('',*,*,#4612,.T.);
#4612 = EDGE_CURVE('',#4605,#4581,#4613,.T.);
#4613 = CIRCLE('',#4614,1.2);
#4614 = AXIS2_PLACEMENT_3D('',#4615,#4616,#4617);
#4615 = CARTESIAN_POINT('',(0.957656401312,2.631139338201,3.5));
#4616 = DIRECTION('',(0.,0.,-1.));
#4617 = DIRECTION('',(1.,0.,0.));
#4618 = ORIENTED_EDGE('',*,*,#4589,.F.);
#4619 = ORIENTED_EDGE('',*,*,#4033,.F.);
#4620 = CYLINDRICAL_SURFACE('',#4621,1.2);
#4621 = AXIS2_PLACEMENT_3D('',#4622,#4623,#4624);
#4622 = CARTESIAN_POINT('',(0.957656401312,2.631139338201,0.));
#4623 = DIRECTION('',(0.,0.,-1.));
#4624 = DIRECTION('',(1.,0.,0.));
#4625 = ADVANCED_FACE('',(#4626),#4645,.F.);
#4626 = FACE_BOUND('',#4627,.F.);
#4627 = EDGE_LOOP('',(#4628,#4636,#4643,#4644));
#4628 = ORIENTED_EDGE('',*,*,#4629,.T.);
#4629 = EDGE_CURVE('',#4016,#4630,#4632,.T.);
#4630 = VERTEX_POINT('',#4631);
#4631 = CARTESIAN_POINT('',(-1.368080573303,3.758770483144,3.5));
#4632 = LINE('',#4633,#4634);
#4633 = CARTESIAN_POINT('',(-1.368080573303,3.758770483144,0.));
#4634 = VECTOR('',#4635,1.);
#4635 = DIRECTION('',(0.,0.,1.));
#4636 = ORIENTED_EDGE('',*,*,#4637,.T.);
#4637 = EDGE_CURVE('',#4630,#4605,#4638,.T.);
#4638 = CIRCLE('',#4639,4.);
#4639 = AXIS2_PLACEMENT_3D('',#4640,#4641,#4642);
#4640 = CARTESIAN_POINT('',(-3.E-16,4.E-16,3.5));
#4641 = DIRECTION('',(0.,0.,-1.));
#4642 = DIRECTION('',(1.,0.,0.));
#4643 = ORIENTED_EDGE('',*,*,#4604,.F.);
#4644 = ORIENTED_EDGE('',*,*,#4024,.F.);
#4645 = CYLINDRICAL_SURFACE('',#4646,4.);
#4646 = AXIS2_PLACEMENT_3D('',#4647,#4648,#4649);
#4647 = CARTESIAN_POINT('',(-3.E-16,4.E-16,0.));
#4648 = DIRECTION('',(0.,0.,-1.));
#4649 = DIRECTION('',(1.,0.,0.));
#4650 = ADVANCED_FACE('',(#4651),#4663,.F.);
#4651 = FACE_BOUND('',#4652,.F.);
#4652 = EDGE_LOOP('',(#4653,#4654,#4661,#4662));
#4653 = ORIENTED_EDGE('',*,*,#4572,.T.);
#4654 = ORIENTED_EDGE('',*,*,#4655,.T.);
#4655 = EDGE_CURVE('',#4573,#4630,#4656,.T.);
#4656 = CIRCLE('',#4657,1.2);
#4657 = AXIS2_PLACEMENT_3D('',#4658,#4659,#4660);
#4658 = CARTESIAN_POINT('',(-0.957656401312,2.631139338201,3.5));
#4659 = DIRECTION('',(0.,0.,-1.));
#4660 = DIRECTION('',(1.,0.,0.));
#4661 = ORIENTED_EDGE('',*,*,#4629,.F.);
#4662 = ORIENTED_EDGE('',*,*,#4015,.F.);
#4663 = CYLINDRICAL_SURFACE('',#4664,1.2);
#4664 = AXIS2_PLACEMENT_3D('',#4665,#4666,#4667);
#4665 = CARTESIAN_POINT('',(-0.957656401312,2.631139338201,0.));
#4666 = DIRECTION('',(0.,0.,-1.));
#4667 = DIRECTION('',(1.,0.,0.));
#4668 = ADVANCED_FACE('',(#4669),#4688,.F.);
#4669 = FACE_BOUND('',#4670,.F.);
#4670 = EDGE_LOOP('',(#4671,#4679,#4686,#4687));
#4671 = ORIENTED_EDGE('',*,*,#4672,.T.);
#4672 = EDGE_CURVE('',#4043,#4673,#4675,.T.);
#4673 = VERTEX_POINT('',#4674);
#4674 = CARTESIAN_POINT('',(7.838972745734,3.4,1.5));
#4675 = LINE('',#4676,#4677);
#4676 = CARTESIAN_POINT('',(7.838972745734,3.4,0.));
#4677 = VECTOR('',#4678,1.);
#4678 = DIRECTION('',(0.,0.,1.));
#4679 = ORIENTED_EDGE('',*,*,#4680,.T.);
#4680 = EDGE_CURVE('',#4673,#4673,#4681,.T.);
#4681 = CIRCLE('',#4682,1.95);
#4682 = AXIS2_PLACEMENT_3D('',#4683,#4684,#4685);
#4683 = CARTESIAN_POINT('',(5.888972745734,3.4,1.5));
#4684 = DIRECTION('',(0.,0.,-1.));
#4685 = DIRECTION('',(1.,0.,0.));
#4686 = ORIENTED_EDGE('',*,*,#4672,.F.);
#4687 = ORIENTED_EDGE('',*,*,#4042,.F.);
#4688 = CYLINDRICAL_SURFACE('',#4689,1.95);
#4689 = AXIS2_PLACEMENT_3D('',#4690,#4691,#4692);
#4690 = CARTESIAN_POINT('',(5.888972745734,3.4,0.));
#4691 = DIRECTION('',(0.,0.,-1.));
#4692 = DIRECTION('',(1.,0.,0.));
#4693 = ADVANCED_FACE('',(#4694),#4720,.T.);
#4694 = FACE_BOUND('',#4695,.T.);
#4695 = EDGE_LOOP('',(#4696,#4704,#4713,#4719));
#4696 = ORIENTED_EDGE('',*,*,#4697,.T.);
#4697 = EDGE_CURVE('',#4054,#4698,#4700,.T.);
#4698 = VERTEX_POINT('',#4699);
#4699 = CARTESIAN_POINT('',(-1.881110788291,5.168309414322,3.5));
#4700 = LINE('',#4701,#4702);
#4701 = CARTESIAN_POINT('',(-1.881110788291,5.168309414322,0.));
#4702 = VECTOR('',#4703,1.);
#4703 = DIRECTION('',(0.,0.,1.));
#4704 = ORIENTED_EDGE('',*,*,#4705,.T.);
#4705 = EDGE_CURVE('',#4698,#4706,#4708,.T.);
#4706 = VERTEX_POINT('',#4707);
#4707 = CARTESIAN_POINT('',(1.881110788291,5.168309414322,3.5));
#4708 = CIRCLE('',#4709,5.5);
#4709 = AXIS2_PLACEMENT_3D('',#4710,#4711,#4712);
#4710 = CARTESIAN_POINT('',(-2.E-16,2.E-16,3.5));
#4711 = DIRECTION('',(0.,0.,-1.));
#4712 = DIRECTION('',(1.,0.,0.));
#4713 = ORIENTED_EDGE('',*,*,#4714,.F.);
#4714 = EDGE_CURVE('',#4056,#4706,#4715,.T.);
#4715 = LINE('',#4716,#4717);
#4716 = CARTESIAN_POINT('',(1.881110788291,5.168309414322,0.));
#4717 = VECTOR('',#4718,1.);
#4718 = DIRECTION('',(0.,0.,1.));
#4719 = ORIENTED_EDGE('',*,*,#4053,.F.);
#4720 = CYLINDRICAL_SURFACE('',#4721,5.5);
#4721 = AXIS2_PLACEMENT_3D('',#4722,#4723,#4724);
#4722 = CARTESIAN_POINT('',(-2.E-16,2.E-16,0.));
#4723 = DIRECTION('',(0.,0.,-1.));
#4724 = DIRECTION('',(1.,0.,0.));
#4725 = ADVANCED_FACE('',(#4726),#4745,.F.);
#4726 = FACE_BOUND('',#4727,.F.);
#4727 = EDGE_LOOP('',(#4728,#4736,#4743,#4744));
#4728 = ORIENTED_EDGE('',*,*,#4729,.T.);
#4729 = EDGE_CURVE('',#4074,#4730,#4732,.T.);
#4730 = VERTEX_POINT('',#4731);
#4731 = CARTESIAN_POINT('',(2.701959132273,7.423571704209,3.5));
#4732 = LINE('',#4733,#4734);
#4733 = CARTESIAN_POINT('',(2.701959132273,7.423571704209,0.));
#4734 = VECTOR('',#4735,1.);
#4735 = DIRECTION('',(0.,0.,1.));
#4736 = ORIENTED_EDGE('',*,*,#4737,.T.);
#4737 = EDGE_CURVE('',#4730,#4706,#4738,.T.);
#4738 = CIRCLE('',#4739,1.2);
#4739 = AXIS2_PLACEMENT_3D('',#4740,#4741,#4742);
#4740 = CARTESIAN_POINT('',(2.291534960282,6.295940559266,3.5));
#4741 = DIRECTION('',(0.,0.,-1.));
#4742 = DIRECTION('',(1.,0.,0.));
#4743 = ORIENTED_EDGE('',*,*,#4714,.F.);
#4744 = ORIENTED_EDGE('',*,*,#4082,.F.);
#4745 = CYLINDRICAL_SURFACE('',#4746,1.2);
#4746 = AXIS2_PLACEMENT_3D('',#4747,#4748,#4749);
#4747 = CARTESIAN_POINT('',(2.291534960282,6.295940559266,0.));
#4748 = DIRECTION('',(0.,0.,-1.));
#4749 = DIRECTION('',(1.,0.,0.));
#4750 = ADVANCED_FACE('',(#4751),#4770,.F.);
#4751 = FACE_BOUND('',#4752,.F.);
#4752 = EDGE_LOOP('',(#4753,#4761,#4768,#4769));
#4753 = ORIENTED_EDGE('',*,*,#4754,.T.);
#4754 = EDGE_CURVE('',#4065,#4755,#4757,.T.);
#4755 = VERTEX_POINT('',#4756);
#4756 = CARTESIAN_POINT('',(-2.701959132273,7.423571704209,3.5));
#4757 = LINE('',#4758,#4759);
#4758 = CARTESIAN_POINT('',(-2.701959132273,7.423571704209,0.));
#4759 = VECTOR('',#4760,1.);
#4760 = DIRECTION('',(0.,0.,1.));
#4761 = ORIENTED_EDGE('',*,*,#4762,.T.);
#4762 = EDGE_CURVE('',#4755,#4730,#4763,.T.);
#4763 = CIRCLE('',#4764,7.9);
#4764 = AXIS2_PLACEMENT_3D('',#4765,#4766,#4767);
#4765 = CARTESIAN_POINT('',(-1.5E-15,-2.E-16,3.5));
#4766 = DIRECTION('',(0.,0.,-1.));
#4767 = DIRECTION('',(1.,0.,0.));
#4768 = ORIENTED_EDGE('',*,*,#4729,.F.);
#4769 = ORIENTED_EDGE('',*,*,#4073,.F.);
#4770 = CYLINDRICAL_SURFACE('',#4771,7.9);
#4771 = AXIS2_PLACEMENT_3D('',#4772,#4773,#4774);
#4772 = CARTESIAN_POINT('',(-1.5E-15,-2.E-16,0.));
#4773 = DIRECTION('',(0.,0.,-1.));
#4774 = DIRECTION('',(1.,0.,0.));
#4775 = ADVANCED_FACE('',(#4776),#4788,.F.);
#4776 = FACE_BOUND('',#4777,.F.);
#4777 = EDGE_LOOP('',(#4778,#4779,#4786,#4787));
#4778 = ORIENTED_EDGE('',*,*,#4697,.T.);
#4779 = ORIENTED_EDGE('',*,*,#4780,.T.);
#4780 = EDGE_CURVE('',#4698,#4755,#4781,.T.);
#4781 = CIRCLE('',#4782,1.2);
#4782 = AXIS2_PLACEMENT_3D('',#4783,#4784,#4785);
#4783 = CARTESIAN_POINT('',(-2.291534960282,6.295940559266,3.5));
#4784 = DIRECTION('',(0.,0.,-1.));
#4785 = DIRECTION('',(1.,0.,0.));
#4786 = ORIENTED_EDGE('',*,*,#4754,.F.);
#4787 = ORIENTED_EDGE('',*,*,#4064,.F.);
#4788 = CYLINDRICAL_SURFACE('',#4789,1.2);
#4789 = AXIS2_PLACEMENT_3D('',#4790,#4791,#4792);
#4790 = CARTESIAN_POINT('',(-2.291534960282,6.295940559266,0.));
#4791 = DIRECTION('',(0.,0.,-1.));
#4792 = DIRECTION('',(1.,0.,0.));
#4793 = ADVANCED_FACE('',(#4794,#4797),#4808,.T.);
#4794 = FACE_BOUND('',#4795,.T.);
#4795 = EDGE_LOOP('',(#4796));
#4796 = ORIENTED_EDGE('',*,*,#4105,.T.);
#4797 = FACE_BOUND('',#4798,.T.);
#4798 = EDGE_LOOP('',(#4799));
#4799 = ORIENTED_EDGE('',*,*,#4800,.F.);
#4800 = EDGE_CURVE('',#4801,#4801,#4803,.T.);
#4801 = VERTEX_POINT('',#4802);
#4802 = CARTESIAN_POINT('',(9.,0.,11.));
#4803 = CIRCLE('',#4804,9.);
#4804 = AXIS2_PLACEMENT_3D('',#4805,#4806,#4807);
#4805 = CARTESIAN_POINT('',(0.,0.,11.));
#4806 = DIRECTION('',(0.,0.,1.));
#4807 = DIRECTION('',(1.,0.,0.));
#4808 = PLANE('',#4809);
#4809 = AXIS2_PLACEMENT_3D('',#4810,#4811,#4812);
#4810 = CARTESIAN_POINT('',(-8.3E-16,7.1E-16,11.));
#4811 = DIRECTION('',(0.,0.,1.));
#4812 = DIRECTION('',(1.,0.,0.));
#4813 = ADVANCED_FACE('',(#4814,#4825,#4831,#4837,#4848,#4854,#4860,
    #4871,#4877,#4888),#4894,.T.);
#4814 = FACE_BOUND('',#4815,.T.);
#4815 = EDGE_LOOP('',(#4816));
#4816 = ORIENTED_EDGE('',*,*,#4817,.T.);
#4817 = EDGE_CURVE('',#4818,#4818,#4820,.T.);
#4818 = VERTEX_POINT('',#4819);
#4819 = CARTESIAN_POINT('',(9.,0.,3.5));
#4820 = CIRCLE('',#4821,9.);
#4821 = AXIS2_PLACEMENT_3D('',#4822,#4823,#4824);
#4822 = CARTESIAN_POINT('',(0.,0.,3.5));
#4823 = DIRECTION('',(0.,0.,1.));
#4824 = DIRECTION('',(1.,0.,0.));
#4825 = FACE_BOUND('',#4826,.T.);
#4826 = EDGE_LOOP('',(#4827,#4828,#4829,#4830));
#4827 = ORIENTED_EDGE('',*,*,#4130,.F.);
#4828 = ORIENTED_EDGE('',*,*,#4205,.T.);
#4829 = ORIENTED_EDGE('',*,*,#4187,.T.);
#4830 = ORIENTED_EDGE('',*,*,#4162,.T.);
#4831 = FACE_BOUND('',#4832,.T.);
#4832 = EDGE_LOOP('',(#4833,#4834,#4835,#4836));
#4833 = ORIENTED_EDGE('',*,*,#4230,.F.);
#4834 = ORIENTED_EDGE('',*,*,#4305,.T.);
#4835 = ORIENTED_EDGE('',*,*,#4287,.T.);
#4836 = ORIENTED_EDGE('',*,*,#4262,.T.);
#4837 = FACE_BOUND('',#4838,.T.);
#4838 = EDGE_LOOP('',(#4839));
#4839 = ORIENTED_EDGE('',*,*,#4840,.T.);
#4840 = EDGE_CURVE('',#4841,#4841,#4843,.T.);
#4841 = VERTEX_POINT('',#4842);
#4842 = CARTESIAN_POINT('',(1.1,-6.8,3.5));
#4843 = CIRCLE('',#4844,1.1);
#4844 = AXIS2_PLACEMENT_3D('',#4845,#4846,#4847);
#4845 = CARTESIAN_POINT('',(0.,-6.8,3.5));
#4846 = DIRECTION('',(0.,0.,-1.));
#4847 = DIRECTION('',(1.,0.,0.));
#4848 = FACE_BOUND('',#4849,.T.);
#4849 = EDGE_LOOP('',(#4850,#4851,#4852,#4853));
#4850 = ORIENTED_EDGE('',*,*,#4355,.T.);
#4851 = ORIENTED_EDGE('',*,*,#4430,.T.);
#4852 = ORIENTED_EDGE('',*,*,#4405,.F.);
#4853 = ORIENTED_EDGE('',*,*,#4387,.T.);
#4854 = FACE_BOUND('',#4855,.T.);
#4855 = EDGE_LOOP('',(#4856,#4857,#4858,#4859));
#4856 = ORIENTED_EDGE('',*,*,#4455,.F.);
#4857 = ORIENTED_EDGE('',*,*,#4530,.T.);
#4858 = ORIENTED_EDGE('',*,*,#4512,.T.);
#4859 = ORIENTED_EDGE('',*,*,#4487,.T.);
#4860 = FACE_BOUND('',#4861,.T.);
#4861 = EDGE_LOOP('',(#4862));
#4862 = ORIENTED_EDGE('',*,*,#4863,.T.);
#4863 = EDGE_CURVE('',#4864,#4864,#4866,.T.);
#4864 = VERTEX_POINT('',#4865);
#4865 = CARTESIAN_POINT('',(-4.788972745747,3.4,3.5));
#4866 = CIRCLE('',#4867,1.1);
#4867 = AXIS2_PLACEMENT_3D('',#4868,#4869,#4870);
#4868 = CARTESIAN_POINT('',(-5.888972745747,3.4,3.5));
#4869 = DIRECTION('',(0.,0.,-1.));
#4870 = DIRECTION('',(1.,0.,0.));
#4871 = FACE_BOUND('',#4872,.T.);
#4872 = EDGE_LOOP('',(#4873,#4874,#4875,#4876));
#4873 = ORIENTED_EDGE('',*,*,#4580,.F.);
#4874 = ORIENTED_EDGE('',*,*,#4655,.T.);
#4875 = ORIENTED_EDGE('',*,*,#4637,.T.);
#4876 = ORIENTED_EDGE('',*,*,#4612,.T.);
#4877 = FACE_BOUND('',#4878,.T.);
#4878 = EDGE_LOOP('',(#4879));
#4879 = ORIENTED_EDGE('',*,*,#4880,.T.);
#4880 = EDGE_CURVE('',#4881,#4881,#4883,.T.);
#4881 = VERTEX_POINT('',#4882);
#4882 = CARTESIAN_POINT('',(6.988972745734,3.4,3.5));
#4883 = CIRCLE('',#4884,1.1);
#4884 = AXIS2_PLACEMENT_3D('',#4885,#4886,#4887);
#4885 = CARTESIAN_POINT('',(5.888972745734,3.4,3.5));
#4886 = DIRECTION('',(0.,0.,-1.));
#4887 = DIRECTION('',(1.,0.,0.));
#4888 = FACE_BOUND('',#4889,.T.);
#4889 = EDGE_LOOP('',(#4890,#4891,#4892,#4893));
#4890 = ORIENTED_EDGE('',*,*,#4705,.F.);
#4891 = ORIENTED_EDGE('',*,*,#4780,.T.);
#4892 = ORIENTED_EDGE('',*,*,#4762,.T.);
#4893 = ORIENTED_EDGE('',*,*,#4737,.T.);
#4894 = PLANE('',#4895);
#4895 = AXIS2_PLACEMENT_3D('',#4896,#4897,#4898);
#4896 = CARTESIAN_POINT('',(-3.E-16,2.4E-16,3.5));
#4897 = DIRECTION('',(0.,0.,1.));
#4898 = DIRECTION('',(1.,0.,0.));
#4899 = ADVANCED_FACE('',(#4900,#4903),#4914,.F.);
#4900 = FACE_BOUND('',#4901,.F.);
#4901 = EDGE_LOOP('',(#4902));
#4902 = ORIENTED_EDGE('',*,*,#4330,.F.);
#4903 = FACE_BOUND('',#4904,.F.);
#4904 = EDGE_LOOP('',(#4905));
#4905 = ORIENTED_EDGE('',*,*,#4906,.T.);
#4906 = EDGE_CURVE('',#4907,#4907,#4909,.T.);
#4907 = VERTEX_POINT('',#4908);
#4908 = CARTESIAN_POINT('',(1.1,-6.8,1.5));
#4909 = CIRCLE('',#4910,1.1);
#4910 = AXIS2_PLACEMENT_3D('',#4911,#4912,#4913);
#4911 = CARTESIAN_POINT('',(0.,-6.8,1.5));
#4912 = DIRECTION('',(0.,0.,-1.));
#4913 = DIRECTION('',(1.,0.,0.));
#4914 = PLANE('',#4915);
#4915 = AXIS2_PLACEMENT_3D('',#4916,#4917,#4918);
#4916 = CARTESIAN_POINT('',(-4.13586E-12,2.0663E-12,1.5));
#4917 = DIRECTION('',(0.,0.,1.));
#4918 = DIRECTION('',(1.,0.,0.));
#4919 = ADVANCED_FACE('',(#4920,#4923),#4934,.F.);
#4920 = FACE_BOUND('',#4921,.F.);
#4921 = EDGE_LOOP('',(#4922));
#4922 = ORIENTED_EDGE('',*,*,#4555,.F.);
#4923 = FACE_BOUND('',#4924,.F.);
#4924 = EDGE_LOOP('',(#4925));
#4925 = ORIENTED_EDGE('',*,*,#4926,.T.);
#4926 = EDGE_CURVE('',#4927,#4927,#4929,.T.);
#4927 = VERTEX_POINT('',#4928);
#4928 = CARTESIAN_POINT('',(-4.788972745747,3.4,1.5));
#4929 = CIRCLE('',#4930,1.1);
#4930 = AXIS2_PLACEMENT_3D('',#4931,#4932,#4933);
#4931 = CARTESIAN_POINT('',(-5.888972745747,3.4,1.5));
#4932 = DIRECTION('',(0.,0.,-1.));
#4933 = DIRECTION('',(1.,0.,0.));
#4934 = PLANE('',#4935);
#4935 = AXIS2_PLACEMENT_3D('',#4936,#4937,#4938);
#4936 = CARTESIAN_POINT('',(-4.13586E-12,2.0663E-12,1.5));
#4937 = DIRECTION('',(0.,0.,1.));
#4938 = DIRECTION('',(1.,0.,0.));
#4939 = ADVANCED_FACE('',(#4940,#4943),#4954,.F.);
#4940 = FACE_BOUND('',#4941,.F.);
#4941 = EDGE_LOOP('',(#4942));
#4942 = ORIENTED_EDGE('',*,*,#4680,.F.);
#4943 = FACE_BOUND('',#4944,.F.);
#4944 = EDGE_LOOP('',(#4945));
#4945 = ORIENTED_EDGE('',*,*,#4946,.T.);
#4946 = EDGE_CURVE('',#4947,#4947,#4949,.T.);
#4947 = VERTEX_POINT('',#4948);
#4948 = CARTESIAN_POINT('',(6.988972745734,3.4,1.5));
#4949 = CIRCLE('',#4950,1.1);
#4950 = AXIS2_PLACEMENT_3D('',#4951,#4952,#4953);
#4951 = CARTESIAN_POINT('',(5.888972745734,3.4,1.5));
#4952 = DIRECTION('',(0.,0.,-1.));
#4953 = DIRECTION('',(1.,0.,0.));
#4954 = PLANE('',#4955);
#4955 = AXIS2_PLACEMENT_3D('',#4956,#4957,#4958);
#4956 = CARTESIAN_POINT('',(-4.13586E-12,2.0663E-12,1.5));
#4957 = DIRECTION('',(0.,0.,1.));
#4958 = DIRECTION('',(1.,0.,0.));
#4959 = ADVANCED_FACE('',(#4960),#4971,.F.);
#4960 = FACE_BOUND('',#4961,.F.);
#4961 = EDGE_LOOP('',(#4962,#4968,#4969,#4970));
#4962 = ORIENTED_EDGE('',*,*,#4963,.T.);
#4963 = EDGE_CURVE('',#4801,#4818,#4964,.T.);
#4964 = LINE('',#4965,#4966);
#4965 = CARTESIAN_POINT('',(9.,0.,11.));
#4966 = VECTOR('',#4967,1.);
#4967 = DIRECTION('',(-0.,-0.,-1.));
#4968 = ORIENTED_EDGE('',*,*,#4817,.T.);
#4969 = ORIENTED_EDGE('',*,*,#4963,.F.);
#4970 = ORIENTED_EDGE('',*,*,#4800,.F.);
#4971 = CYLINDRICAL_SURFACE('',#4972,9.);
#4972 = AXIS2_PLACEMENT_3D('',#4973,#4974,#4975);
#4973 = CARTESIAN_POINT('',(0.,0.,11.));
#4974 = DIRECTION('',(0.,0.,1.));
#4975 = DIRECTION('',(1.,0.,0.));
#4976 = ADVANCED_FACE('',(#4977),#4988,.F.);
#4977 = FACE_BOUND('',#4978,.F.);
#4978 = EDGE_LOOP('',(#4979,#4985,#4986,#4987));
#4979 = ORIENTED_EDGE('',*,*,#4980,.T.);
#4980 = EDGE_CURVE('',#4907,#4841,#4981,.T.);
#4981 = LINE('',#4982,#4983);
#4982 = CARTESIAN_POINT('',(1.1,-6.8,1.5));
#4983 = VECTOR('',#4984,1.);
#4984 = DIRECTION('',(0.,0.,1.));
#4985 = ORIENTED_EDGE('',*,*,#4840,.T.);
#4986 = ORIENTED_EDGE('',*,*,#4980,.F.);
#4987 = ORIENTED_EDGE('',*,*,#4906,.F.);
#4988 = CYLINDRICAL_SURFACE('',#4989,1.1);
#4989 = AXIS2_PLACEMENT_3D('',#4990,#4991,#4992);
#4990 = CARTESIAN_POINT('',(0.,-6.8,1.5));
#4991 = DIRECTION('',(0.,0.,-1.));
#4992 = DIRECTION('',(1.,0.,0.));
#4993 = ADVANCED_FACE('',(#4994),#5005,.F.);
#4994 = FACE_BOUND('',#4995,.F.);
#4995 = EDGE_LOOP('',(#4996,#5002,#5003,#5004));
#4996 = ORIENTED_EDGE('',*,*,#4997,.T.);
#4997 = EDGE_CURVE('',#4927,#4864,#4998,.T.);
#4998 = LINE('',#4999,#5000);
#4999 = CARTESIAN_POINT('',(-4.788972745747,3.4,1.5));
#5000 = VECTOR('',#5001,1.);
#5001 = DIRECTION('',(0.,0.,1.));
#5002 = ORIENTED_EDGE('',*,*,#4863,.T.);
#5003 = ORIENTED_EDGE('',*,*,#4997,.F.);
#5004 = ORIENTED_EDGE('',*,*,#4926,.F.);
#5005 = CYLINDRICAL_SURFACE('',#5006,1.1);
#5006 = AXIS2_PLACEMENT_3D('',#5007,#5008,#5009);
#5007 = CARTESIAN_POINT('',(-5.888972745747,3.4,1.5));
#5008 = DIRECTION('',(0.,0.,-1.));
#5009 = DIRECTION('',(1.,0.,0.));
#5010 = ADVANCED_FACE('',(#5011),#5022,.F.);
#5011 = FACE_BOUND('',#5012,.F.);
#5012 = EDGE_LOOP('',(#5013,#5019,#5020,#5021));
#5013 = ORIENTED_EDGE('',*,*,#5014,.T.);
#5014 = EDGE_CURVE('',#4947,#4881,#5015,.T.);
#5015 = LINE('',#5016,#5017);
#5016 = CARTESIAN_POINT('',(6.988972745734,3.4,1.5));
#5017 = VECTOR('',#5018,1.);
#5018 = DIRECTION('',(0.,0.,1.));
#5019 = ORIENTED_EDGE('',*,*,#4880,.T.);
#5020 = ORIENTED_EDGE('',*,*,#5014,.F.);
#5021 = ORIENTED_EDGE('',*,*,#4946,.F.);
#5022 = CYLINDRICAL_SURFACE('',#5023,1.1);
#5023 = AXIS2_PLACEMENT_3D('',#5024,#5025,#5026);
#5024 = CARTESIAN_POINT('',(5.888972745734,3.4,1.5));
#5025 = DIRECTION('',(0.,0.,-1.));
#5026 = DIRECTION('',(1.,0.,0.));
#5027 = ( GEOMETRIC_REPRESENTATION_CONTEXT(3) 
GLOBAL_UNCERTAINTY_ASSIGNED_CONTEXT((#5031)) 
GLOBAL_UNIT_ASSIGNED_CONTEXT((#5028,#5029,#5030)) REPRESENTATION_CONTEXT
('Context #1','3D Context with UNIT and UNCERTAINTY') );
#5028 = ( LENGTH_UNIT() NAMED_UNIT(*) SI_UNIT(.MILLI.,.METRE.) );
#5029 = ( NAMED_UNIT(*) PLANE_ANGLE_UNIT() SI_UNIT($,.RADIAN.) );
#5030 = ( NAMED_UNIT(*) SI_UNIT($,.STERADIAN.) SOLID_ANGLE_UNIT() );
#5031 = UNCERTAINTY_MEASURE_WITH_UNIT(LENGTH_MEASURE(1.E-07),#5028,
  'distance_accuracy_value','confusion accuracy');
#5032 = CONTEXT_DEPENDENT_SHAPE_REPRESENTATION(#5033,#5035);
#5033 = ( REPRESENTATION_RELATIONSHIP('','',#3741,#10) 
REPRESENTATION_RELATIONSHIP_WITH_TRANSFORMATION(#5034) 
SHAPE_REPRESENTATION_RELATIONSHIP() );
#5034 = ITEM_DEFINED_TRANSFORMATION('','',#11,#35);
#5035 = PRODUCT_DEFINITION_SHAPE('Placement','Placement of an item',
  #5036);
#5036 = NEXT_ASSEMBLY_USAGE_OCCURRENCE('6','EndCap_Bottom','',#5,#3736,$
  );
#5037 = PRODUCT_RELATED_PRODUCT_CATEGORY('part',$,(#3738));
#5038 = SHAPE_DEFINITION_REPRESENTATION(#5039,#5045);
#5039 = PRODUCT_DEFINITION_SHAPE('','',#5040);
#5040 = PRODUCT_DEFINITION('design','',#5041,#5044);
#5041 = PRODUCT_DEFINITION_FORMATION('','',#5042);
#5042 = PRODUCT('Mesh_Bottom','Mesh_Bottom','',(#5043));
#5043 = PRODUCT_CONTEXT('',#2,'mechanical');
#5044 = PRODUCT_DEFINITION_CONTEXT('part definition',#2,'design');
#5045 = ADVANCED_BREP_SHAPE_REPRESENTATION('',(#11,#5046),#5216);
#5046 = MANIFOLD_SOLID_BREP('',#5047);
#5047 = CLOSED_SHELL('',(#5048,#5081,#5114,#5147,#5180,#5198));
#5048 = ADVANCED_FACE('',(#5049),#5076,.T.);
#5049 = FACE_BOUND('',#5050,.F.);
#5050 = EDGE_LOOP('',(#5051,#5061,#5068,#5069));
#5051 = ORIENTED_EDGE('',*,*,#5052,.T.);
#5052 = EDGE_CURVE('',#5053,#5055,#5057,.T.);
#5053 = VERTEX_POINT('',#5054);
#5054 = CARTESIAN_POINT('',(9.,0.,-39.09999));
#5055 = VERTEX_POINT('',#5056);
#5056 = CARTESIAN_POINT('',(9.,0.,-38.99999));
#5057 = LINE('',#5058,#5059);
#5058 = CARTESIAN_POINT('',(9.,-0.,-39.09999));
#5059 = VECTOR('',#5060,1.);
#5060 = DIRECTION('',(0.,0.,1.));
#5061 = ORIENTED_EDGE('',*,*,#5062,.T.);
#5062 = EDGE_CURVE('',#5055,#5055,#5063,.T.);
#5063 = CIRCLE('',#5064,9.);
#5064 = AXIS2_PLACEMENT_3D('',#5065,#5066,#5067);
#5065 = CARTESIAN_POINT('',(0.,0.,-38.99999));
#5066 = DIRECTION('',(0.,0.,1.));
#5067 = DIRECTION('',(1.,0.,0.));
#5068 = ORIENTED_EDGE('',*,*,#5052,.F.);
#5069 = ORIENTED_EDGE('',*,*,#5070,.F.);
#5070 = EDGE_CURVE('',#5053,#5053,#5071,.T.);
#5071 = CIRCLE('',#5072,9.);
#5072 = AXIS2_PLACEMENT_3D('',#5073,#5074,#5075);
#5073 = CARTESIAN_POINT('',(0.,0.,-39.09999));
#5074 = DIRECTION('',(0.,0.,1.));
#5075 = DIRECTION('',(1.,0.,0.));
#5076 = CYLINDRICAL_SURFACE('',#5077,9.);
#5077 = AXIS2_PLACEMENT_3D('',#5078,#5079,#5080);
#5078 = CARTESIAN_POINT('',(0.,-0.,-39.09999));
#5079 = DIRECTION('',(-0.,-0.,-1.));
#5080 = DIRECTION('',(1.,0.,0.));
#5081 = ADVANCED_FACE('',(#5082),#5109,.F.);
#5082 = FACE_BOUND('',#5083,.F.);
#5083 = EDGE_LOOP('',(#5084,#5094,#5101,#5102));
#5084 = ORIENTED_EDGE('',*,*,#5085,.T.);
#5085 = EDGE_CURVE('',#5086,#5088,#5090,.T.);
#5086 = VERTEX_POINT('',#5087);
#5087 = CARTESIAN_POINT('',(1.1,-6.8,-39.09999));
#5088 = VERTEX_POINT('',#5089);
#5089 = CARTESIAN_POINT('',(1.1,-6.8,-38.99999));
#5090 = LINE('',#5091,#5092);
#5091 = CARTESIAN_POINT('',(1.1,-6.8,-39.09999));
#5092 = VECTOR('',#5093,1.);
#5093 = DIRECTION('',(0.,0.,1.));
#5094 = ORIENTED_EDGE('',*,*,#5095,.T.);
#5095 = EDGE_CURVE('',#5088,#5088,#5096,.T.);
#5096 = CIRCLE('',#5097,1.1);
#5097 = AXIS2_PLACEMENT_3D('',#5098,#5099,#5100);
#5098 = CARTESIAN_POINT('',(0.,-6.8,-38.99999));
#5099 = DIRECTION('',(0.,0.,-1.));
#5100 = DIRECTION('',(1.,0.,0.));
#5101 = ORIENTED_EDGE('',*,*,#5085,.F.);
#5102 = ORIENTED_EDGE('',*,*,#5103,.F.);
#5103 = EDGE_CURVE('',#5086,#5086,#5104,.T.);
#5104 = CIRCLE('',#5105,1.1);
#5105 = AXIS2_PLACEMENT_3D('',#5106,#5107,#5108);
#5106 = CARTESIAN_POINT('',(0.,-6.8,-39.09999));
#5107 = DIRECTION('',(0.,0.,-1.));
#5108 = DIRECTION('',(1.,0.,0.));
#5109 = CYLINDRICAL_SURFACE('',#5110,1.1);
#5110 = AXIS2_PLACEMENT_3D('',#5111,#5112,#5113);
#5111 = CARTESIAN_POINT('',(0.,-6.8,-39.09999));
#5112 = DIRECTION('',(0.,0.,-1.));
#5113 = DIRECTION('',(1.,0.,0.));
#5114 = ADVANCED_FACE('',(#5115),#5142,.F.);
#5115 = FACE_BOUND('',#5116,.F.);
#5116 = EDGE_LOOP('',(#5117,#5127,#5134,#5135));
#5117 = ORIENTED_EDGE('',*,*,#5118,.T.);
#5118 = EDGE_CURVE('',#5119,#5121,#5123,.T.);
#5119 = VERTEX_POINT('',#5120);
#5120 = CARTESIAN_POINT('',(6.988972745734,3.4,-39.09999));
#5121 = VERTEX_POINT('',#5122);
#5122 = CARTESIAN_POINT('',(6.988972745734,3.4,-38.99999));
#5123 = LINE('',#5124,#5125);
#5124 = CARTESIAN_POINT('',(6.988972745734,3.4,-39.09999));
#5125 = VECTOR('',#5126,1.);
#5126 = DIRECTION('',(0.,0.,1.));
#5127 = ORIENTED_EDGE('',*,*,#5128,.T.);
#5128 = EDGE_CURVE('',#5121,#5121,#5129,.T.);
#5129 = CIRCLE('',#5130,1.1);
#5130 = AXIS2_PLACEMENT_3D('',#5131,#5132,#5133);
#5131 = CARTESIAN_POINT('',(5.888972745734,3.4,-38.99999));
#5132 = DIRECTION('',(0.,0.,-1.));
#5133 = DIRECTION('',(1.,0.,0.));
#5134 = ORIENTED_EDGE('',*,*,#5118,.F.);
#5135 = ORIENTED_EDGE('',*,*,#5136,.F.);
#5136 = EDGE_CURVE('',#5119,#5119,#5137,.T.);
#5137 = CIRCLE('',#5138,1.1);
#5138 = AXIS2_PLACEMENT_3D('',#5139,#5140,#5141);
#5139 = CARTESIAN_POINT('',(5.888972745734,3.4,-39.09999));
#5140 = DIRECTION('',(0.,0.,-1.));
#5141 = DIRECTION('',(1.,0.,0.));
#5142 = CYLINDRICAL_SURFACE('',#5143,1.1);
#5143 = AXIS2_PLACEMENT_3D('',#5144,#5145,#5146);
#5144 = CARTESIAN_POINT('',(5.888972745734,3.4,-39.09999));
#5145 = DIRECTION('',(0.,0.,-1.));
#5146 = DIRECTION('',(1.,0.,0.));
#5147 = ADVANCED_FACE('',(#5148),#5175,.F.);
#5148 = FACE_BOUND('',#5149,.F.);
#5149 = EDGE_LOOP('',(#5150,#5160,#5167,#5168));
#5150 = ORIENTED_EDGE('',*,*,#5151,.T.);
#5151 = EDGE_CURVE('',#5152,#5154,#5156,.T.);
#5152 = VERTEX_POINT('',#5153);
#5153 = CARTESIAN_POINT('',(-4.788972745747,3.4,-39.09999));
#5154 = VERTEX_POINT('',#5155);
#5155 = CARTESIAN_POINT('',(-4.788972745747,3.4,-38.99999));
#5156 = LINE('',#5157,#5158);
#5157 = CARTESIAN_POINT('',(-4.788972745747,3.4,-39.09999));
#5158 = VECTOR('',#5159,1.);
#5159 = DIRECTION('',(0.,0.,1.));
#5160 = ORIENTED_EDGE('',*,*,#5161,.T.);
#5161 = EDGE_CURVE('',#5154,#5154,#5162,.T.);
#5162 = CIRCLE('',#5163,1.1);
#5163 = AXIS2_PLACEMENT_3D('',#5164,#5165,#5166);
#5164 = CARTESIAN_POINT('',(-5.888972745747,3.4,-38.99999));
#5165 = DIRECTION('',(0.,0.,-1.));
#5166 = DIRECTION('',(1.,0.,0.));
#5167 = ORIENTED_EDGE('',*,*,#5151,.F.);
#5168 = ORIENTED_EDGE('',*,*,#5169,.F.);
#5169 = EDGE_CURVE('',#5152,#5152,#5170,.T.);
#5170 = CIRCLE('',#5171,1.1);
#5171 = AXIS2_PLACEMENT_3D('',#5172,#5173,#5174);
#5172 = CARTESIAN_POINT('',(-5.888972745747,3.4,-39.09999));
#5173 = DIRECTION('',(0.,0.,-1.));
#5174 = DIRECTION('',(1.,0.,0.));
#5175 = CYLINDRICAL_SURFACE('',#5176,1.1);
#5176 = AXIS2_PLACEMENT_3D('',#5177,#5178,#5179);
#5177 = CARTESIAN_POINT('',(-5.888972745747,3.4,-39.09999));
#5178 = DIRECTION('',(0.,0.,-1.));
#5179 = DIRECTION('',(1.,0.,0.));
#5180 = ADVANCED_FACE('',(#5181,#5184,#5187,#5190),#5193,.F.);
#5181 = FACE_BOUND('',#5182,.F.);
#5182 = EDGE_LOOP('',(#5183));
#5183 = ORIENTED_EDGE('',*,*,#5070,.T.);
#5184 = FACE_BOUND('',#5185,.F.);
#5185 = EDGE_LOOP('',(#5186));
#5186 = ORIENTED_EDGE('',*,*,#5103,.T.);
#5187 = FACE_BOUND('',#5188,.F.);
#5188 = EDGE_LOOP('',(#5189));
#5189 = ORIENTED_EDGE('',*,*,#5136,.T.);
#5190 = FACE_BOUND('',#5191,.F.);
#5191 = EDGE_LOOP('',(#5192));
#5192 = ORIENTED_EDGE('',*,*,#5169,.T.);
#5193 = PLANE('',#5194);
#5194 = AXIS2_PLACEMENT_3D('',#5195,#5196,#5197);
#5195 = CARTESIAN_POINT('',(-1.10999E-12,-3.E-17,-39.09999));
#5196 = DIRECTION('',(0.,0.,1.));
#5197 = DIRECTION('',(1.,0.,0.));
#5198 = ADVANCED_FACE('',(#5199,#5202,#5205,#5208),#5211,.T.);
#5199 = FACE_BOUND('',#5200,.T.);
#5200 = EDGE_LOOP('',(#5201));
#5201 = ORIENTED_EDGE('',*,*,#5062,.T.);
#5202 = FACE_BOUND('',#5203,.T.);
#5203 = EDGE_LOOP('',(#5204));
#5204 = ORIENTED_EDGE('',*,*,#5095,.T.);
#5205 = FACE_BOUND('',#5206,.T.);
#5206 = EDGE_LOOP('',(#5207));
#5207 = ORIENTED_EDGE('',*,*,#5128,.T.);
#5208 = FACE_BOUND('',#5209,.T.);
#5209 = EDGE_LOOP('',(#5210));
#5210 = ORIENTED_EDGE('',*,*,#5161,.T.);
#5211 = PLANE('',#5212);
#5212 = AXIS2_PLACEMENT_3D('',#5213,#5214,#5215);
#5213 = CARTESIAN_POINT('',(-1.10999E-12,-3.E-17,-38.99999));
#5214 = DIRECTION('',(0.,0.,1.));
#5215 = DIRECTION('',(1.,0.,0.));
#5216 = ( GEOMETRIC_REPRESENTATION_CONTEXT(3) 
GLOBAL_UNCERTAINTY_ASSIGNED_CONTEXT((#5220)) 
GLOBAL_UNIT_ASSIGNED_CONTEXT((#5217,#5218,#5219)) REPRESENTATION_CONTEXT
('Context #1','3D Context with UNIT and UNCERTAINTY') );
#5217 = ( LENGTH_UNIT() NAMED_UNIT(*) SI_UNIT(.MILLI.,.METRE.) );
#5218 = ( NAMED_UNIT(*) PLANE_ANGLE_UNIT() SI_UNIT($,.RADIAN.) );
#5219 = ( NAMED_UNIT(*) SI_UNIT($,.STERADIAN.) SOLID_ANGLE_UNIT() );
#5220 = UNCERTAINTY_MEASURE_WITH_UNIT(LENGTH_MEASURE(1.E-07),#5217,
  'distance_accuracy_value','confusion accuracy');
#5221 = CONTEXT_DEPENDENT_SHAPE_REPRESENTATION(#5222,#5224);
#5222 = ( REPRESENTATION_RELATIONSHIP('','',#5045,#10) 
REPRESENTATION_RELATIONSHIP_WITH_TRANSFORMATION(#5223) 
SHAPE_REPRESENTATION_RELATIONSHIP() );
#5223 = ITEM_DEFINED_TRANSFORMATION('','',#11,#39);
#5224 = PRODUCT_DEFINITION_SHAPE('Placement','Placement of an item',
  #5225);
#5225 = NEXT_ASSEMBLY_USAGE_OCCURRENCE('7','Mesh_Bottom','',#5,#5040,$);
#5226 = PRODUCT_RELATED_PRODUCT_CATEGORY('part',$,(#5042));
#5227 = SHAPE_DEFINITION_REPRESENTATION(#5228,#5234);
#5228 = PRODUCT_DEFINITION_SHAPE('','',#5229);
#5229 = PRODUCT_DEFINITION('design','',#5230,#5233);
#5230 = PRODUCT_DEFINITION_FORMATION('','',#5231);
#5231 = PRODUCT('RubberRing_Bottom','RubberRing_Bottom','',(#5232));
#5232 = PRODUCT_CONTEXT('',#2,'mechanical');
#5233 = PRODUCT_DEFINITION_CONTEXT('part definition',#2,'design');
#5234 = ADVANCED_BREP_SHAPE_REPRESENTATION('',(#11,#5235),#5431);
#5235 = MANIFOLD_SOLID_BREP('',#5236);
#5236 = CLOSED_SHELL('',(#5237,#5270,#5296,#5322,#5342,#5362,#5388,#5414
    ));
#5237 = ADVANCED_FACE('',(#5238),#5265,.F.);
#5238 = FACE_BOUND('',#5239,.T.);
#5239 = EDGE_LOOP('',(#5240,#5250,#5257,#5258));
#5240 = ORIENTED_EDGE('',*,*,#5241,.T.);
#5241 = EDGE_CURVE('',#5242,#5244,#5246,.T.);
#5242 = VERTEX_POINT('',#5243);
#5243 = CARTESIAN_POINT('',(10.,0.,0.35));
#5244 = VERTEX_POINT('',#5245);
#5245 = CARTESIAN_POINT('',(10.,0.,0.4));
#5246 = LINE('',#5247,#5248);
#5247 = CARTESIAN_POINT('',(10.,0.,0.));
#5248 = VECTOR('',#5249,1.);
#5249 = DIRECTION('',(0.,0.,1.));
#5250 = ORIENTED_EDGE('',*,*,#5251,.T.);
#5251 = EDGE_CURVE('',#5244,#5244,#5252,.T.);
#5252 = CIRCLE('',#5253,10.);
#5253 = AXIS2_PLACEMENT_3D('',#5254,#5255,#5256);
#5254 = CARTESIAN_POINT('',(0.,0.,0.4));
#5255 = DIRECTION('',(0.,0.,1.));
#5256 = DIRECTION('',(1.,0.,0.));
#5257 = ORIENTED_EDGE('',*,*,#5241,.F.);
#5258 = ORIENTED_EDGE('',*,*,#5259,.F.);
#5259 = EDGE_CURVE('',#5242,#5242,#5260,.T.);
#5260 = CIRCLE('',#5261,10.);
#5261 = AXIS2_PLACEMENT_3D('',#5262,#5263,#5264);
#5262 = CARTESIAN_POINT('',(0.,0.,0.35));
#5263 = DIRECTION('',(0.,0.,1.));
#5264 = DIRECTION('',(1.,0.,-0.));
#5265 = CYLINDRICAL_SURFACE('',#5266,10.);
#5266 = AXIS2_PLACEMENT_3D('',#5267,#5268,#5269);
#5267 = CARTESIAN_POINT('',(0.,0.,0.));
#5268 = DIRECTION('',(-0.,-0.,-1.));
#5269 = DIRECTION('',(1.,0.,0.));
#5270 = ADVANCED_FACE('',(#5271),#5291,.T.);
#5271 = FACE_BOUND('',#5272,.T.);
#5272 = EDGE_LOOP('',(#5273,#5282,#5283,#5284));
#5273 = ORIENTED_EDGE('',*,*,#5274,.F.);
#5274 = EDGE_CURVE('',#5242,#5275,#5277,.T.);
#5275 = VERTEX_POINT('',#5276);
#5276 = CARTESIAN_POINT('',(10.35,0.,0.));
#5277 = CIRCLE('',#5278,0.35);
#5278 = AXIS2_PLACEMENT_3D('',#5279,#5280,#5281);
#5279 = CARTESIAN_POINT('',(10.35,0.,0.35));
#5280 = DIRECTION('',(0.,-1.,0.));
#5281 = DIRECTION('',(1.,0.,0.));
#5282 = ORIENTED_EDGE('',*,*,#5259,.T.);
#5283 = ORIENTED_EDGE('',*,*,#5274,.T.);
#5284 = ORIENTED_EDGE('',*,*,#5285,.F.);
#5285 = EDGE_CURVE('',#5275,#5275,#5286,.T.);
#5286 = CIRCLE('',#5287,10.35);
#5287 = AXIS2_PLACEMENT_3D('',#5288,#5289,#5290);
#5288 = CARTESIAN_POINT('',(0.,0.,0.));
#5289 = DIRECTION('',(0.,0.,1.));
#5290 = DIRECTION('',(1.,0.,-0.));
#5291 = TOROIDAL_SURFACE('',#5292,10.35,0.35);
#5292 = AXIS2_PLACEMENT_3D('',#5293,#5294,#5295);
#5293 = CARTESIAN_POINT('',(0.,0.,0.35));
#5294 = DIRECTION('',(0.,0.,1.));
#5295 = DIRECTION('',(1.,0.,-0.));
#5296 = ADVANCED_FACE('',(#5297),#5317,.T.);
#5297 = FACE_BOUND('',#5298,.T.);
#5298 = EDGE_LOOP('',(#5299,#5308,#5315,#5316));
#5299 = ORIENTED_EDGE('',*,*,#5300,.F.);
#5300 = EDGE_CURVE('',#5301,#5244,#5303,.T.);
#5301 = VERTEX_POINT('',#5302);
#5302 = CARTESIAN_POINT('',(10.35,0.,0.75));
#5303 = CIRCLE('',#5304,0.35);
#5304 = AXIS2_PLACEMENT_3D('',#5305,#5306,#5307);
#5305 = CARTESIAN_POINT('',(10.35,0.,0.4));
#5306 = DIRECTION('',(0.,-1.,0.));
#5307 = DIRECTION('',(1.,0.,0.));
#5308 = ORIENTED_EDGE('',*,*,#5309,.T.);
#5309 = EDGE_CURVE('',#5301,#5301,#5310,.T.);
#5310 = CIRCLE('',#5311,10.35);
#5311 = AXIS2_PLACEMENT_3D('',#5312,#5313,#5314);
#5312 = CARTESIAN_POINT('',(0.,0.,0.75));
#5313 = DIRECTION('',(0.,0.,1.));
#5314 = DIRECTION('',(1.,0.,0.));
#5315 = ORIENTED_EDGE('',*,*,#5300,.T.);
#5316 = ORIENTED_EDGE('',*,*,#5251,.F.);
#5317 = TOROIDAL_SURFACE('',#5318,10.35,0.35);
#5318 = AXIS2_PLACEMENT_3D('',#5319,#5320,#5321);
#5319 = CARTESIAN_POINT('',(0.,0.,0.4));
#5320 = DIRECTION('',(0.,0.,1.));
#5321 = DIRECTION('',(1.,0.,0.));
#5322 = ADVANCED_FACE('',(#5323,#5326),#5337,.F.);
#5323 = FACE_BOUND('',#5324,.F.);
#5324 = EDGE_LOOP('',(#5325));
#5325 = ORIENTED_EDGE('',*,*,#5285,.F.);
#5326 = FACE_BOUND('',#5327,.F.);
#5327 = EDGE_LOOP('',(#5328));
#5328 = ORIENTED_EDGE('',*,*,#5329,.T.);
#5329 = EDGE_CURVE('',#5330,#5330,#5332,.T.);
#5330 = VERTEX_POINT('',#5331);
#5331 = CARTESIAN_POINT('',(10.65,0.,0.));
#5332 = CIRCLE('',#5333,10.65);
#5333 = AXIS2_PLACEMENT_3D('',#5334,#5335,#5336);
#5334 = CARTESIAN_POINT('',(0.,0.,0.));
#5335 = DIRECTION('',(0.,0.,1.));
#5336 = DIRECTION('',(1.,0.,0.));
#5337 = PLANE('',#5338);
#5338 = AXIS2_PLACEMENT_3D('',#5339,#5340,#5341);
#5339 = CARTESIAN_POINT('',(-6.5E-16,7.E-17,0.));
#5340 = DIRECTION('',(0.,0.,1.));
#5341 = DIRECTION('',(1.,0.,0.));
#5342 = ADVANCED_FACE('',(#5343,#5346),#5357,.T.);
#5343 = FACE_BOUND('',#5344,.T.);
#5344 = EDGE_LOOP('',(#5345));
#5345 = ORIENTED_EDGE('',*,*,#5309,.F.);
#5346 = FACE_BOUND('',#5347,.T.);
#5347 = EDGE_LOOP('',(#5348));
#5348 = ORIENTED_EDGE('',*,*,#5349,.T.);
#5349 = EDGE_CURVE('',#5350,#5350,#5352,.T.);
#5350 = VERTEX_POINT('',#5351);
#5351 = CARTESIAN_POINT('',(10.65,0.,0.75));
#5352 = CIRCLE('',#5353,10.65);
#5353 = AXIS2_PLACEMENT_3D('',#5354,#5355,#5356);
#5354 = CARTESIAN_POINT('',(0.,0.,0.75));
#5355 = DIRECTION('',(0.,0.,1.));
#5356 = DIRECTION('',(1.,0.,0.));
#5357 = PLANE('',#5358);
#5358 = AXIS2_PLACEMENT_3D('',#5359,#5360,#5361);
#5359 = CARTESIAN_POINT('',(-6.5E-16,7.E-17,0.75));
#5360 = DIRECTION('',(0.,0.,1.));
#5361 = DIRECTION('',(1.,0.,0.));
#5362 = ADVANCED_FACE('',(#5363),#5383,.T.);
#5363 = FACE_BOUND('',#5364,.F.);
#5364 = EDGE_LOOP('',(#5365,#5374,#5381,#5382));
#5365 = ORIENTED_EDGE('',*,*,#5366,.F.);
#5366 = EDGE_CURVE('',#5367,#5330,#5369,.T.);
#5367 = VERTEX_POINT('',#5368);
#5368 = CARTESIAN_POINT('',(11.,0.,0.35));
#5369 = CIRCLE('',#5370,0.35);
#5370 = AXIS2_PLACEMENT_3D('',#5371,#5372,#5373);
#5371 = CARTESIAN_POINT('',(10.65,0.,0.35));
#5372 = DIRECTION('',(-0.,1.,0.));
#5373 = DIRECTION('',(1.,0.,0.));
#5374 = ORIENTED_EDGE('',*,*,#5375,.F.);
#5375 = EDGE_CURVE('',#5367,#5367,#5376,.T.);
#5376 = CIRCLE('',#5377,11.);
#5377 = AXIS2_PLACEMENT_3D('',#5378,#5379,#5380);
#5378 = CARTESIAN_POINT('',(0.,0.,0.35));
#5379 = DIRECTION('',(0.,0.,1.));
#5380 = DIRECTION('',(1.,0.,0.));
#5381 = ORIENTED_EDGE('',*,*,#5366,.T.);
#5382 = ORIENTED_EDGE('',*,*,#5329,.T.);
#5383 = TOROIDAL_SURFACE('',#5384,10.65,0.35);
#5384 = AXIS2_PLACEMENT_3D('',#5385,#5386,#5387);
#5385 = CARTESIAN_POINT('',(0.,0.,0.35));
#5386 = DIRECTION('',(-0.,-0.,-1.));
#5387 = DIRECTION('',(1.,0.,0.));
#5388 = ADVANCED_FACE('',(#5389),#5409,.T.);
#5389 = FACE_BOUND('',#5390,.T.);
#5390 = EDGE_LOOP('',(#5391,#5400,#5407,#5408));
#5391 = ORIENTED_EDGE('',*,*,#5392,.F.);
#5392 = EDGE_CURVE('',#5393,#5350,#5395,.T.);
#5393 = VERTEX_POINT('',#5394);
#5394 = CARTESIAN_POINT('',(11.,0.,0.4));
#5395 = CIRCLE('',#5396,0.35);
#5396 = AXIS2_PLACEMENT_3D('',#5397,#5398,#5399);
#5397 = CARTESIAN_POINT('',(10.65,0.,0.4));
#5398 = DIRECTION('',(0.,-1.,0.));
#5399 = DIRECTION('',(1.,0.,0.));
#5400 = ORIENTED_EDGE('',*,*,#5401,.T.);
#5401 = EDGE_CURVE('',#5393,#5393,#5402,.T.);
#5402 = CIRCLE('',#5403,11.);
#5403 = AXIS2_PLACEMENT_3D('',#5404,#5405,#5406);
#5404 = CARTESIAN_POINT('',(0.,0.,0.4));
#5405 = DIRECTION('',(0.,0.,1.));
#5406 = DIRECTION('',(1.,0.,0.));
#5407 = ORIENTED_EDGE('',*,*,#5392,.T.);
#5408 = ORIENTED_EDGE('',*,*,#5349,.F.);
#5409 = TOROIDAL_SURFACE('',#5410,10.65,0.35);
#5410 = AXIS2_PLACEMENT_3D('',#5411,#5412,#5413);
#5411 = CARTESIAN_POINT('',(0.,0.,0.4));
#5412 = DIRECTION('',(0.,0.,1.));
#5413 = DIRECTION('',(1.,0.,0.));
#5414 = ADVANCED_FACE('',(#5415),#5426,.T.);
#5415 = FACE_BOUND('',#5416,.F.);
#5416 = EDGE_LOOP('',(#5417,#5423,#5424,#5425));
#5417 = ORIENTED_EDGE('',*,*,#5418,.T.);
#5418 = EDGE_CURVE('',#5367,#5393,#5419,.T.);
#5419 = LINE('',#5420,#5421);
#5420 = CARTESIAN_POINT('',(11.,0.,0.));
#5421 = VECTOR('',#5422,1.);
#5422 = DIRECTION('',(0.,0.,1.));
#5423 = ORIENTED_EDGE('',*,*,#5401,.T.);
#5424 = ORIENTED_EDGE('',*,*,#5418,.F.);
#5425 = ORIENTED_EDGE('',*,*,#5375,.F.);
#5426 = CYLINDRICAL_SURFACE('',#5427,11.);
#5427 = AXIS2_PLACEMENT_3D('',#5428,#5429,#5430);
#5428 = CARTESIAN_POINT('',(0.,0.,0.));
#5429 = DIRECTION('',(-0.,-0.,-1.));
#5430 = DIRECTION('',(1.,0.,0.));
#5431 = ( GEOMETRIC_REPRESENTATION_CONTEXT(3) 
GLOBAL_UNCERTAINTY_ASSIGNED_CONTEXT((#5435)) 
GLOBAL_UNIT_ASSIGNED_CONTEXT((#5432,#5433,#5434)) REPRESENTATION_CONTEXT
('Context #1','3D Context with UNIT and UNCERTAINTY') );
#5432 = ( LENGTH_UNIT() NAMED_UNIT(*) SI_UNIT(.MILLI.,.METRE.) );
#5433 = ( NAMED_UNIT(*) PLANE_ANGLE_UNIT() SI_UNIT($,.RADIAN.) );
#5434 = ( NAMED_UNIT(*) SI_UNIT($,.STERADIAN.) SOLID_ANGLE_UNIT() );
#5435 = UNCERTAINTY_MEASURE_WITH_UNIT(LENGTH_MEASURE(1.E-07),#5432,
  'distance_accuracy_value','confusion accuracy');
#5436 = CONTEXT_DEPENDENT_SHAPE_REPRESENTATION(#5437,#5439);
#5437 = ( REPRESENTATION_RELATIONSHIP('','',#5234,#10) 
REPRESENTATION_RELATIONSHIP_WITH_TRANSFORMATION(#5438) 
SHAPE_REPRESENTATION_RELATIONSHIP() );
#5438 = ITEM_DEFINED_TRANSFORMATION('','',#11,#43);
#5439 = PRODUCT_DEFINITION_SHAPE('Placement','Placement of an item',
  #5440);
#5440 = NEXT_ASSEMBLY_USAGE_OCCURRENCE('8','RubberRing_Bottom','',#5,
  #5229,$);
#5441 = PRODUCT_RELATED_PRODUCT_CATEGORY('part',$,(#5231));
#5442 = SHAPE_DEFINITION_REPRESENTATION(#5443,#5449);
#5443 = PRODUCT_DEFINITION_SHAPE('','',#5444);
#5444 = PRODUCT_DEFINITION('design','',#5445,#5448);
#5445 = PRODUCT_DEFINITION_FORMATION('','',#5446);
#5446 = PRODUCT('CableProtector','CableProtector','',(#5447));
#5447 = PRODUCT_CONTEXT('',#2,'mechanical');
#5448 = PRODUCT_DEFINITION_CONTEXT('part definition',#2,'design');
#5449 = ADVANCED_BREP_SHAPE_REPRESENTATION('',(#11,#5450),#5978);
#5450 = MANIFOLD_SOLID_BREP('',#5451);
#5451 = CLOSED_SHELL('',(#5452,#5480,#5505,#5525,#5550,#5570,#5595,#5615
    ,#5640,#5660,#5685,#5705,#5730,#5750,#5775,#5800,#5825,#5845,#5870,
    #5890,#5915,#5941,#5961));
#5452 = ADVANCED_FACE('',(#5453,#5464),#5475,.F.);
#5453 = FACE_BOUND('',#5454,.T.);
#5454 = EDGE_LOOP('',(#5455));
#5455 = ORIENTED_EDGE('',*,*,#5456,.T.);
#5456 = EDGE_CURVE('',#5457,#5457,#5459,.T.);
#5457 = VERTEX_POINT('',#5458);
#5458 = CARTESIAN_POINT('',(-5.199975530489,-9.345566753998E-02,
    140.19997090756));
#5459 = CIRCLE('',#5460,5.2);
#5460 = AXIS2_PLACEMENT_3D('',#5461,#5462,#5463);
#5461 = CARTESIAN_POINT('',(2.446951083792E-05,-9.345566753997E-02,
    140.19996999999));
#5462 = DIRECTION('',(-1.745329249194E-07,4.996003610813E-16,-1.));
#5463 = DIRECTION('',(-1.,7.84628304237E-17,1.745329249194E-07));
#5464 = FACE_BOUND('',#5465,.T.);
#5465 = EDGE_LOOP('',(#5466));
#5466 = ORIENTED_EDGE('',*,*,#5467,.F.);
#5467 = EDGE_CURVE('',#5468,#5468,#5470,.T.);
#5468 = VERTEX_POINT('',#5469);
#5469 = CARTESIAN_POINT('',(-3.199975530489,-9.345566753996E-02,
    140.1999705585));
#5470 = CIRCLE('',#5471,3.2);
#5471 = AXIS2_PLACEMENT_3D('',#5472,#5473,#5474);
#5472 = CARTESIAN_POINT('',(2.446951083792E-05,-9.345566753997E-02,
    140.19996999999));
#5473 = DIRECTION('',(-1.745329249194E-07,4.996003610813E-16,-1.));
#5474 = DIRECTION('',(-1.,1.275021286869E-16,1.745329249194E-07));
#5475 = PLANE('',#5476);
#5476 = AXIS2_PLACEMENT_3D('',#5477,#5478,#5479);
#5477 = CARTESIAN_POINT('',(2.446951083792E-05,-9.345566753997E-02,
    140.19996999999));
#5478 = DIRECTION('',(1.745329249194E-07,-4.996003610813E-16,1.));
#5479 = DIRECTION('',(1.,-7.84628304237E-17,-1.745329249194E-07));
#5480 = ADVANCED_FACE('',(#5481),#5500,.T.);
#5481 = FACE_BOUND('',#5482,.F.);
#5482 = EDGE_LOOP('',(#5483,#5492,#5498,#5499));
#5483 = ORIENTED_EDGE('',*,*,#5484,.T.);
#5484 = EDGE_CURVE('',#5485,#5485,#5487,.T.);
#5485 = VERTEX_POINT('',#5486);
#5486 = CARTESIAN_POINT('',(-3.199975966821,-9.345566753998E-02,
    137.6999705585));
#5487 = CIRCLE('',#5488,3.2);
#5488 = AXIS2_PLACEMENT_3D('',#5489,#5490,#5491);
#5489 = CARTESIAN_POINT('',(2.403317852562E-05,-9.345566753996E-02,
    137.69996999999));
#5490 = DIRECTION('',(-1.745329249194E-07,4.996003610813E-16,-1.));
#5491 = DIRECTION('',(-1.,1.708702155863E-16,1.745329249194E-07));
#5492 = ORIENTED_EDGE('',*,*,#5493,.T.);
#5493 = EDGE_CURVE('',#5485,#5468,#5494,.T.);
#5494 = LINE('',#5495,#5496);
#5495 = CARTESIAN_POINT('',(-3.199975966821,-9.345566753996E-02,
    137.6999705585));
#5496 = VECTOR('',#5497,1.);
#5497 = DIRECTION('',(1.745329249194E-07,-5.551115123126E-16,1.));
#5498 = ORIENTED_EDGE('',*,*,#5467,.F.);
#5499 = ORIENTED_EDGE('',*,*,#5493,.F.);
#5500 = CYLINDRICAL_SURFACE('',#5501,3.2);
#5501 = AXIS2_PLACEMENT_3D('',#5502,#5503,#5504);
#5502 = CARTESIAN_POINT('',(2.403317852562E-05,-9.345566753996E-02,
    137.69996999999));
#5503 = DIRECTION('',(1.745329249194E-07,-4.996003610813E-16,1.));
#5504 = DIRECTION('',(-1.,1.708702155863E-16,1.745329249194E-07));
#5505 = ADVANCED_FACE('',(#5506,#5509),#5520,.F.);
#5506 = FACE_BOUND('',#5507,.T.);
#5507 = EDGE_LOOP('',(#5508));
#5508 = ORIENTED_EDGE('',*,*,#5484,.T.);
#5509 = FACE_BOUND('',#5510,.T.);
#5510 = EDGE_LOOP('',(#5511));
#5511 = ORIENTED_EDGE('',*,*,#5512,.F.);
#5512 = EDGE_CURVE('',#5513,#5513,#5515,.T.);
#5513 = VERTEX_POINT('',#5514);
#5514 = CARTESIAN_POINT('',(-3.999975966821,-9.345566753998E-02,
    137.69997069812));
#5515 = CIRCLE('',#5516,4.);
#5516 = AXIS2_PLACEMENT_3D('',#5517,#5518,#5519);
#5517 = CARTESIAN_POINT('',(2.403317852562E-05,-9.345566753996E-02,
    137.69996999999));
#5518 = DIRECTION('',(-1.745329249194E-07,4.996003610813E-16,-1.));
#5519 = DIRECTION('',(-1.,1.366961631096E-16,1.745329249194E-07));
#5520 = PLANE('',#5521);
#5521 = AXIS2_PLACEMENT_3D('',#5522,#5523,#5524);
#5522 = CARTESIAN_POINT('',(2.403317852562E-05,-9.345566753996E-02,
    137.69996999999));
#5523 = DIRECTION('',(-1.745329249194E-07,4.996003610813E-16,-1.));
#5524 = DIRECTION('',(-1.,1.708702155863E-16,1.745329249194E-07));
#5525 = ADVANCED_FACE('',(#5526),#5545,.T.);
#5526 = FACE_BOUND('',#5527,.T.);
#5527 = EDGE_LOOP('',(#5528,#5529,#5537,#5544));
#5528 = ORIENTED_EDGE('',*,*,#5512,.T.);
#5529 = ORIENTED_EDGE('',*,*,#5530,.T.);
#5530 = EDGE_CURVE('',#5513,#5531,#5533,.T.);
#5531 = VERTEX_POINT('',#5532);
#5532 = CARTESIAN_POINT('',(-3.99997627749,-9.345566753998E-02,
    135.91997069812));
#5533 = LINE('',#5534,#5535);
#5534 = CARTESIAN_POINT('',(-3.999975966821,-9.345566753996E-02,
    137.69997069812));
#5535 = VECTOR('',#5536,1.);
#5536 = DIRECTION('',(-1.745329249194E-07,5.551115123126E-16,-1.));
#5537 = ORIENTED_EDGE('',*,*,#5538,.F.);
#5538 = EDGE_CURVE('',#5531,#5531,#5539,.T.);
#5539 = CIRCLE('',#5540,4.);
#5540 = AXIS2_PLACEMENT_3D('',#5541,#5542,#5543);
#5541 = CARTESIAN_POINT('',(2.372250991926E-05,-9.345566753996E-02,
    135.91996999999));
#5542 = DIRECTION('',(-1.745329249194E-07,4.996003610813E-16,-1.));
#5543 = DIRECTION('',(-1.,1.613986254075E-16,1.745329249194E-07));
#5544 = ORIENTED_EDGE('',*,*,#5530,.F.);
#5545 = CYLINDRICAL_SURFACE('',#5546,4.);
#5546 = AXIS2_PLACEMENT_3D('',#5547,#5548,#5549);
#5547 = CARTESIAN_POINT('',(2.403317852562E-05,-9.345566753996E-02,
    137.69996999999));
#5548 = DIRECTION('',(-1.745329249194E-07,4.996003610813E-16,-1.));
#5549 = DIRECTION('',(-1.,1.366961631096E-16,1.745329249194E-07));
#5550 = ADVANCED_FACE('',(#5551,#5554),#5565,.F.);
#5551 = FACE_BOUND('',#5552,.T.);
#5552 = EDGE_LOOP('',(#5553));
#5553 = ORIENTED_EDGE('',*,*,#5538,.T.);
#5554 = FACE_BOUND('',#5555,.T.);
#5555 = EDGE_LOOP('',(#5556));
#5556 = ORIENTED_EDGE('',*,*,#5557,.F.);
#5557 = EDGE_CURVE('',#5558,#5558,#5560,.T.);
#5558 = VERTEX_POINT('',#5559);
#5559 = CARTESIAN_POINT('',(-1.99997627749,-9.345566753998E-02,
    135.91997034906));
#5560 = CIRCLE('',#5561,2.);
#5561 = AXIS2_PLACEMENT_3D('',#5562,#5563,#5564);
#5562 = CARTESIAN_POINT('',(2.372250991926E-05,-9.345566753996E-02,
    135.91996999999));
#5563 = DIRECTION('',(-1.745329249194E-07,4.996003610813E-16,-1.));
#5564 = DIRECTION('',(-1.,3.227972976124E-16,1.745329249194E-07));
#5565 = PLANE('',#5566);
#5566 = AXIS2_PLACEMENT_3D('',#5567,#5568,#5569);
#5567 = CARTESIAN_POINT('',(2.372250991926E-05,-9.345566753996E-02,
    135.91996999999));
#5568 = DIRECTION('',(1.745329249194E-07,-4.996003610813E-16,1.));
#5569 = DIRECTION('',(1.,-1.613986254075E-16,-1.745329249194E-07));
#5570 = ADVANCED_FACE('',(#5571),#5590,.F.);
#5571 = FACE_BOUND('',#5572,.T.);
#5572 = EDGE_LOOP('',(#5573,#5574,#5582,#5589));
#5573 = ORIENTED_EDGE('',*,*,#5557,.T.);
#5574 = ORIENTED_EDGE('',*,*,#5575,.T.);
#5575 = EDGE_CURVE('',#5558,#5576,#5578,.T.);
#5576 = VERTEX_POINT('',#5577);
#5577 = CARTESIAN_POINT('',(-1.999971565101,-9.345566753998E-02,
    162.91997034906));
#5578 = LINE('',#5579,#5580);
#5579 = CARTESIAN_POINT('',(-1.99997627749,-9.345566753996E-02,
    135.91997034906));
#5580 = VECTOR('',#5581,1.);
#5581 = DIRECTION('',(1.745329249194E-07,-5.551115123126E-16,1.));
#5582 = ORIENTED_EDGE('',*,*,#5583,.F.);
#5583 = EDGE_CURVE('',#5576,#5576,#5584,.T.);
#5584 = CIRCLE('',#5585,2.);
#5585 = AXIS2_PLACEMENT_3D('',#5586,#5587,#5588);
#5586 = CARTESIAN_POINT('',(2.843489889209E-05,-9.345566753998E-02,
    162.91996999999));
#5587 = DIRECTION('',(-1.745329249194E-07,4.996003610813E-16,-1.));
#5588 = DIRECTION('',(-1.,-4.266032440096E-16,1.745329249194E-07));
#5589 = ORIENTED_EDGE('',*,*,#5575,.F.);
#5590 = CYLINDRICAL_SURFACE('',#5591,2.);
#5591 = AXIS2_PLACEMENT_3D('',#5592,#5593,#5594);
#5592 = CARTESIAN_POINT('',(2.372250991926E-05,-9.345566753996E-02,
    135.91996999999));
#5593 = DIRECTION('',(1.745329249194E-07,-4.996003610813E-16,1.));
#5594 = DIRECTION('',(-1.,3.227972976124E-16,1.745329249194E-07));
#5595 = ADVANCED_FACE('',(#5596,#5607),#5610,.T.);
#5596 = FACE_BOUND('',#5597,.F.);
#5597 = EDGE_LOOP('',(#5598));
#5598 = ORIENTED_EDGE('',*,*,#5599,.T.);
#5599 = EDGE_CURVE('',#5600,#5600,#5602,.T.);
#5600 = VERTEX_POINT('',#5601);
#5601 = CARTESIAN_POINT('',(-3.499971565101,-9.345566753998E-02,
    162.91997061086));
#5602 = CIRCLE('',#5603,3.5);
#5603 = AXIS2_PLACEMENT_3D('',#5604,#5605,#5606);
#5604 = CARTESIAN_POINT('',(2.843489889209E-05,-9.345566753998E-02,
    162.91996999999));
#5605 = DIRECTION('',(-1.745329249194E-07,4.996003610813E-16,-1.));
#5606 = DIRECTION('',(-1.,-2.437733023472E-16,1.745329249194E-07));
#5607 = FACE_BOUND('',#5608,.F.);
#5608 = EDGE_LOOP('',(#5609));
#5609 = ORIENTED_EDGE('',*,*,#5583,.F.);
#5610 = PLANE('',#5611);
#5611 = AXIS2_PLACEMENT_3D('',#5612,#5613,#5614);
#5612 = CARTESIAN_POINT('',(2.843489889209E-05,-9.345566753998E-02,
    162.91996999999));
#5613 = DIRECTION('',(1.745329249194E-07,-4.996003610813E-16,1.));
#5614 = DIRECTION('',(1.,2.437733023472E-16,-1.745329249194E-07));
#5615 = ADVANCED_FACE('',(#5616),#5635,.T.);
#5616 = FACE_BOUND('',#5617,.F.);
#5617 = EDGE_LOOP('',(#5618,#5627,#5633,#5634));
#5618 = ORIENTED_EDGE('',*,*,#5619,.T.);
#5619 = EDGE_CURVE('',#5620,#5620,#5622,.T.);
#5620 = VERTEX_POINT('',#5621);
#5621 = CARTESIAN_POINT('',(-3.499972263233,-9.345566753998E-02,
    158.91997061086));
#5622 = CIRCLE('',#5623,3.5);
#5623 = AXIS2_PLACEMENT_3D('',#5624,#5625,#5626);
#5624 = CARTESIAN_POINT('',(2.773676719241E-05,-9.345566753997E-02,
    158.91996999999));
#5625 = DIRECTION('',(-1.745329249194E-07,4.996003610813E-16,-1.));
#5626 = DIRECTION('',(-1.,-1.803319866544E-16,1.745329249194E-07));
#5627 = ORIENTED_EDGE('',*,*,#5628,.T.);
#5628 = EDGE_CURVE('',#5620,#5600,#5629,.T.);
#5629 = LINE('',#5630,#5631);
#5630 = CARTESIAN_POINT('',(-3.499972263233,-9.345566753998E-02,
    158.91997061086));
#5631 = VECTOR('',#5632,1.);
#5632 = DIRECTION('',(1.745329249194E-07,-5.551115123126E-16,1.));
#5633 = ORIENTED_EDGE('',*,*,#5599,.F.);
#5634 = ORIENTED_EDGE('',*,*,#5628,.F.);
#5635 = CYLINDRICAL_SURFACE('',#5636,3.5);
#5636 = AXIS2_PLACEMENT_3D('',#5637,#5638,#5639);
#5637 = CARTESIAN_POINT('',(2.773676719241E-05,-9.345566753997E-02,
    158.91996999999));
#5638 = DIRECTION('',(1.745329249194E-07,-4.996003610813E-16,1.));
#5639 = DIRECTION('',(-1.,-1.803319866544E-16,1.745329249194E-07));
#5640 = ADVANCED_FACE('',(#5641,#5652),#5655,.T.);
#5641 = FACE_BOUND('',#5642,.F.);
#5642 = EDGE_LOOP('',(#5643));
#5643 = ORIENTED_EDGE('',*,*,#5644,.T.);
#5644 = EDGE_CURVE('',#5645,#5645,#5647,.T.);
#5645 = VERTEX_POINT('',#5646);
#5646 = CARTESIAN_POINT('',(-2.699972263233,-9.345566753998E-02,
    158.91997047123));
#5647 = CIRCLE('',#5648,2.7);
#5648 = AXIS2_PLACEMENT_3D('',#5649,#5650,#5651);
#5649 = CARTESIAN_POINT('',(2.773676719241E-05,-9.345566753997E-02,
    158.91996999999));
#5650 = DIRECTION('',(-1.745329249194E-07,4.996003610813E-16,-1.));
#5651 = DIRECTION('',(-1.,-2.337636725379E-16,1.745329249194E-07));
#5652 = FACE_BOUND('',#5653,.F.);
#5653 = EDGE_LOOP('',(#5654));
#5654 = ORIENTED_EDGE('',*,*,#5619,.F.);
#5655 = PLANE('',#5656);
#5656 = AXIS2_PLACEMENT_3D('',#5657,#5658,#5659);
#5657 = CARTESIAN_POINT('',(2.773676719241E-05,-9.345566753997E-02,
    158.91996999999));
#5658 = DIRECTION('',(-1.745329249194E-07,4.996003610813E-16,-1.));
#5659 = DIRECTION('',(-1.,-2.337636725379E-16,1.745329249194E-07));
#5660 = ADVANCED_FACE('',(#5661),#5680,.T.);
#5661 = FACE_BOUND('',#5662,.F.);
#5662 = EDGE_LOOP('',(#5663,#5672,#5678,#5679));
#5663 = ORIENTED_EDGE('',*,*,#5664,.T.);
#5664 = EDGE_CURVE('',#5665,#5665,#5667,.T.);
#5665 = VERTEX_POINT('',#5666);
#5666 = CARTESIAN_POINT('',(-2.699972612299,-9.345566753998E-02,
    156.91997047123));
#5667 = CIRCLE('',#5668,2.7);
#5668 = AXIS2_PLACEMENT_3D('',#5669,#5670,#5671);
#5669 = CARTESIAN_POINT('',(2.738770134257E-05,-9.345566753997E-02,
    156.91996999999));
#5670 = DIRECTION('',(-1.745329249194E-07,4.996003610813E-16,-1.));
#5671 = DIRECTION('',(-1.,-1.926443012555E-16,1.745329249194E-07));
#5672 = ORIENTED_EDGE('',*,*,#5673,.T.);
#5673 = EDGE_CURVE('',#5665,#5645,#5674,.T.);
#5674 = LINE('',#5675,#5676);
#5675 = CARTESIAN_POINT('',(-2.699972612299,-9.345566753997E-02,
    156.91997047123));
#5676 = VECTOR('',#5677,1.);
#5677 = DIRECTION('',(1.745329249194E-07,-5.551115123126E-16,1.));
#5678 = ORIENTED_EDGE('',*,*,#5644,.F.);
#5679 = ORIENTED_EDGE('',*,*,#5673,.F.);
#5680 = CYLINDRICAL_SURFACE('',#5681,2.7);
#5681 = AXIS2_PLACEMENT_3D('',#5682,#5683,#5684);
#5682 = CARTESIAN_POINT('',(2.738770134257E-05,-9.345566753997E-02,
    156.91996999999));
#5683 = DIRECTION('',(1.745329249194E-07,-4.996003610813E-16,1.));
#5684 = DIRECTION('',(-1.,-1.926443012555E-16,1.745329249194E-07));
#5685 = ADVANCED_FACE('',(#5686,#5697),#5700,.T.);
#5686 = FACE_BOUND('',#5687,.F.);
#5687 = EDGE_LOOP('',(#5688));
#5688 = ORIENTED_EDGE('',*,*,#5689,.T.);
#5689 = EDGE_CURVE('',#5690,#5690,#5692,.T.);
#5690 = VERTEX_POINT('',#5691);
#5691 = CARTESIAN_POINT('',(-3.499972612299,-9.345566753998E-02,
    156.91997061086));
#5692 = CIRCLE('',#5693,3.5);
#5693 = AXIS2_PLACEMENT_3D('',#5694,#5695,#5696);
#5694 = CARTESIAN_POINT('',(2.738770134257E-05,-9.345566753997E-02,
    156.91996999999));
#5695 = DIRECTION('',(-1.745329249194E-07,4.996003610813E-16,-1.));
#5696 = DIRECTION('',(-1.,-1.486113288079E-16,1.745329249194E-07));
#5697 = FACE_BOUND('',#5698,.F.);
#5698 = EDGE_LOOP('',(#5699));
#5699 = ORIENTED_EDGE('',*,*,#5664,.F.);
#5700 = PLANE('',#5701);
#5701 = AXIS2_PLACEMENT_3D('',#5702,#5703,#5704);
#5702 = CARTESIAN_POINT('',(2.738770134257E-05,-9.345566753997E-02,
    156.91996999999));
#5703 = DIRECTION('',(1.745329249194E-07,-4.996003610813E-16,1.));
#5704 = DIRECTION('',(1.,1.486113288079E-16,-1.745329249194E-07));
#5705 = ADVANCED_FACE('',(#5706),#5725,.T.);
#5706 = FACE_BOUND('',#5707,.F.);
#5707 = EDGE_LOOP('',(#5708,#5717,#5723,#5724));
#5708 = ORIENTED_EDGE('',*,*,#5709,.T.);
#5709 = EDGE_CURVE('',#5710,#5710,#5712,.T.);
#5710 = VERTEX_POINT('',#5711);
#5711 = CARTESIAN_POINT('',(-3.49997331043,-9.345566753998E-02,
    152.91997061086));
#5712 = CIRCLE('',#5713,3.5);
#5713 = AXIS2_PLACEMENT_3D('',#5714,#5715,#5716);
#5714 = CARTESIAN_POINT('',(2.668956964289E-05,-9.345566753997E-02,
    152.91996999999));
#5715 = DIRECTION('',(-1.745329249194E-07,4.996003610813E-16,-1.));
#5716 = DIRECTION('',(-1.,-8.517001311507E-17,1.745329249194E-07));
#5717 = ORIENTED_EDGE('',*,*,#5718,.T.);
#5718 = EDGE_CURVE('',#5710,#5690,#5719,.T.);
#5719 = LINE('',#5720,#5721);
#5720 = CARTESIAN_POINT('',(-3.49997331043,-9.345566753997E-02,
    152.91997061086));
#5721 = VECTOR('',#5722,1.);
#5722 = DIRECTION('',(1.745329249194E-07,-5.551115123126E-16,1.));
#5723 = ORIENTED_EDGE('',*,*,#5689,.F.);
#5724 = ORIENTED_EDGE('',*,*,#5718,.F.);
#5725 = CYLINDRICAL_SURFACE('',#5726,3.5);
#5726 = AXIS2_PLACEMENT_3D('',#5727,#5728,#5729);
#5727 = CARTESIAN_POINT('',(2.668956964289E-05,-9.345566753997E-02,
    152.91996999999));
#5728 = DIRECTION('',(1.745329249194E-07,-4.996003610813E-16,1.));
#5729 = DIRECTION('',(-1.,-8.517001311507E-17,1.745329249194E-07));
#5730 = ADVANCED_FACE('',(#5731,#5742),#5745,.T.);
#5731 = FACE_BOUND('',#5732,.F.);
#5732 = EDGE_LOOP('',(#5733));
#5733 = ORIENTED_EDGE('',*,*,#5734,.T.);
#5734 = EDGE_CURVE('',#5735,#5735,#5737,.T.);
#5735 = VERTEX_POINT('',#5736);
#5736 = CARTESIAN_POINT('',(-2.69997331043,-9.345566753998E-02,
    152.91997047123));
#5737 = CIRCLE('',#5738,2.7);
#5738 = AXIS2_PLACEMENT_3D('',#5739,#5740,#5741);
#5739 = CARTESIAN_POINT('',(2.668956964289E-05,-9.345566753997E-02,
    152.91996999999));
#5740 = DIRECTION('',(-1.745329249194E-07,4.996003610813E-16,-1.));
#5741 = DIRECTION('',(-1.,-1.104055586907E-16,1.745329249194E-07));
#5742 = FACE_BOUND('',#5743,.F.);
#5743 = EDGE_LOOP('',(#5744));
#5744 = ORIENTED_EDGE('',*,*,#5709,.F.);
#5745 = PLANE('',#5746);
#5746 = AXIS2_PLACEMENT_3D('',#5747,#5748,#5749);
#5747 = CARTESIAN_POINT('',(2.668956964289E-05,-9.345566753997E-02,
    152.91996999999));
#5748 = DIRECTION('',(-1.745329249194E-07,4.996003610813E-16,-1.));
#5749 = DIRECTION('',(-1.,-1.104055586907E-16,1.745329249194E-07));
#5750 = ADVANCED_FACE('',(#5751),#5770,.T.);
#5751 = FACE_BOUND('',#5752,.F.);
#5752 = EDGE_LOOP('',(#5753,#5762,#5768,#5769));
#5753 = ORIENTED_EDGE('',*,*,#5754,.T.);
#5754 = EDGE_CURVE('',#5755,#5755,#5757,.T.);
#5755 = VERTEX_POINT('',#5756);
#5756 = CARTESIAN_POINT('',(-2.699973659496,-9.345566753998E-02,
    150.91997047123));
#5757 = CIRCLE('',#5758,2.7);
#5758 = AXIS2_PLACEMENT_3D('',#5759,#5760,#5761);
#5759 = CARTESIAN_POINT('',(2.634050379305E-05,-9.345566753997E-02,
    150.91996999999));
#5760 = DIRECTION('',(-1.745329249194E-07,4.996003610813E-16,-1.));
#5761 = DIRECTION('',(-1.,-6.928618740827E-17,1.745329249194E-07));
#5762 = ORIENTED_EDGE('',*,*,#5763,.T.);
#5763 = EDGE_CURVE('',#5755,#5735,#5764,.T.);
#5764 = LINE('',#5765,#5766);
#5765 = CARTESIAN_POINT('',(-2.699973659496,-9.345566753997E-02,
    150.91997047123));
#5766 = VECTOR('',#5767,1.);
#5767 = DIRECTION('',(1.745329249194E-07,-5.551115123126E-16,1.));
#5768 = ORIENTED_EDGE('',*,*,#5734,.F.);
#5769 = ORIENTED_EDGE('',*,*,#5763,.F.);
#5770 = CYLINDRICAL_SURFACE('',#5771,2.7);
#5771 = AXIS2_PLACEMENT_3D('',#5772,#5773,#5774);
#5772 = CARTESIAN_POINT('',(2.634050379305E-05,-9.345566753997E-02,
    150.91996999999));
#5773 = DIRECTION('',(1.745329249194E-07,-4.996003610813E-16,1.));
#5774 = DIRECTION('',(-1.,-6.928618740827E-17,1.745329249194E-07));
#5775 = ADVANCED_FACE('',(#5776),#5795,.T.);
#5776 = FACE_BOUND('',#5777,.F.);
#5777 = EDGE_LOOP('',(#5778,#5787,#5793,#5794));
#5778 = ORIENTED_EDGE('',*,*,#5779,.T.);
#5779 = EDGE_CURVE('',#5780,#5780,#5782,.T.);
#5780 = VERTEX_POINT('',#5781);
#5781 = CARTESIAN_POINT('',(-3.499973697893,-9.345566753998E-02,
    150.69997061086));
#5782 = CIRCLE('',#5783,3.5);
#5783 = AXIS2_PLACEMENT_3D('',#5784,#5785,#5786);
#5784 = CARTESIAN_POINT('',(2.630210654957E-05,-9.345566753997E-02,
    150.69996999999));
#5785 = DIRECTION('',(-1.745329249194E-07,4.996003610813E-16,-1.));
#5786 = DIRECTION('',(-1.,-4.996008290553E-17,1.745329249194E-07));
#5787 = ORIENTED_EDGE('',*,*,#5788,.T.);
#5788 = EDGE_CURVE('',#5780,#5755,#5789,.T.);
#5789 = LINE('',#5790,#5791);
#5790 = CARTESIAN_POINT('',(-3.499973697893,-9.345566753997E-02,
    150.69997061086));
#5791 = VECTOR('',#5792,1.);
#5792 = DIRECTION('',(0.964205439082,-1.471913966893E-16,0.265156314735)
  );
#5793 = ORIENTED_EDGE('',*,*,#5754,.F.);
#5794 = ORIENTED_EDGE('',*,*,#5788,.F.);
#5795 = CONICAL_SURFACE('',#5796,3.5,1.302430115889);
#5796 = AXIS2_PLACEMENT_3D('',#5797,#5798,#5799);
#5797 = CARTESIAN_POINT('',(2.630210654957E-05,-9.345566753997E-02,
    150.69996999999));
#5798 = DIRECTION('',(-1.745329249194E-07,4.996003610813E-16,-1.));
#5799 = DIRECTION('',(-1.,-4.996008290553E-17,1.745329249194E-07));
#5800 = ADVANCED_FACE('',(#5801),#5820,.T.);
#5801 = FACE_BOUND('',#5802,.F.);
#5802 = EDGE_LOOP('',(#5803,#5812,#5818,#5819));
#5803 = ORIENTED_EDGE('',*,*,#5804,.T.);
#5804 = EDGE_CURVE('',#5805,#5805,#5807,.T.);
#5805 = VERTEX_POINT('',#5806);
#5806 = CARTESIAN_POINT('',(-3.499974396025,-9.345566753998E-02,
    146.69997061086));
#5807 = CIRCLE('',#5808,3.5);
#5808 = AXIS2_PLACEMENT_3D('',#5809,#5810,#5811);
#5809 = CARTESIAN_POINT('',(2.560397484989E-05,-9.345566753997E-02,
    146.69996999999));
#5810 = DIRECTION('',(-1.745329249194E-07,4.996003610813E-16,-1.));
#5811 = DIRECTION('',(-1.,1.348123278733E-17,1.745329249194E-07));
#5812 = ORIENTED_EDGE('',*,*,#5813,.T.);
#5813 = EDGE_CURVE('',#5805,#5780,#5814,.T.);
#5814 = LINE('',#5815,#5816);
#5815 = CARTESIAN_POINT('',(-3.499974396025,-9.345566753997E-02,
    146.69997061086));
#5816 = VECTOR('',#5817,1.);
#5817 = DIRECTION('',(1.745329249194E-07,-5.551115123126E-16,1.));
#5818 = ORIENTED_EDGE('',*,*,#5779,.F.);
#5819 = ORIENTED_EDGE('',*,*,#5813,.F.);
#5820 = CYLINDRICAL_SURFACE('',#5821,3.5);
#5821 = AXIS2_PLACEMENT_3D('',#5822,#5823,#5824);
#5822 = CARTESIAN_POINT('',(2.560397484989E-05,-9.345566753997E-02,
    146.69996999999));
#5823 = DIRECTION('',(1.745329249194E-07,-4.996003610813E-16,1.));
#5824 = DIRECTION('',(-1.,1.348123278733E-17,1.745329249194E-07));
#5825 = ADVANCED_FACE('',(#5826,#5837),#5840,.T.);
#5826 = FACE_BOUND('',#5827,.F.);
#5827 = EDGE_LOOP('',(#5828));
#5828 = ORIENTED_EDGE('',*,*,#5829,.T.);
#5829 = EDGE_CURVE('',#5830,#5830,#5832,.T.);
#5830 = VERTEX_POINT('',#5831);
#5831 = CARTESIAN_POINT('',(-2.699974396025,-9.345566753998E-02,
    146.69997047123));
#5832 = CIRCLE('',#5833,2.7);
#5833 = AXIS2_PLACEMENT_3D('',#5834,#5835,#5836);
#5834 = CARTESIAN_POINT('',(2.560397484989E-05,-9.345566753997E-02,
    146.69996999999));
#5835 = DIRECTION('',(-1.745329249194E-07,4.996003610813E-16,-1.));
#5836 = DIRECTION('',(-1.,1.747568599762E-17,1.745329249194E-07));
#5837 = FACE_BOUND('',#5838,.F.);
#5838 = EDGE_LOOP('',(#5839));
#5839 = ORIENTED_EDGE('',*,*,#5804,.F.);
#5840 = PLANE('',#5841);
#5841 = AXIS2_PLACEMENT_3D('',#5842,#5843,#5844);
#5842 = CARTESIAN_POINT('',(2.560397484989E-05,-9.345566753997E-02,
    146.69996999999));
#5843 = DIRECTION('',(-1.745329249194E-07,4.996003610813E-16,-1.));
#5844 = DIRECTION('',(-1.,1.747568599762E-17,1.745329249194E-07));
#5845 = ADVANCED_FACE('',(#5846),#5865,.T.);
#5846 = FACE_BOUND('',#5847,.F.);
#5847 = EDGE_LOOP('',(#5848,#5857,#5863,#5864));
#5848 = ORIENTED_EDGE('',*,*,#5849,.T.);
#5849 = EDGE_CURVE('',#5850,#5850,#5852,.T.);
#5850 = VERTEX_POINT('',#5851);
#5851 = CARTESIAN_POINT('',(-2.699974745091,-9.345566753998E-02,
    144.69997047123));
#5852 = CIRCLE('',#5853,2.7);
#5853 = AXIS2_PLACEMENT_3D('',#5854,#5855,#5856);
#5854 = CARTESIAN_POINT('',(2.525490900006E-05,-9.345566753997E-02,
    144.69996999999));
#5855 = DIRECTION('',(-1.745329249194E-07,4.996003610813E-16,-1.));
#5856 = DIRECTION('',(-1.,5.859505728004E-17,1.745329249194E-07));
#5857 = ORIENTED_EDGE('',*,*,#5858,.T.);
#5858 = EDGE_CURVE('',#5850,#5830,#5859,.T.);
#5859 = LINE('',#5860,#5861);
#5860 = CARTESIAN_POINT('',(-2.699974745091,-9.345566753997E-02,
    144.69997047123));
#5861 = VECTOR('',#5862,1.);
#5862 = DIRECTION('',(1.745329249194E-07,-5.551115123126E-16,1.));
#5863 = ORIENTED_EDGE('',*,*,#5829,.F.);
#5864 = ORIENTED_EDGE('',*,*,#5858,.F.);
#5865 = CYLINDRICAL_SURFACE('',#5866,2.7);
#5866 = AXIS2_PLACEMENT_3D('',#5867,#5868,#5869);
#5867 = CARTESIAN_POINT('',(2.525490900006E-05,-9.345566753997E-02,
    144.69996999999));
#5868 = DIRECTION('',(1.745329249194E-07,-4.996003610813E-16,1.));
#5869 = DIRECTION('',(-1.,5.859505728004E-17,1.745329249194E-07));
#5870 = ADVANCED_FACE('',(#5871,#5882),#5885,.T.);
#5871 = FACE_BOUND('',#5872,.F.);
#5872 = EDGE_LOOP('',(#5873));
#5873 = ORIENTED_EDGE('',*,*,#5874,.T.);
#5874 = EDGE_CURVE('',#5875,#5875,#5877,.T.);
#5875 = VERTEX_POINT('',#5876);
#5876 = CARTESIAN_POINT('',(-3.499974745091,-9.345566753998E-02,
    144.69997061086));
#5877 = CIRCLE('',#5878,3.5);
#5878 = AXIS2_PLACEMENT_3D('',#5879,#5880,#5881);
#5879 = CARTESIAN_POINT('',(2.525490900006E-05,-9.345566753997E-02,
    144.69996999999));
#5880 = DIRECTION('',(-1.745329249194E-07,4.996003610813E-16,-1.));
#5881 = DIRECTION('',(-1.,4.520189063377E-17,1.745329249194E-07));
#5882 = FACE_BOUND('',#5883,.F.);
#5883 = EDGE_LOOP('',(#5884));
#5884 = ORIENTED_EDGE('',*,*,#5849,.F.);
#5885 = PLANE('',#5886);
#5886 = AXIS2_PLACEMENT_3D('',#5887,#5888,#5889);
#5887 = CARTESIAN_POINT('',(2.525490900006E-05,-9.345566753997E-02,
    144.69996999999));
#5888 = DIRECTION('',(1.745329249194E-07,-4.996003610813E-16,1.));
#5889 = DIRECTION('',(1.,-4.520189063377E-17,-1.745329249194E-07));
#5890 = ADVANCED_FACE('',(#5891),#5910,.T.);
#5891 = FACE_BOUND('',#5892,.F.);
#5892 = EDGE_LOOP('',(#5893,#5902,#5908,#5909));
#5893 = ORIENTED_EDGE('',*,*,#5894,.T.);
#5894 = EDGE_CURVE('',#5895,#5895,#5897,.T.);
#5895 = VERTEX_POINT('',#5896);
#5896 = CARTESIAN_POINT('',(-3.499974919624,-9.345566753998E-02,
    143.69997061086));
#5897 = CIRCLE('',#5898,3.5);
#5898 = AXIS2_PLACEMENT_3D('',#5899,#5900,#5901);
#5899 = CARTESIAN_POINT('',(2.508037607514E-05,-9.345566753997E-02,
    143.69996999999));
#5900 = DIRECTION('',(-1.745329249194E-07,4.996003610813E-16,-1.));
#5901 = DIRECTION('',(-1.,6.106221955698E-17,1.745329249194E-07));
#5902 = ORIENTED_EDGE('',*,*,#5903,.T.);
#5903 = EDGE_CURVE('',#5895,#5875,#5904,.T.);
#5904 = LINE('',#5905,#5906);
#5905 = CARTESIAN_POINT('',(-3.499974919624,-9.345566753997E-02,
    143.69997061086));
#5906 = VECTOR('',#5907,1.);
#5907 = DIRECTION('',(1.745329249194E-07,-5.551115123126E-16,1.));
#5908 = ORIENTED_EDGE('',*,*,#5874,.F.);
#5909 = ORIENTED_EDGE('',*,*,#5903,.F.);
#5910 = CYLINDRICAL_SURFACE('',#5911,3.5);
#5911 = AXIS2_PLACEMENT_3D('',#5912,#5913,#5914);
#5912 = CARTESIAN_POINT('',(2.508037607514E-05,-9.345566753997E-02,
    143.69996999999));
#5913 = DIRECTION('',(1.745329249194E-07,-4.996003610813E-16,1.));
#5914 = DIRECTION('',(-1.,6.106221955698E-17,1.745329249194E-07));
#5915 = ADVANCED_FACE('',(#5916),#5936,.F.);
#5916 = FACE_BOUND('',#5917,.T.);
#5917 = EDGE_LOOP('',(#5918,#5919,#5928,#5935));
#5918 = ORIENTED_EDGE('',*,*,#5894,.T.);
#5919 = ORIENTED_EDGE('',*,*,#5920,.T.);
#5920 = EDGE_CURVE('',#5895,#5921,#5923,.T.);
#5921 = VERTEX_POINT('',#5922);
#5922 = CARTESIAN_POINT('',(-4.349975094157,-9.345566753996E-02,
    142.69997075921));
#5923 = CIRCLE('',#5924,1.17);
#5924 = AXIS2_PLACEMENT_3D('',#5925,#5926,#5927);
#5925 = CARTESIAN_POINT('',(-4.663024340954,-9.345566753997E-02,
    143.82731284087));
#5926 = DIRECTION('',(7.655761367787E-23,1.,5.551115123126E-16));
#5927 = DIRECTION('',(1.,2.032762222248E-23,-1.745329249194E-07));
#5928 = ORIENTED_EDGE('',*,*,#5929,.F.);
#5929 = EDGE_CURVE('',#5921,#5921,#5930,.T.);
#5930 = CIRCLE('',#5931,4.35);
#5931 = AXIS2_PLACEMENT_3D('',#5932,#5933,#5934);
#5932 = CARTESIAN_POINT('',(2.490584315022E-05,-9.345566753997E-02,
    142.69996999999));
#5933 = DIRECTION('',(-1.745329249194E-07,4.996003610813E-16,-1.));
#5934 = DIRECTION('',(-1.,6.18916965294E-17,1.745329249194E-07));
#5935 = ORIENTED_EDGE('',*,*,#5920,.F.);
#5936 = TOROIDAL_SURFACE('',#5937,4.663049443555,1.17);
#5937 = AXIS2_PLACEMENT_3D('',#5938,#5939,#5940);
#5938 = CARTESIAN_POINT('',(2.510260145158E-05,-9.345566753997E-02,
    143.82731202701));
#5939 = DIRECTION('',(1.745329249194E-07,-4.996003610813E-16,1.));
#5940 = DIRECTION('',(-1.,4.431623854798E-17,1.745329249194E-07));
#5941 = ADVANCED_FACE('',(#5942,#5953),#5956,.T.);
#5942 = FACE_BOUND('',#5943,.F.);
#5943 = EDGE_LOOP('',(#5944));
#5944 = ORIENTED_EDGE('',*,*,#5945,.T.);
#5945 = EDGE_CURVE('',#5946,#5946,#5948,.T.);
#5946 = VERTEX_POINT('',#5947);
#5947 = CARTESIAN_POINT('',(-5.199975094157,-9.345566753996E-02,
    142.69997090756));
#5948 = CIRCLE('',#5949,5.2);
#5949 = AXIS2_PLACEMENT_3D('',#5950,#5951,#5952);
#5950 = CARTESIAN_POINT('',(2.490584315022E-05,-9.345566753997E-02,
    142.69996999999));
#5951 = DIRECTION('',(-1.745329249194E-07,4.996003610813E-16,-1.));
#5952 = DIRECTION('',(-1.,5.177477694714E-17,1.745329249194E-07));
#5953 = FACE_BOUND('',#5954,.F.);
#5954 = EDGE_LOOP('',(#5955));
#5955 = ORIENTED_EDGE('',*,*,#5929,.F.);
#5956 = PLANE('',#5957);
#5957 = AXIS2_PLACEMENT_3D('',#5958,#5959,#5960);
#5958 = CARTESIAN_POINT('',(2.490584315022E-05,-9.345566753997E-02,
    142.69996999999));
#5959 = DIRECTION('',(1.745329249194E-07,-4.996003610813E-16,1.));
#5960 = DIRECTION('',(1.,-5.177477694714E-17,-1.745329249194E-07));
#5961 = ADVANCED_FACE('',(#5962),#5973,.T.);
#5962 = FACE_BOUND('',#5963,.F.);
#5963 = EDGE_LOOP('',(#5964,#5965,#5971,#5972));
#5964 = ORIENTED_EDGE('',*,*,#5456,.T.);
#5965 = ORIENTED_EDGE('',*,*,#5966,.T.);
#5966 = EDGE_CURVE('',#5457,#5946,#5967,.T.);
#5967 = LINE('',#5968,#5969);
#5968 = CARTESIAN_POINT('',(-5.199975530489,-9.345566753996E-02,
    140.19997090756));
#5969 = VECTOR('',#5970,1.);
#5970 = DIRECTION('',(1.745329249194E-07,-5.551115123126E-16,1.));
#5971 = ORIENTED_EDGE('',*,*,#5945,.F.);
#5972 = ORIENTED_EDGE('',*,*,#5966,.F.);
#5973 = CYLINDRICAL_SURFACE('',#5974,5.2);
#5974 = AXIS2_PLACEMENT_3D('',#5975,#5976,#5977);
#5975 = CARTESIAN_POINT('',(2.446951083792E-05,-9.345566753997E-02,
    140.19996999999));
#5976 = DIRECTION('',(1.745329249194E-07,-4.996003610813E-16,1.));
#5977 = DIRECTION('',(-1.,7.84628304237E-17,1.745329249194E-07));
#5978 = ( GEOMETRIC_REPRESENTATION_CONTEXT(3) 
GLOBAL_UNCERTAINTY_ASSIGNED_CONTEXT((#5982)) 
GLOBAL_UNIT_ASSIGNED_CONTEXT((#5979,#5980,#5981)) REPRESENTATION_CONTEXT
('Context #1','3D Context with UNIT and UNCERTAINTY') );
#5979 = ( LENGTH_UNIT() NAMED_UNIT(*) SI_UNIT(.MILLI.,.METRE.) );
#5980 = ( NAMED_UNIT(*) PLANE_ANGLE_UNIT() SI_UNIT($,.RADIAN.) );
#5981 = ( NAMED_UNIT(*) SI_UNIT($,.STERADIAN.) SOLID_ANGLE_UNIT() );
#5982 = UNCERTAINTY_MEASURE_WITH_UNIT(LENGTH_MEASURE(1.E-07),#5979,
  'distance_accuracy_value','confusion accuracy');
#5983 = CONTEXT_DEPENDENT_SHAPE_REPRESENTATION(#5984,#5986);
#5984 = ( REPRESENTATION_RELATIONSHIP('','',#5449,#10) 
REPRESENTATION_RELATIONSHIP_WITH_TRANSFORMATION(#5985) 
SHAPE_REPRESENTATION_RELATIONSHIP() );
#5985 = ITEM_DEFINED_TRANSFORMATION('','',#11,#47);
#5986 = PRODUCT_DEFINITION_SHAPE('Placement','Placement of an item',
  #5987);
#5987 = NEXT_ASSEMBLY_USAGE_OCCURRENCE('9','CableProtector','',#5,#5444,
  $);
#5988 = PRODUCT_RELATED_PRODUCT_CATEGORY('part',$,(#5446));
#5989 = MECHANICAL_DESIGN_GEOMETRIC_PRESENTATION_REPRESENTATION('',(
    #5990),#5431);
#5990 = STYLED_ITEM('color',(#5991),#5235);
#5991 = PRESENTATION_STYLE_ASSIGNMENT((#5992,#5998));
#5992 = SURFACE_STYLE_USAGE(.BOTH.,#5993);
#5993 = SURFACE_SIDE_STYLE('',(#5994));
#5994 = SURFACE_STYLE_FILL_AREA(#5995);
#5995 = FILL_AREA_STYLE('',(#5996));
#5996 = FILL_AREA_STYLE_COLOUR('',#5997);
#5997 = COLOUR_RGB('',0.184313727102,0.168627456984,0.223529416636);
#5998 = CURVE_STYLE('',#5999,POSITIVE_LENGTH_MEASURE(0.1),#6000);
#5999 = DRAUGHTING_PRE_DEFINED_CURVE_FONT('continuous');
#6000 = COLOUR_RGB('',9.803921802644E-02,9.803921802644E-02,
  9.803921802644E-02);
#6001 = MECHANICAL_DESIGN_GEOMETRIC_PRESENTATION_REPRESENTATION('',(
    #6002),#1445);
#6002 = STYLED_ITEM('color',(#6003),#1249);
#6003 = PRESENTATION_STYLE_ASSIGNMENT((#6004,#6009));
#6004 = SURFACE_STYLE_USAGE(.BOTH.,#6005);
#6005 = SURFACE_SIDE_STYLE('',(#6006));
#6006 = SURFACE_STYLE_FILL_AREA(#6007);
#6007 = FILL_AREA_STYLE('',(#6008));
#6008 = FILL_AREA_STYLE_COLOUR('',#5997);
#6009 = CURVE_STYLE('',#6010,POSITIVE_LENGTH_MEASURE(0.1),#6000);
#6010 = DRAUGHTING_PRE_DEFINED_CURVE_FONT('continuous');
#6011 = MECHANICAL_DESIGN_GEOMETRIC_PRESENTATION_REPRESENTATION('',(
    #6012),#3723);
#6012 = STYLED_ITEM('color',(#6013),#3631);
#6013 = PRESENTATION_STYLE_ASSIGNMENT((#6014,#6022));
#6014 = SURFACE_STYLE_USAGE(.BOTH.,#6015);
#6015 = SURFACE_SIDE_STYLE('',(#6016,#6020));
#6016 = SURFACE_STYLE_FILL_AREA(#6017);
#6017 = FILL_AREA_STYLE('',(#6018));
#6018 = FILL_AREA_STYLE_COLOUR('',#6019);
#6019 = COLOUR_RGB('',0.800000010877,0.800000010877,0.901960800373);
#6020 = SURFACE_STYLE_RENDERING_WITH_PROPERTIES(.NORMAL_SHADING.,#6019,(
    #6021));
#6021 = SURFACE_STYLE_TRANSPARENT(0.509999990463);
#6022 = CURVE_STYLE('',#6023,POSITIVE_LENGTH_MEASURE(0.1),#6000);
#6023 = DRAUGHTING_PRE_DEFINED_CURVE_FONT('continuous');
#6024 = MECHANICAL_DESIGN_GEOMETRIC_PRESENTATION_REPRESENTATION('',(
    #6025),#5978);
#6025 = STYLED_ITEM('color',(#6026),#5450);
#6026 = PRESENTATION_STYLE_ASSIGNMENT((#6027,#6033));
#6027 = SURFACE_STYLE_USAGE(.BOTH.,#6028);
#6028 = SURFACE_SIDE_STYLE('',(#6029));
#6029 = SURFACE_STYLE_FILL_AREA(#6030);
#6030 = FILL_AREA_STYLE('',(#6031));
#6031 = FILL_AREA_STYLE_COLOUR('',#6032);
#6032 = COLOUR_RGB('',0.182799994508,0.170000001676,0.225299995728);
#6033 = CURVE_STYLE('',#6034,POSITIVE_LENGTH_MEASURE(0.1),#6000);
#6034 = DRAUGHTING_PRE_DEFINED_CURVE_FONT('continuous');
#6035 = MECHANICAL_DESIGN_GEOMETRIC_PRESENTATION_REPRESENTATION('',(
    #6036),#3612);
#6036 = STYLED_ITEM('color',(#6037),#1464);
#6037 = PRESENTATION_STYLE_ASSIGNMENT((#6038,#6044));
#6038 = SURFACE_STYLE_USAGE(.BOTH.,#6039);
#6039 = SURFACE_SIDE_STYLE('',(#6040));
#6040 = SURFACE_STYLE_FILL_AREA(#6041);
#6041 = FILL_AREA_STYLE('',(#6042));
#6042 = FILL_AREA_STYLE_COLOUR('',#6043);
#6043 = COLOUR_RGB('',0.800000010877,0.800000010877,0.800000010877);
#6044 = CURVE_STYLE('',#6045,POSITIVE_LENGTH_MEASURE(0.1),#6000);
#6045 = DRAUGHTING_PRE_DEFINED_CURVE_FONT('continuous');
#6046 = MECHANICAL_DESIGN_GEOMETRIC_PRESENTATION_REPRESENTATION('',(
    #6047),#5027);
#6047 = STYLED_ITEM('color',(#6048),#3742);
#6048 = PRESENTATION_STYLE_ASSIGNMENT((#6049,#6054));
#6049 = SURFACE_STYLE_USAGE(.BOTH.,#6050);
#6050 = SURFACE_SIDE_STYLE('',(#6051));
#6051 = SURFACE_STYLE_FILL_AREA(#6052);
#6052 = FILL_AREA_STYLE('',(#6053));
#6053 = FILL_AREA_STYLE_COLOUR('',#6043);
#6054 = CURVE_STYLE('',#6055,POSITIVE_LENGTH_MEASURE(0.1),#6000);
#6055 = DRAUGHTING_PRE_DEFINED_CURVE_FONT('continuous');
#6056 = MECHANICAL_DESIGN_GEOMETRIC_PRESENTATION_REPRESENTATION('',(
    #6057),#1230);
#6057 = STYLED_ITEM('color',(#6058),#1021);
#6058 = PRESENTATION_STYLE_ASSIGNMENT((#6059,#6065));
#6059 = SURFACE_STYLE_USAGE(.BOTH.,#6060);
#6060 = SURFACE_SIDE_STYLE('',(#6061));
#6061 = SURFACE_STYLE_FILL_AREA(#6062);
#6062 = FILL_AREA_STYLE('',(#6063));
#6063 = FILL_AREA_STYLE_COLOUR('',#6064);
#6064 = COLOUR_RGB('',0.301960791261,0.301960791261,0.301960791261);
#6065 = CURVE_STYLE('',#6066,POSITIVE_LENGTH_MEASURE(0.1),#6000);
#6066 = DRAUGHTING_PRE_DEFINED_CURVE_FONT('continuous');
#6067 = MECHANICAL_DESIGN_GEOMETRIC_PRESENTATION_REPRESENTATION('',(
    #6068),#1002);
#6068 = STYLED_ITEM('color',(#6069),#65);
#6069 = PRESENTATION_STYLE_ASSIGNMENT((#6070,#6075));
#6070 = SURFACE_STYLE_USAGE(.BOTH.,#6071);
#6071 = SURFACE_SIDE_STYLE('',(#6072));
#6072 = SURFACE_STYLE_FILL_AREA(#6073);
#6073 = FILL_AREA_STYLE('',(#6074));
#6074 = FILL_AREA_STYLE_COLOUR('',#6043);
#6075 = CURVE_STYLE('',#6076,POSITIVE_LENGTH_MEASURE(0.1),#6000);
#6076 = DRAUGHTING_PRE_DEFINED_CURVE_FONT('continuous');
#6077 = MECHANICAL_DESIGN_GEOMETRIC_PRESENTATION_REPRESENTATION('',(
    #6078),#5216);
#6078 = STYLED_ITEM('color',(#6079),#5046);
#6079 = PRESENTATION_STYLE_ASSIGNMENT((#6080,#6085));
#6080 = SURFACE_STYLE_USAGE(.BOTH.,#6081);
#6081 = SURFACE_SIDE_STYLE('',(#6082));
#6082 = SURFACE_STYLE_FILL_AREA(#6083);
#6083 = FILL_AREA_STYLE('',(#6084));
#6084 = FILL_AREA_STYLE_COLOUR('',#6064);
#6085 = CURVE_STYLE('',#6086,POSITIVE_LENGTH_MEASURE(0.1),#6000);
#6086 = DRAUGHTING_PRE_DEFINED_CURVE_FONT('continuous');
ENDSEC;
END-ISO-10303-21;
